Subject ID,Site ID,Missing_Visits,Missing_Pages,Overdue_Visits_Count,SAE_Pending_Count,Study,Context,Smart_DQI,Basic_DQI,Difference,Smart_Risk,Basic_Risk,RF_Predicted_Risk,GB_Predicted_Risk
Subject 107,Site 28,0.0,0.0,0.0,0.0,Study 10 CPID Input Files - Anonymization,oncology_phase3,96.5,95.5,1.0,Low,Low,Low,Low
Subject 108,Site 28,0.0,0.0,0.0,0.0,Study 10 CPID Input Files - Anonymization,oncology_phase3,96.5,95.5,1.0,Low,Low,Low,Low
Subject 2233,Site 28,0.0,0.0,0.0,0.0,Study 10 CPID Input Files - Anonymization,oncology_phase3,96.5,95.5,1.0,Low,Low,Low,Low
Subject 2234,Site 28,0.0,0.0,0.0,0.0,Study 10 CPID Input Files - Anonymization,oncology_phase3,96.5,95.5,1.0,Low,Low,Low,Low
Subject 109,Site 29,0.0,0.0,2.0,0.0,Study 10 CPID Input Files - Anonymization,oncology_phase3,92.7,90.5,2.2,Low,Low,Low,Low
Subject 3484,Site 451,0.0,0.0,0.0,0.0,Study 10 CPID Input Files - Anonymization,oncology_phase3,96.5,95.5,1.0,Low,Low,Low,Low
Subject 3485,Site 451,0.0,0.0,0.0,0.0,Study 10 CPID Input Files - Anonymization,oncology_phase3,96.5,95.5,1.0,Low,Low,Low,Low
Subject 3486,Site 451,0.0,0.0,0.0,0.0,Study 10 CPID Input Files - Anonymization,oncology_phase3,96.5,95.5,1.0,Low,Low,Low,Low
Subject 2860,Site 357,0.0,0.0,0.0,0.0,Study 10 CPID Input Files - Anonymization,oncology_phase3,96.5,95.5,1.0,Low,Low,Low,Low
Subject 121,Site 32,0.0,0.0,0.0,0.0,Study 10 CPID Input Files - Anonymization,oncology_phase3,96.5,95.5,1.0,Low,Low,Low,Low
Subject 122,Site 33,0.0,0.0,0.0,0.0,Study 10 CPID Input Files - Anonymization,oncology_phase3,96.5,95.5,1.0,Low,Low,Low,Low
Subject 123,Site 33,0.0,0.0,0.0,0.0,Study 10 CPID Input Files - Anonymization,oncology_phase3,96.5,95.5,1.0,Low,Low,Low,Low
Subject 137,Site 36,0.0,0.0,0.0,0.0,Study 10 CPID Input Files - Anonymization,oncology_phase3,96.5,95.5,1.0,Low,Low,Low,Low
Subject 138,Site 36,0.0,0.0,0.0,0.0,Study 10 CPID Input Files - Anonymization,oncology_phase3,96.5,95.5,1.0,Low,Low,Low,Low
Subject 139,Site 36,0.0,0.0,0.0,0.0,Study 10 CPID Input Files - Anonymization,oncology_phase3,96.5,95.5,1.0,Low,Low,Low,Low
Subject 3487,Site 452,0.0,0.0,0.0,0.0,Study 10 CPID Input Files - Anonymization,oncology_phase3,96.5,95.5,1.0,Low,Low,Low,Low
Subject 3488,Site 453,0.0,0.0,0.0,0.0,Study 10 CPID Input Files - Anonymization,oncology_phase3,96.5,95.5,1.0,Low,Low,Low,Low
Subject 3489,Site 453,0.0,0.0,0.0,0.0,Study 10 CPID Input Files - Anonymization,oncology_phase3,96.5,95.5,1.0,Low,Low,Low,Low
Subject 3490,Site 453,0.0,0.0,0.0,0.0,Study 10 CPID Input Files - Anonymization,oncology_phase3,96.5,95.5,1.0,Low,Low,Low,Low
Subject 3491,Site 453,0.0,0.0,0.0,0.0,Study 10 CPID Input Files - Anonymization,oncology_phase3,96.5,95.5,1.0,Low,Low,Low,Low
Subject 3492,Site 453,0.0,0.0,0.0,0.0,Study 10 CPID Input Files - Anonymization,oncology_phase3,96.5,95.5,1.0,Low,Low,Low,Low
Subject 3493,Site 453,0.0,0.0,0.0,0.0,Study 10 CPID Input Files - Anonymization,oncology_phase3,96.5,95.5,1.0,Low,Low,Low,Low
Subject 142,Site 38,0.0,0.0,0.0,0.0,Study 10 CPID Input Files - Anonymization,oncology_phase3,96.5,95.5,1.0,Low,Low,Low,Low
Subject 143,Site 38,0.0,0.0,0.0,0.0,Study 10 CPID Input Files - Anonymization,oncology_phase3,96.5,95.5,1.0,Low,Low,Low,Low
Subject 144,Site 38,0.0,0.0,0.0,0.0,Study 10 CPID Input Files - Anonymization,oncology_phase3,96.5,95.5,1.0,Low,Low,Low,Low
Subject 145,Site 38,0.0,0.0,0.0,0.0,Study 10 CPID Input Files - Anonymization,oncology_phase3,96.5,95.5,1.0,Low,Low,Low,Low
Subject 146,Site 38,0.0,0.0,0.0,0.0,Study 10 CPID Input Files - Anonymization,oncology_phase3,96.5,95.5,1.0,Low,Low,Low,Low
Subject 147,Site 38,0.0,0.0,0.0,0.0,Study 10 CPID Input Files - Anonymization,oncology_phase3,96.5,95.5,1.0,Low,Low,Low,Low
Subject 157,Site 40,0.0,0.0,2.0,0.0,Study 10 CPID Input Files - Anonymization,oncology_phase3,92.7,90.5,2.2,Low,Low,Low,Low
Subject 158,Site 40,0.0,0.0,0.0,0.0,Study 10 CPID Input Files - Anonymization,oncology_phase3,96.5,95.5,1.0,Low,Low,Low,Low
Subject 159,Site 40,0.0,0.0,1.0,0.0,Study 10 CPID Input Files - Anonymization,oncology_phase3,94.6,93.0,1.6,Low,Low,Low,Low
Subject 3494,Site 454,0.0,0.0,0.0,0.0,Study 10 CPID Input Files - Anonymization,oncology_phase3,96.5,95.5,1.0,Low,Low,Low,Low
Subject 3495,Site 454,0.0,0.0,0.0,0.0,Study 10 CPID Input Files - Anonymization,oncology_phase3,96.5,95.5,1.0,Low,Low,Low,Low
Subject 3496,Site 455,0.0,0.0,0.0,0.0,Study 10 CPID Input Files - Anonymization,oncology_phase3,96.5,95.5,1.0,Low,Low,Low,Low
Subject 3497,Site 455,0.0,0.0,0.0,0.0,Study 10 CPID Input Files - Anonymization,oncology_phase3,96.5,95.5,1.0,Low,Low,Low,Low
Subject 3498,Site 455,0.0,0.0,0.0,0.0,Study 10 CPID Input Files - Anonymization,oncology_phase3,96.5,95.5,1.0,Low,Low,Low,Low
Subject 3499,Site 455,0.0,0.0,0.0,0.0,Study 10 CPID Input Files - Anonymization,oncology_phase3,96.5,95.5,1.0,Low,Low,Low,Low
Subject 3500,Site 455,0.0,0.0,0.0,0.0,Study 10 CPID Input Files - Anonymization,oncology_phase3,96.5,95.5,1.0,Low,Low,Low,Low
Subject 3501,Site 455,0.0,0.0,0.0,0.0,Study 10 CPID Input Files - Anonymization,oncology_phase3,96.5,95.5,1.0,Low,Low,Low,Low
Subject 164,Site 42,0.0,0.0,0.0,0.0,Study 10 CPID Input Files - Anonymization,oncology_phase3,96.5,95.5,1.0,Low,Low,Low,Low
Subject 165,Site 42,0.0,0.0,0.0,0.0,Study 10 CPID Input Files - Anonymization,oncology_phase3,96.5,95.5,1.0,Low,Low,Low,Low
Subject 3502,Site 456,0.0,0.0,0.0,0.0,Study 10 CPID Input Files - Anonymization,oncology_phase3,96.5,95.5,1.0,Low,Low,Low,Low
Subject 3503,Site 457,0.0,0.0,0.0,0.0,Study 10 CPID Input Files - Anonymization,oncology_phase3,96.5,95.5,1.0,Low,Low,Low,Low
Subject 3504,Site 458,0.0,0.0,0.0,0.0,Study 10 CPID Input Files - Anonymization,oncology_phase3,96.5,95.5,1.0,Low,Low,Low,Low
Subject 3505,Site 458,0.0,0.0,0.0,0.0,Study 10 CPID Input Files - Anonymization,oncology_phase3,96.5,95.5,1.0,Low,Low,Low,Low
Subject 271,Site 50,0.0,0.0,0.0,0.0,Study 10 CPID Input Files - Anonymization,oncology_phase3,96.5,95.5,1.0,Low,Low,Low,Low
Subject 272,Site 50,0.0,0.0,0.0,0.0,Study 10 CPID Input Files - Anonymization,oncology_phase3,96.5,95.5,1.0,Low,Low,Low,Low
Subject 292,Site 51,0.0,0.0,0.0,0.0,Study 10 CPID Input Files - Anonymization,oncology_phase3,96.5,95.5,1.0,Low,Low,Low,Low
Subject 293,Site 51,0.0,0.0,0.0,0.0,Study 10 CPID Input Files - Anonymization,oncology_phase3,96.5,95.5,1.0,Low,Low,Low,Low
Subject 294,Site 51,0.0,0.0,0.0,0.0,Study 10 CPID Input Files - Anonymization,oncology_phase3,96.5,95.5,1.0,Low,Low,Low,Low
Subject 587,Site 79,0.0,0.0,0.0,0.0,Study 10 CPID Input Files - Anonymization,oncology_phase3,96.5,95.5,1.0,Low,Low,Low,Low
Subject 15,Site 8,0.0,0.0,0.0,0.0,Study 10 CPID Input Files - Anonymization,oncology_phase3,96.5,95.5,1.0,Low,Low,Low,Low
Subject 598,Site 8,0.0,0.0,0.0,0.0,Study 10 CPID Input Files - Anonymization,oncology_phase3,96.5,95.5,1.0,Low,Low,Low,Low
Subject 3506,Site 8,0.0,0.0,0.0,0.0,Study 10 CPID Input Files - Anonymization,oncology_phase3,96.5,95.5,1.0,Low,Low,Low,Low
Subject 3507,Site 459,0.0,0.0,0.0,0.0,Study 10 CPID Input Files - Anonymization,oncology_phase3,96.5,95.5,1.0,Low,Low,Low,Low
Subject 3508,Site 459,0.0,0.0,0.0,0.0,Study 10 CPID Input Files - Anonymization,oncology_phase3,96.5,95.5,1.0,Low,Low,Low,Low
Subject 3509,Site 460,0.0,0.0,0.0,0.0,Study 10 CPID Input Files - Anonymization,oncology_phase3,96.5,95.5,1.0,Low,Low,Low,Low
Subject 3510,Site 460,0.0,0.0,0.0,0.0,Study 10 CPID Input Files - Anonymization,oncology_phase3,96.5,95.5,1.0,Low,Low,Low,Low
Subject 3511,Site 460,0.0,0.0,0.0,0.0,Study 10 CPID Input Files - Anonymization,oncology_phase3,96.5,95.5,1.0,Low,Low,Low,Low
Subject 16,Site 9,0.0,0.0,0.0,0.0,Study 10 CPID Input Files - Anonymization,oncology_phase3,96.5,95.5,1.0,Low,Low,Low,Low
Subject 3512,Site 9,0.0,0.0,0.0,0.0,Study 10 CPID Input Files - Anonymization,oncology_phase3,96.5,95.5,1.0,Low,Low,Low,Low
Subject 3513,Site 9,0.0,0.0,0.0,0.0,Study 10 CPID Input Files - Anonymization,oncology_phase3,96.5,95.5,1.0,Low,Low,Low,Low
Subject 3514,Site 461,0.0,0.0,0.0,0.0,Study 10 CPID Input Files - Anonymization,oncology_phase3,96.5,95.5,1.0,Low,Low,Low,Low
Subject 3515,Site 461,0.0,0.0,0.0,0.0,Study 10 CPID Input Files - Anonymization,oncology_phase3,96.5,95.5,1.0,Low,Low,Low,Low
Subject 3516,Site 462,0.0,0.0,0.0,0.0,Study 10 CPID Input Files - Anonymization,oncology_phase3,96.5,95.5,1.0,Low,Low,Low,Low
Subject 3517,Site 462,0.0,0.0,0.0,0.0,Study 10 CPID Input Files - Anonymization,oncology_phase3,96.5,95.5,1.0,Low,Low,Low,Low
Subject 3518,Site 463,0.0,0.0,0.0,0.0,Study 10 CPID Input Files - Anonymization,oncology_phase3,96.5,95.5,1.0,Low,Low,Low,Low
Subject 3519,Site 463,0.0,0.0,0.0,0.0,Study 10 CPID Input Files - Anonymization,oncology_phase3,96.5,95.5,1.0,Low,Low,Low,Low
Subject 3520,Site 463,0.0,0.0,1.0,0.0,Study 10 CPID Input Files - Anonymization,oncology_phase3,94.6,93.0,1.6,Low,Low,Low,Low
Subject 3521,Site 463,0.0,0.0,0.0,0.0,Study 10 CPID Input Files - Anonymization,oncology_phase3,96.5,95.5,1.0,Low,Low,Low,Low
Subject 627,Site 87,0.0,0.0,0.0,0.0,Study 10 CPID Input Files - Anonymization,oncology_phase3,96.5,95.5,1.0,Low,Low,Low,Low
Subject 20,Site 11,0.0,0.0,0.0,0.0,Study 10 CPID Input Files - Anonymization,oncology_phase3,96.5,95.5,1.0,Low,Low,Low,Low
Subject 1401,Site 149,0.0,0.0,0.0,0.0,Study 10 CPID Input Files - Anonymization,oncology_phase3,96.5,95.5,1.0,Low,Low,Low,Low
Subject 1402,Site 149,0.0,0.0,0.0,0.0,Study 10 CPID Input Files - Anonymization,oncology_phase3,96.5,95.5,1.0,Low,Low,Low,Low
Subject 3522,Site 464,0.0,0.0,0.0,0.0,Study 10 CPID Input Files - Anonymization,oncology_phase3,96.5,95.5,1.0,Low,Low,Low,Low
Subject 3523,Site 464,0.0,0.0,0.0,0.0,Study 10 CPID Input Files - Anonymization,oncology_phase3,96.5,95.5,1.0,Low,Low,Low,Low
Subject 1417,Site 153,0.0,0.0,0.0,0.0,Study 10 CPID Input Files - Anonymization,oncology_phase3,96.5,95.5,1.0,Low,Low,Low,Low
Subject 1421,Site 154,0.0,0.0,0.0,0.0,Study 10 CPID Input Files - Anonymization,oncology_phase3,96.5,95.5,1.0,Low,Low,Low,Low
Subject 3524,Site 465,0.0,0.0,0.0,0.0,Study 10 CPID Input Files - Anonymization,oncology_phase3,96.5,95.5,1.0,Low,Low,Low,Low
Subject 3525,Site 465,0.0,0.0,0.0,0.0,Study 10 CPID Input Files - Anonymization,oncology_phase3,96.5,95.5,1.0,Low,Low,Low,Low
Subject 3526,Site 465,0.0,0.0,0.0,0.0,Study 10 CPID Input Files - Anonymization,oncology_phase3,96.5,95.5,1.0,Low,Low,Low,Low
81,34,0.0,0.0,0.0,0.0,Study 10 CPID Input Files - Anonymization,oncology_phase3,96.5,95.5,1.0,Low,Low,Low,Low
Subject 4074,Site 599,0.0,0.0,0.0,0.0,Study 16 CPID Input Files - Anonymization,oncology_phase3,96.5,95.5,1.0,Low,Low,Low,Low
Subject 4075,Site 600,0.0,0.0,0.0,0.0,Study 16 CPID Input Files - Anonymization,oncology_phase3,96.5,95.5,1.0,Low,Low,Low,Low
Subject 4076,Site 601,0.0,0.0,0.0,0.0,Study 16 CPID Input Files - Anonymization,oncology_phase3,96.5,95.5,1.0,Low,Low,Low,Low
Subject 4077,Site 601,0.0,0.0,0.0,0.0,Study 16 CPID Input Files - Anonymization,oncology_phase3,96.5,95.5,1.0,Low,Low,Low,Low
Subject 4078,Site 601,0.0,0.0,0.0,0.0,Study 16 CPID Input Files - Anonymization,oncology_phase3,96.5,95.5,1.0,Low,Low,Low,Low
Subject 4079,Site 601,0.0,0.0,0.0,0.0,Study 16 CPID Input Files - Anonymization,oncology_phase3,96.5,95.5,1.0,Low,Low,Low,Low
Subject 4080,Site 601,0.0,0.0,0.0,0.0,Study 16 CPID Input Files - Anonymization,oncology_phase3,96.5,95.5,1.0,Low,Low,Low,Low
Subject 4081,Site 601,0.0,0.0,0.0,0.0,Study 16 CPID Input Files - Anonymization,oncology_phase3,96.5,95.5,1.0,Low,Low,Low,Low
Subject 4082,Site 601,0.0,0.0,0.0,0.0,Study 16 CPID Input Files - Anonymization,oncology_phase3,96.5,95.5,1.0,Low,Low,Low,Low
Subject 4083,Site 602,0.0,0.0,2.0,0.0,Study 16 CPID Input Files - Anonymization,oncology_phase3,92.7,90.5,2.2,Low,Low,Low,Low
Subject 4084,Site 602,0.0,0.0,2.0,0.0,Study 16 CPID Input Files - Anonymization,oncology_phase3,92.7,90.5,2.2,Low,Low,Low,Low
Subject 4085,Site 602,0.0,0.0,0.0,0.0,Study 16 CPID Input Files - Anonymization,oncology_phase3,96.5,95.5,1.0,Low,Low,Low,Low
Subject 4086,Site 602,0.0,0.0,1.0,0.0,Study 16 CPID Input Files - Anonymization,oncology_phase3,94.6,93.0,1.6,Low,Low,Low,Low
Subject 4087,Site 602,0.0,0.0,0.0,0.0,Study 16 CPID Input Files - Anonymization,oncology_phase3,96.5,95.5,1.0,Low,Low,Low,Low
Subject 4088,Site 602,0.0,0.0,0.0,0.0,Study 16 CPID Input Files - Anonymization,oncology_phase3,96.5,95.5,1.0,Low,Low,Low,Low
Subject 4089,Site 602,0.0,0.0,0.0,0.0,Study 16 CPID Input Files - Anonymization,oncology_phase3,96.5,95.5,1.0,Low,Low,Low,Low
Subject 4090,Site 602,0.0,0.0,0.0,0.0,Study 16 CPID Input Files - Anonymization,oncology_phase3,96.5,95.5,1.0,Low,Low,Low,Low
Subject 4091,Site 602,0.0,0.0,0.0,0.0,Study 16 CPID Input Files - Anonymization,oncology_phase3,96.5,95.5,1.0,Low,Low,Low,Low
Subject 4092,Site 602,0.0,0.0,0.0,0.0,Study 16 CPID Input Files - Anonymization,oncology_phase3,96.5,95.5,1.0,Low,Low,Low,Low
Subject 4093,Site 602,0.0,0.0,0.0,0.0,Study 16 CPID Input Files - Anonymization,oncology_phase3,96.5,95.5,1.0,Low,Low,Low,Low
Subject 4094,Site 602,0.0,0.0,0.0,0.0,Study 16 CPID Input Files - Anonymization,oncology_phase3,96.5,95.5,1.0,Low,Low,Low,Low
Subject 4095,Site 602,0.0,0.0,0.0,0.0,Study 16 CPID Input Files - Anonymization,oncology_phase3,96.5,95.5,1.0,Low,Low,Low,Low
Subject 4096,Site 602,0.0,0.0,0.0,0.0,Study 16 CPID Input Files - Anonymization,oncology_phase3,96.5,95.5,1.0,Low,Low,Low,Low
Subject 4097,Site 602,0.0,0.0,0.0,0.0,Study 16 CPID Input Files - Anonymization,oncology_phase3,96.5,95.5,1.0,Low,Low,Low,Low
Subject 4098,Site 602,0.0,0.0,0.0,0.0,Study 16 CPID Input Files - Anonymization,oncology_phase3,96.5,95.5,1.0,Low,Low,Low,Low
Subject 4099,Site 602,0.0,0.0,0.0,0.0,Study 16 CPID Input Files - Anonymization,oncology_phase3,96.5,95.5,1.0,Low,Low,Low,Low
Subject 4100,Site 602,0.0,0.0,0.0,0.0,Study 16 CPID Input Files - Anonymization,oncology_phase3,96.5,95.5,1.0,Low,Low,Low,Low
Subject 4101,Site 602,0.0,0.0,0.0,0.0,Study 16 CPID Input Files - Anonymization,oncology_phase3,96.5,95.5,1.0,Low,Low,Low,Low
Subject 4102,Site 602,0.0,0.0,0.0,0.0,Study 16 CPID Input Files - Anonymization,oncology_phase3,96.5,95.5,1.0,Low,Low,Low,Low
Subject 4103,Site 602,0.0,0.0,0.0,0.0,Study 16 CPID Input Files - Anonymization,oncology_phase3,96.5,95.5,1.0,Low,Low,Low,Low
Subject 4104,Site 602,0.0,0.0,0.0,0.0,Study 16 CPID Input Files - Anonymization,oncology_phase3,96.5,95.5,1.0,Low,Low,Low,Low
Subject 4105,Site 603,0.0,0.0,0.0,0.0,Study 16 CPID Input Files - Anonymization,oncology_phase3,96.5,95.5,1.0,Low,Low,Low,Low
Subject 4106,Site 603,0.0,0.0,0.0,0.0,Study 16 CPID Input Files - Anonymization,oncology_phase3,96.5,95.5,1.0,Low,Low,Low,Low
Subject 4107,Site 603,0.0,0.0,0.0,0.0,Study 16 CPID Input Files - Anonymization,oncology_phase3,96.5,95.5,1.0,Low,Low,Low,Low
Subject 4108,Site 603,0.0,0.0,3.0,0.0,Study 16 CPID Input Files - Anonymization,oncology_phase3,90.7,88.0,2.7,Low,Low,Low,Low
Subject 4109,Site 604,0.0,0.0,0.0,0.0,Study 16 CPID Input Files - Anonymization,oncology_phase3,96.5,95.5,1.0,Low,Low,Low,Low
Subject 4110,Site 604,0.0,0.0,0.0,0.0,Study 16 CPID Input Files - Anonymization,oncology_phase3,96.5,95.5,1.0,Low,Low,Low,Low
Subject 4111,Site 599,0.0,0.0,2.0,0.0,Study 16 CPID Input Files - Anonymization,oncology_phase3,92.7,90.5,2.2,Low,Low,Low,Low
Subject 4112,Site 605,0.0,0.0,2.0,0.0,Study 16 CPID Input Files - Anonymization,oncology_phase3,92.7,90.5,2.2,Low,Low,Low,Low
Subject 4113,Site 605,0.0,0.0,2.0,0.0,Study 16 CPID Input Files - Anonymization,oncology_phase3,92.7,90.5,2.2,Low,Low,Low,Low
Subject 4114,Site 605,0.0,0.0,0.0,0.0,Study 16 CPID Input Files - Anonymization,oncology_phase3,96.5,95.5,1.0,Low,Low,Low,Low
Subject 4115,Site 606,0.0,0.0,0.0,0.0,Study 16 CPID Input Files - Anonymization,oncology_phase3,96.5,95.5,1.0,Low,Low,Low,Low
Subject 4116,Site 606,0.0,0.0,0.0,0.0,Study 16 CPID Input Files - Anonymization,oncology_phase3,96.5,95.5,1.0,Low,Low,Low,Low
Subject 4117,Site 606,0.0,0.0,0.0,0.0,Study 16 CPID Input Files - Anonymization,oncology_phase3,96.5,95.5,1.0,Low,Low,Low,Low
Subject 4118,Site 606,0.0,0.0,1.0,0.0,Study 16 CPID Input Files - Anonymization,oncology_phase3,94.6,93.0,1.6,Low,Low,Low,Low
Subject 4119,Site 606,0.0,0.0,1.0,0.0,Study 16 CPID Input Files - Anonymization,oncology_phase3,94.6,93.0,1.6,Low,Low,Low,Low
Subject 4120,Site 606,0.0,0.0,1.0,0.0,Study 16 CPID Input Files - Anonymization,oncology_phase3,94.6,93.0,1.6,Low,Low,Low,Low
Subject 4121,Site 607,0.0,0.0,0.0,0.0,Study 16 CPID Input Files - Anonymization,oncology_phase3,96.5,95.5,1.0,Low,Low,Low,Low
Subject 4122,Site 607,0.0,0.0,0.0,0.0,Study 16 CPID Input Files - Anonymization,oncology_phase3,96.5,95.5,1.0,Low,Low,Low,Low
Subject 4123,Site 607,0.0,0.0,0.0,0.0,Study 16 CPID Input Files - Anonymization,oncology_phase3,96.5,95.5,1.0,Low,Low,Low,Low
Subject 4124,Site 608,0.0,0.0,0.0,0.0,Study 16 CPID Input Files - Anonymization,oncology_phase3,96.5,95.5,1.0,Low,Low,Low,Low
Subject 4125,Site 608,0.0,0.0,0.0,0.0,Study 16 CPID Input Files - Anonymization,oncology_phase3,96.5,95.5,1.0,Low,Low,Low,Low
Subject 4126,Site 608,0.0,0.0,0.0,0.0,Study 16 CPID Input Files - Anonymization,oncology_phase3,96.5,95.5,1.0,Low,Low,Low,Low
Subject 4127,Site 608,0.0,0.0,0.0,0.0,Study 16 CPID Input Files - Anonymization,oncology_phase3,96.5,95.5,1.0,Low,Low,Low,Low
Subject 4128,Site 608,0.0,0.0,0.0,0.0,Study 16 CPID Input Files - Anonymization,oncology_phase3,96.5,95.5,1.0,Low,Low,Low,Low
Subject 4129,Site 608,0.0,0.0,0.0,0.0,Study 16 CPID Input Files - Anonymization,oncology_phase3,96.5,95.5,1.0,Low,Low,Low,Low
Subject 4130,Site 609,0.0,0.0,0.0,0.0,Study 16 CPID Input Files - Anonymization,oncology_phase3,96.5,95.5,1.0,Low,Low,Low,Low
Subject 4131,Site 609,0.0,0.0,0.0,0.0,Study 16 CPID Input Files - Anonymization,oncology_phase3,96.5,95.5,1.0,Low,Low,Low,Low
Subject 4132,Site 610,0.0,0.0,0.0,0.0,Study 16 CPID Input Files - Anonymization,oncology_phase3,96.5,95.5,1.0,Low,Low,Low,Low
Subject 4133,Site 610,0.0,0.0,0.0,0.0,Study 16 CPID Input Files - Anonymization,oncology_phase3,96.5,95.5,1.0,Low,Low,Low,Low
Subject 4134,Site 610,0.0,0.0,0.0,0.0,Study 16 CPID Input Files - Anonymization,oncology_phase3,96.5,95.5,1.0,Low,Low,Low,Low
Subject 4135,Site 610,0.0,0.0,0.0,0.0,Study 16 CPID Input Files - Anonymization,oncology_phase3,96.5,95.5,1.0,Low,Low,Low,Low
Subject 4136,Site 610,0.0,0.0,0.0,0.0,Study 16 CPID Input Files - Anonymization,oncology_phase3,96.5,95.5,1.0,Low,Low,Low,Low
Subject 4137,Site 610,0.0,0.0,0.0,0.0,Study 16 CPID Input Files - Anonymization,oncology_phase3,96.5,95.5,1.0,Low,Low,Low,Low
Subject 4138,Site 610,0.0,0.0,0.0,0.0,Study 16 CPID Input Files - Anonymization,oncology_phase3,96.5,95.5,1.0,Low,Low,Low,Low
Subject 4139,Site 611,0.0,0.0,0.0,0.0,Study 16 CPID Input Files - Anonymization,oncology_phase3,96.5,95.5,1.0,Low,Low,Low,Low
Subject 4140,Site 611,0.0,0.0,0.0,0.0,Study 16 CPID Input Files - Anonymization,oncology_phase3,96.5,95.5,1.0,Low,Low,Low,Low
Subject 4141,Site 611,0.0,0.0,0.0,0.0,Study 16 CPID Input Files - Anonymization,oncology_phase3,96.5,95.5,1.0,Low,Low,Low,Low
Subject 4142,Site 611,0.0,0.0,0.0,0.0,Study 16 CPID Input Files - Anonymization,oncology_phase3,96.5,95.5,1.0,Low,Low,Low,Low
Subject 4143,Site 611,0.0,0.0,0.0,0.0,Study 16 CPID Input Files - Anonymization,oncology_phase3,96.5,95.5,1.0,Low,Low,Low,Low
Subject 4144,Site 611,0.0,0.0,0.0,0.0,Study 16 CPID Input Files - Anonymization,oncology_phase3,96.5,95.5,1.0,Low,Low,Low,Low
Subject 4145,Site 611,0.0,0.0,0.0,0.0,Study 16 CPID Input Files - Anonymization,oncology_phase3,96.5,95.5,1.0,Low,Low,Low,Low
Subject 4146,Site 611,0.0,0.0,0.0,0.0,Study 16 CPID Input Files - Anonymization,oncology_phase3,96.5,95.5,1.0,Low,Low,Low,Low
Subject 4147,Site 611,0.0,0.0,0.0,0.0,Study 16 CPID Input Files - Anonymization,oncology_phase3,96.5,95.5,1.0,Low,Low,Low,Low
Subject 4148,Site 611,0.0,0.0,0.0,0.0,Study 16 CPID Input Files - Anonymization,oncology_phase3,96.5,95.5,1.0,Low,Low,Low,Low
Subject 4149,Site 611,0.0,0.0,0.0,0.0,Study 16 CPID Input Files - Anonymization,oncology_phase3,96.5,95.5,1.0,Low,Low,Low,Low
Subject 4150,Site 611,0.0,0.0,0.0,0.0,Study 16 CPID Input Files - Anonymization,oncology_phase3,96.5,95.5,1.0,Low,Low,Low,Low
Subject 4151,Site 612,0.0,0.0,0.0,0.0,Study 16 CPID Input Files - Anonymization,oncology_phase3,96.5,95.5,1.0,Low,Low,Low,Low
Subject 4152,Site 613,0.0,0.0,0.0,0.0,Study 16 CPID Input Files - Anonymization,oncology_phase3,96.5,95.5,1.0,Low,Low,Low,Low
Subject 4153,Site 614,0.0,0.0,0.0,0.0,Study 16 CPID Input Files - Anonymization,oncology_phase3,96.5,95.5,1.0,Low,Low,Low,Low
Subject 4154,Site 614,0.0,0.0,0.0,0.0,Study 16 CPID Input Files - Anonymization,oncology_phase3,96.5,95.5,1.0,Low,Low,Low,Low
Subject 4155,Site 614,0.0,0.0,0.0,0.0,Study 16 CPID Input Files - Anonymization,oncology_phase3,96.5,95.5,1.0,Low,Low,Low,Low
Subject 4156,Site 615,0.0,0.0,0.0,0.0,Study 16 CPID Input Files - Anonymization,oncology_phase3,96.5,95.5,1.0,Low,Low,Low,Low
Subject 4157,Site 615,0.0,0.0,1.0,0.0,Study 16 CPID Input Files - Anonymization,oncology_phase3,94.6,93.0,1.6,Low,Low,Low,Low
Subject 4158,Site 615,0.0,0.0,1.0,0.0,Study 16 CPID Input Files - Anonymization,oncology_phase3,94.6,93.0,1.6,Low,Low,Low,Low
Subject 4159,Site 615,0.0,0.0,3.0,0.0,Study 16 CPID Input Files - Anonymization,oncology_phase3,90.7,88.0,2.7,Low,Low,Low,Low
Subject 4160,Site 616,0.0,0.0,0.0,0.0,Study 16 CPID Input Files - Anonymization,oncology_phase3,96.5,95.5,1.0,Low,Low,Low,Low
Subject 4161,Site 617,0.0,0.0,0.0,0.0,Study 16 CPID Input Files - Anonymization,oncology_phase3,96.5,95.5,1.0,Low,Low,Low,Low
Subject 4162,Site 618,0.0,0.0,1.0,0.0,Study 16 CPID Input Files - Anonymization,oncology_phase3,94.6,93.0,1.6,Low,Low,Low,Low
Subject 4163,Site 619,0.0,0.0,0.0,0.0,Study 16 CPID Input Files - Anonymization,oncology_phase3,96.5,95.5,1.0,Low,Low,Low,Low
Subject 4164,Site 620,0.0,0.0,0.0,0.0,Study 16 CPID Input Files - Anonymization,oncology_phase3,96.5,95.5,1.0,Low,Low,Low,Low
Subject 4165,Site 620,0.0,0.0,3.0,0.0,Study 16 CPID Input Files - Anonymization,oncology_phase3,90.7,88.0,2.7,Low,Low,Low,Low
Subject 4166,Site 621,0.0,0.0,0.0,0.0,Study 16 CPID Input Files - Anonymization,oncology_phase3,96.5,95.5,1.0,Low,Low,Low,Low
Subject 4167,Site 621,0.0,0.0,1.0,0.0,Study 16 CPID Input Files - Anonymization,oncology_phase3,94.6,93.0,1.6,Low,Low,Low,Low
Subject 4168,Site 621,0.0,0.0,0.0,0.0,Study 16 CPID Input Files - Anonymization,oncology_phase3,96.5,95.5,1.0,Low,Low,Low,Low
Subject 4169,Site 621,0.0,0.0,0.0,0.0,Study 16 CPID Input Files - Anonymization,oncology_phase3,96.5,95.5,1.0,Low,Low,Low,Low
Subject 4170,Site 621,0.0,0.0,0.0,0.0,Study 16 CPID Input Files - Anonymization,oncology_phase3,96.5,95.5,1.0,Low,Low,Low,Low
Subject 4171,Site 621,0.0,0.0,0.0,0.0,Study 16 CPID Input Files - Anonymization,oncology_phase3,96.5,95.5,1.0,Low,Low,Low,Low
Subject 4172,Site 621,0.0,0.0,0.0,0.0,Study 16 CPID Input Files - Anonymization,oncology_phase3,96.5,95.5,1.0,Low,Low,Low,Low
Subject 4173,Site 622,0.0,0.0,0.0,0.0,Study 16 CPID Input Files - Anonymization,oncology_phase3,96.5,95.5,1.0,Low,Low,Low,Low
Subject 4174,Site 622,0.0,0.0,0.0,0.0,Study 16 CPID Input Files - Anonymization,oncology_phase3,96.5,95.5,1.0,Low,Low,Low,Low
Subject 4175,Site 622,0.0,0.0,0.0,0.0,Study 16 CPID Input Files - Anonymization,oncology_phase3,96.5,95.5,1.0,Low,Low,Low,Low
Subject 4176,Site 623,0.0,0.0,0.0,0.0,Study 16 CPID Input Files - Anonymization,oncology_phase3,96.5,95.5,1.0,Low,Low,Low,Low
Subject 4177,Site 623,0.0,0.0,5.0,0.0,Study 16 CPID Input Files - Anonymization,oncology_phase3,86.9,83.0,3.9,Low,Medium,Low,Low
Subject 4178,Site 624,0.0,0.0,0.0,0.0,Study 16 CPID Input Files - Anonymization,oncology_phase3,96.5,95.5,1.0,Low,Low,Low,Low
Subject 4179,Site 624,0.0,0.0,0.0,0.0,Study 16 CPID Input Files - Anonymization,oncology_phase3,96.5,95.5,1.0,Low,Low,Low,Low
Subject 4180,Site 624,0.0,0.0,0.0,0.0,Study 16 CPID Input Files - Anonymization,oncology_phase3,96.5,95.5,1.0,Low,Low,Low,Low
Subject 4181,Site 624,0.0,0.0,1.0,0.0,Study 16 CPID Input Files - Anonymization,oncology_phase3,94.6,93.0,1.6,Low,Low,Low,Low
Subject 4182,Site 624,0.0,0.0,0.0,0.0,Study 16 CPID Input Files - Anonymization,oncology_phase3,96.5,95.5,1.0,Low,Low,Low,Low
Subject 4183,Site 624,0.0,0.0,0.0,0.0,Study 16 CPID Input Files - Anonymization,oncology_phase3,96.5,95.5,1.0,Low,Low,Low,Low
Subject 4184,Site 624,0.0,0.0,0.0,0.0,Study 16 CPID Input Files - Anonymization,oncology_phase3,96.5,95.5,1.0,Low,Low,Low,Low
Subject 4185,Site 624,0.0,0.0,0.0,0.0,Study 16 CPID Input Files - Anonymization,oncology_phase3,96.5,95.5,1.0,Low,Low,Low,Low
Subject 4186,Site 624,0.0,0.0,0.0,0.0,Study 16 CPID Input Files - Anonymization,oncology_phase3,96.5,95.5,1.0,Low,Low,Low,Low
Subject 4187,Site 624,0.0,0.0,0.0,0.0,Study 16 CPID Input Files - Anonymization,oncology_phase3,96.5,95.5,1.0,Low,Low,Low,Low
Subject 4188,Site 624,0.0,0.0,0.0,0.0,Study 16 CPID Input Files - Anonymization,oncology_phase3,96.5,95.5,1.0,Low,Low,Low,Low
Subject 4189,Site 625,0.0,0.0,6.0,0.0,Study 16 CPID Input Files - Anonymization,oncology_phase3,85.0,80.5,4.5,Low,Medium,Low,Low
Subject 4190,Site 625,0.0,0.0,4.0,0.0,Study 16 CPID Input Files - Anonymization,oncology_phase3,88.8,85.5,3.3,Low,Low,Low,Low
Subject 4191,Site 625,0.0,0.0,0.0,0.0,Study 16 CPID Input Files - Anonymization,oncology_phase3,96.5,95.5,1.0,Low,Low,Low,Low
Subject 4192,Site 626,0.0,0.0,0.0,0.0,Study 16 CPID Input Files - Anonymization,oncology_phase3,96.5,95.5,1.0,Low,Low,Low,Low
Subject 4193,Site 627,0.0,0.0,0.0,0.0,Study 16 CPID Input Files - Anonymization,oncology_phase3,96.5,95.5,1.0,Low,Low,Low,Low
Subject 4194,Site 627,0.0,0.0,0.0,0.0,Study 16 CPID Input Files - Anonymization,oncology_phase3,96.5,95.5,1.0,Low,Low,Low,Low
Subject 4195,Site 627,0.0,0.0,1.0,0.0,Study 16 CPID Input Files - Anonymization,oncology_phase3,94.6,93.0,1.6,Low,Low,Low,Low
Subject 4196,Site 627,0.0,0.0,1.0,0.0,Study 16 CPID Input Files - Anonymization,oncology_phase3,94.6,93.0,1.6,Low,Low,Low,Low
Subject 4197,Site 628,0.0,0.0,3.0,0.0,Study 16 CPID Input Files - Anonymization,oncology_phase3,90.7,88.0,2.7,Low,Low,Low,Low
Subject 4198,Site 629,0.0,0.0,1.0,0.0,Study 16 CPID Input Files - Anonymization,oncology_phase3,94.6,93.0,1.6,Low,Low,Low,Low
Subject 4199,Site 629,0.0,0.0,0.0,0.0,Study 16 CPID Input Files - Anonymization,oncology_phase3,96.5,95.5,1.0,Low,Low,Low,Low
Subject 4200,Site 630,0.0,0.0,0.0,0.0,Study 16 CPID Input Files - Anonymization,oncology_phase3,96.5,95.5,1.0,Low,Low,Low,Low
Subject 4201,Site 631,0.0,0.0,0.0,0.0,Study 16 CPID Input Files - Anonymization,oncology_phase3,96.5,95.5,1.0,Low,Low,Low,Low
Subject 4202,Site 632,0.0,0.0,0.0,0.0,Study 16 CPID Input Files - Anonymization,oncology_phase3,96.5,95.5,1.0,Low,Low,Low,Low
Subject 4203,Site 632,0.0,0.0,3.0,0.0,Study 16 CPID Input Files - Anonymization,oncology_phase3,90.7,88.0,2.7,Low,Low,Low,Low
Subject 4204,Site 632,0.0,0.0,0.0,0.0,Study 16 CPID Input Files - Anonymization,oncology_phase3,96.5,95.5,1.0,Low,Low,Low,Low
Subject 4205,Site 633,0.0,0.0,2.0,0.0,Study 16 CPID Input Files - Anonymization,oncology_phase3,92.7,90.5,2.2,Low,Low,Low,Low
Subject 4206,Site 633,0.0,0.0,0.0,0.0,Study 16 CPID Input Files - Anonymization,oncology_phase3,96.5,95.5,1.0,Low,Low,Low,Low
Subject 4207,Site 634,0.0,0.0,0.0,0.0,Study 16 CPID Input Files - Anonymization,oncology_phase3,96.5,95.5,1.0,Low,Low,Low,Low
Subject 4208,Site 635,0.0,0.0,2.0,0.0,Study 16 CPID Input Files - Anonymization,oncology_phase3,92.7,90.5,2.2,Low,Low,Low,Low
Subject 4209,Site 636,0.0,0.0,0.0,0.0,Study 16 CPID Input Files - Anonymization,oncology_phase3,96.5,95.5,1.0,Low,Low,Low,Low
Subject 4210,Site 637,0.0,0.0,0.0,0.0,Study 16 CPID Input Files - Anonymization,oncology_phase3,96.5,95.5,1.0,Low,Low,Low,Low
Subject 4211,Site 637,0.0,0.0,2.0,0.0,Study 16 CPID Input Files - Anonymization,oncology_phase3,92.7,90.5,2.2,Low,Low,Low,Low
Subject 4212,Site 637,0.0,0.0,3.0,0.0,Study 16 CPID Input Files - Anonymization,oncology_phase3,90.7,88.0,2.7,Low,Low,Low,Low
Subject 4213,Site 637,0.0,0.0,0.0,0.0,Study 16 CPID Input Files - Anonymization,oncology_phase3,96.5,95.5,1.0,Low,Low,Low,Low
Subject 4214,Site 637,0.0,0.0,0.0,0.0,Study 16 CPID Input Files - Anonymization,oncology_phase3,96.5,95.5,1.0,Low,Low,Low,Low
Subject 4215,Site 637,0.0,0.0,1.0,0.0,Study 16 CPID Input Files - Anonymization,oncology_phase3,94.6,93.0,1.6,Low,Low,Low,Low
Subject 4216,Site 637,0.0,0.0,1.0,0.0,Study 16 CPID Input Files - Anonymization,oncology_phase3,94.6,93.0,1.6,Low,Low,Low,Low
Subject 4217,Site 637,0.0,0.0,0.0,0.0,Study 16 CPID Input Files - Anonymization,oncology_phase3,96.5,95.5,1.0,Low,Low,Low,Low
Subject 4218,Site 638,0.0,0.0,4.0,0.0,Study 16 CPID Input Files - Anonymization,oncology_phase3,88.8,85.5,3.3,Low,Low,Low,Low
Subject 4219,Site 639,0.0,0.0,1.0,0.0,Study 16 CPID Input Files - Anonymization,oncology_phase3,94.6,93.0,1.6,Low,Low,Low,Low
Subject 4220,Site 639,0.0,0.0,0.0,0.0,Study 16 CPID Input Files - Anonymization,oncology_phase3,96.5,95.5,1.0,Low,Low,Low,Low
Subject 4221,Site 639,0.0,0.0,0.0,0.0,Study 16 CPID Input Files - Anonymization,oncology_phase3,96.5,95.5,1.0,Low,Low,Low,Low
Subject 4222,Site 639,0.0,0.0,2.0,0.0,Study 16 CPID Input Files - Anonymization,oncology_phase3,92.7,90.5,2.2,Low,Low,Low,Low
Subject 4223,Site 640,0.0,0.0,0.0,0.0,Study 16 CPID Input Files - Anonymization,oncology_phase3,96.5,95.5,1.0,Low,Low,Low,Low
Subject 4224,Site 640,0.0,0.0,0.0,0.0,Study 16 CPID Input Files - Anonymization,oncology_phase3,96.5,95.5,1.0,Low,Low,Low,Low
Subject 4225,Site 640,0.0,0.0,1.0,0.0,Study 16 CPID Input Files - Anonymization,oncology_phase3,94.6,93.0,1.6,Low,Low,Low,Low
Subject 4226,Site 640,0.0,0.0,1.0,0.0,Study 16 CPID Input Files - Anonymization,oncology_phase3,94.6,93.0,1.6,Low,Low,Low,Low
Subject 4227,Site 640,0.0,0.0,4.0,0.0,Study 16 CPID Input Files - Anonymization,oncology_phase3,88.8,85.5,3.3,Low,Low,Low,Low
Subject 4228,Site 641,0.0,0.0,1.0,0.0,Study 16 CPID Input Files - Anonymization,oncology_phase3,94.6,93.0,1.6,Low,Low,Low,Low
Subject 4229,Site 642,0.0,0.0,0.0,0.0,Study 16 CPID Input Files - Anonymization,oncology_phase3,96.5,95.5,1.0,Low,Low,Low,Low
Subject 4230,Site 642,0.0,0.0,5.0,0.0,Study 16 CPID Input Files - Anonymization,oncology_phase3,86.9,83.0,3.9,Low,Medium,Low,Low
Subject 4231,Site 643,0.0,0.0,0.0,0.0,Study 16 CPID Input Files - Anonymization,oncology_phase3,96.5,95.5,1.0,Low,Low,Low,Low
Subject 4232,Site 643,0.0,0.0,0.0,0.0,Study 16 CPID Input Files - Anonymization,oncology_phase3,96.5,95.5,1.0,Low,Low,Low,Low
Subject 4233,Site 644,0.0,0.0,0.0,0.0,Study 16 CPID Input Files - Anonymization,oncology_phase3,96.5,95.5,1.0,Low,Low,Low,Low
Subject 4234,Site 644,0.0,0.0,0.0,0.0,Study 16 CPID Input Files - Anonymization,oncology_phase3,96.5,95.5,1.0,Low,Low,Low,Low
Subject 4235,Site 645,0.0,0.0,0.0,0.0,Study 16 CPID Input Files - Anonymization,oncology_phase3,96.5,95.5,1.0,Low,Low,Low,Low
Subject 4236,Site 645,0.0,0.0,0.0,0.0,Study 16 CPID Input Files - Anonymization,oncology_phase3,96.5,95.5,1.0,Low,Low,Low,Low
Subject 4237,Site 645,0.0,0.0,0.0,0.0,Study 16 CPID Input Files - Anonymization,oncology_phase3,96.5,95.5,1.0,Low,Low,Low,Low
Subject 4238,Site 645,0.0,0.0,0.0,0.0,Study 16 CPID Input Files - Anonymization,oncology_phase3,96.5,95.5,1.0,Low,Low,Low,Low
Subject 4239,Site 646,0.0,0.0,5.0,0.0,Study 16 CPID Input Files - Anonymization,oncology_phase3,86.9,83.0,3.9,Low,Medium,Low,Low
Subject 4240,Site 647,0.0,0.0,0.0,0.0,Study 16 CPID Input Files - Anonymization,oncology_phase3,96.5,95.5,1.0,Low,Low,Low,Low
Subject 4241,Site 648,0.0,0.0,0.0,0.0,Study 16 CPID Input Files - Anonymization,oncology_phase3,96.5,95.5,1.0,Low,Low,Low,Low
Subject 4242,Site 648,0.0,0.0,0.0,0.0,Study 16 CPID Input Files - Anonymization,oncology_phase3,96.5,95.5,1.0,Low,Low,Low,Low
Subject 4243,Site 648,0.0,0.0,0.0,0.0,Study 16 CPID Input Files - Anonymization,oncology_phase3,96.5,95.5,1.0,Low,Low,Low,Low
Subject 4244,Site 648,0.0,0.0,0.0,0.0,Study 16 CPID Input Files - Anonymization,oncology_phase3,96.5,95.5,1.0,Low,Low,Low,Low
Subject 4245,Site 648,0.0,0.0,0.0,0.0,Study 16 CPID Input Files - Anonymization,oncology_phase3,96.5,95.5,1.0,Low,Low,Low,Low
Subject 4246,Site 648,0.0,0.0,0.0,0.0,Study 16 CPID Input Files - Anonymization,oncology_phase3,96.5,95.5,1.0,Low,Low,Low,Low
Subject 4247,Site 649,0.0,0.0,2.0,0.0,Study 16 CPID Input Files - Anonymization,oncology_phase3,92.7,90.5,2.2,Low,Low,Low,Low
Subject 4248,Site 650,0.0,0.0,0.0,0.0,Study 16 CPID Input Files - Anonymization,oncology_phase3,96.5,95.5,1.0,Low,Low,Low,Low
Subject 4249,Site 650,0.0,0.0,0.0,0.0,Study 16 CPID Input Files - Anonymization,oncology_phase3,96.5,95.5,1.0,Low,Low,Low,Low
Subject 4250,Site 651,0.0,0.0,0.0,0.0,Study 16 CPID Input Files - Anonymization,oncology_phase3,96.5,95.5,1.0,Low,Low,Low,Low
Subject 4251,Site 651,0.0,0.0,0.0,0.0,Study 16 CPID Input Files - Anonymization,oncology_phase3,96.5,95.5,1.0,Low,Low,Low,Low
Subject 4252,Site 652,0.0,0.0,0.0,0.0,Study 16 CPID Input Files - Anonymization,oncology_phase3,96.5,95.5,1.0,Low,Low,Low,Low
Subject 4253,Site 653,0.0,0.0,0.0,0.0,Study 16 CPID Input Files - Anonymization,oncology_phase3,96.5,95.5,1.0,Low,Low,Low,Low
Subject 4254,Site 653,0.0,0.0,1.0,0.0,Study 16 CPID Input Files - Anonymization,oncology_phase3,94.6,93.0,1.6,Low,Low,Low,Low
Subject 4255,Site 653,0.0,0.0,0.0,0.0,Study 16 CPID Input Files - Anonymization,oncology_phase3,96.5,95.5,1.0,Low,Low,Low,Low
Subject 4256,Site 653,0.0,0.0,0.0,0.0,Study 16 CPID Input Files - Anonymization,oncology_phase3,96.5,95.5,1.0,Low,Low,Low,Low
Subject 4257,Site 654,0.0,0.0,3.0,0.0,Study 16 CPID Input Files - Anonymization,oncology_phase3,90.7,88.0,2.7,Low,Low,Low,Low
Subject 4258,Site 654,0.0,0.0,2.0,0.0,Study 16 CPID Input Files - Anonymization,oncology_phase3,92.7,90.5,2.2,Low,Low,Low,Low
Subject 4259,Site 654,0.0,0.0,1.0,0.0,Study 16 CPID Input Files - Anonymization,oncology_phase3,94.6,93.0,1.6,Low,Low,Low,Low
Subject 4260,Site 654,0.0,0.0,0.0,0.0,Study 16 CPID Input Files - Anonymization,oncology_phase3,96.5,95.5,1.0,Low,Low,Low,Low
Subject 4261,Site 655,0.0,0.0,0.0,0.0,Study 16 CPID Input Files - Anonymization,oncology_phase3,96.5,95.5,1.0,Low,Low,Low,Low
Subject 4262,Site 656,0.0,0.0,0.0,0.0,Study 16 CPID Input Files - Anonymization,oncology_phase3,96.5,95.5,1.0,Low,Low,Low,Low
Subject 4263,Site 657,0.0,0.0,0.0,0.0,Study 16 CPID Input Files - Anonymization,oncology_phase3,96.5,95.5,1.0,Low,Low,Low,Low
Subject 4264,Site 657,0.0,0.0,0.0,0.0,Study 16 CPID Input Files - Anonymization,oncology_phase3,96.5,95.5,1.0,Low,Low,Low,Low
Subject 4265,Site 657,0.0,0.0,0.0,0.0,Study 16 CPID Input Files - Anonymization,oncology_phase3,96.5,95.5,1.0,Low,Low,Low,Low
Subject 4266,Site 657,0.0,0.0,0.0,0.0,Study 16 CPID Input Files - Anonymization,oncology_phase3,96.5,95.5,1.0,Low,Low,Low,Low
Subject 4267,Site 657,0.0,0.0,2.0,0.0,Study 16 CPID Input Files - Anonymization,oncology_phase3,92.7,90.5,2.2,Low,Low,Low,Low
Subject 4268,Site 657,0.0,0.0,1.0,0.0,Study 16 CPID Input Files - Anonymization,oncology_phase3,94.6,93.0,1.6,Low,Low,Low,Low
Subject 4269,Site 657,0.0,0.0,1.0,0.0,Study 16 CPID Input Files - Anonymization,oncology_phase3,94.6,93.0,1.6,Low,Low,Low,Low
Subject 4270,Site 658,0.0,0.0,4.0,0.0,Study 16 CPID Input Files - Anonymization,oncology_phase3,88.8,85.5,3.3,Low,Low,Low,Low
Subject 4271,Site 658,0.0,0.0,0.0,0.0,Study 16 CPID Input Files - Anonymization,oncology_phase3,96.5,95.5,1.0,Low,Low,Low,Low
Subject 4272,Site 658,0.0,0.0,2.0,0.0,Study 16 CPID Input Files - Anonymization,oncology_phase3,92.7,90.5,2.2,Low,Low,Low,Low
Subject 4273,Site 658,0.0,0.0,2.0,0.0,Study 16 CPID Input Files - Anonymization,oncology_phase3,92.7,90.5,2.2,Low,Low,Low,Low
Subject 4274,Site 659,0.0,0.0,2.0,0.0,Study 16 CPID Input Files - Anonymization,oncology_phase3,92.7,90.5,2.2,Low,Low,Low,Low
Subject 4275,Site 659,0.0,0.0,1.0,0.0,Study 16 CPID Input Files - Anonymization,oncology_phase3,94.6,93.0,1.6,Low,Low,Low,Low
Subject 4276,Site 660,0.0,0.0,0.0,0.0,Study 16 CPID Input Files - Anonymization,oncology_phase3,96.5,95.5,1.0,Low,Low,Low,Low
Subject 4277,Site 661,0.0,0.0,0.0,0.0,Study 16 CPID Input Files - Anonymization,oncology_phase3,96.5,95.5,1.0,Low,Low,Low,Low
Subject 4278,Site 661,0.0,0.0,0.0,0.0,Study 16 CPID Input Files - Anonymization,oncology_phase3,96.5,95.5,1.0,Low,Low,Low,Low
Subject 4279,Site 661,0.0,0.0,0.0,0.0,Study 16 CPID Input Files - Anonymization,oncology_phase3,96.5,95.5,1.0,Low,Low,Low,Low
Subject 4280,Site 661,0.0,0.0,0.0,0.0,Study 16 CPID Input Files - Anonymization,oncology_phase3,96.5,95.5,1.0,Low,Low,Low,Low
Subject 4281,Site 661,0.0,0.0,2.0,0.0,Study 16 CPID Input Files - Anonymization,oncology_phase3,92.7,90.5,2.2,Low,Low,Low,Low
Subject 4282,Site 661,0.0,0.0,0.0,0.0,Study 16 CPID Input Files - Anonymization,oncology_phase3,96.5,95.5,1.0,Low,Low,Low,Low
Subject 4283,Site 661,0.0,0.0,5.0,0.0,Study 16 CPID Input Files - Anonymization,oncology_phase3,86.9,83.0,3.9,Low,Medium,Low,Low
Subject 4284,Site 661,0.0,0.0,0.0,0.0,Study 16 CPID Input Files - Anonymization,oncology_phase3,96.5,95.5,1.0,Low,Low,Low,Low
Subject 4285,Site 662,0.0,0.0,3.0,0.0,Study 16 CPID Input Files - Anonymization,oncology_phase3,90.7,88.0,2.7,Low,Low,Low,Low
Subject 4286,Site 663,0.0,0.0,0.0,0.0,Study 16 CPID Input Files - Anonymization,oncology_phase3,96.5,95.5,1.0,Low,Low,Low,Low
Subject 4287,Site 663,0.0,0.0,0.0,0.0,Study 16 CPID Input Files - Anonymization,oncology_phase3,96.5,95.5,1.0,Low,Low,Low,Low
Subject 4288,Site 664,0.0,0.0,1.0,0.0,Study 16 CPID Input Files - Anonymization,oncology_phase3,94.6,93.0,1.6,Low,Low,Low,Low
Subject 4289,Site 664,0.0,0.0,0.0,0.0,Study 16 CPID Input Files - Anonymization,oncology_phase3,96.5,95.5,1.0,Low,Low,Low,Low
Subject 4290,Site 664,0.0,0.0,0.0,0.0,Study 16 CPID Input Files - Anonymization,oncology_phase3,96.5,95.5,1.0,Low,Low,Low,Low
Subject 4291,Site 664,0.0,0.0,4.0,0.0,Study 16 CPID Input Files - Anonymization,oncology_phase3,88.8,85.5,3.3,Low,Low,Low,Low
Subject 4292,Site 665,0.0,0.0,0.0,0.0,Study 16 CPID Input Files - Anonymization,oncology_phase3,96.5,95.5,1.0,Low,Low,Low,Low
Subject 4293,Site 666,0.0,0.0,0.0,0.0,Study 16 CPID Input Files - Anonymization,oncology_phase3,96.5,95.5,1.0,Low,Low,Low,Low
Subject 4294,Site 666,0.0,0.0,0.0,0.0,Study 16 CPID Input Files - Anonymization,oncology_phase3,96.5,95.5,1.0,Low,Low,Low,Low
Subject 4295,Site 667,0.0,0.0,0.0,0.0,Study 16 CPID Input Files - Anonymization,oncology_phase3,96.5,95.5,1.0,Low,Low,Low,Low
Subject 4296,Site 667,0.0,0.0,0.0,0.0,Study 16 CPID Input Files - Anonymization,oncology_phase3,96.5,95.5,1.0,Low,Low,Low,Low
Subject 4297,Site 667,0.0,0.0,6.0,0.0,Study 16 CPID Input Files - Anonymization,oncology_phase3,85.0,80.5,4.5,Low,Medium,Low,Low
Subject 4298,Site 668,0.0,0.0,0.0,0.0,Study 16 CPID Input Files - Anonymization,oncology_phase3,96.5,95.5,1.0,Low,Low,Low,Low
Subject 4299,Site 668,0.0,0.0,0.0,0.0,Study 16 CPID Input Files - Anonymization,oncology_phase3,96.5,95.5,1.0,Low,Low,Low,Low
Subject 4300,Site 669,0.0,0.0,1.0,0.0,Study 16 CPID Input Files - Anonymization,oncology_phase3,94.6,93.0,1.6,Low,Low,Low,Low
Subject 4301,Site 669,0.0,0.0,0.0,0.0,Study 16 CPID Input Files - Anonymization,oncology_phase3,96.5,95.5,1.0,Low,Low,Low,Low
Subject 4302,Site 669,0.0,0.0,1.0,0.0,Study 16 CPID Input Files - Anonymization,oncology_phase3,94.6,93.0,1.6,Low,Low,Low,Low
Subject 4303,Site 669,0.0,0.0,1.0,0.0,Study 16 CPID Input Files - Anonymization,oncology_phase3,94.6,93.0,1.6,Low,Low,Low,Low
Subject 4304,Site 669,0.0,0.0,0.0,0.0,Study 16 CPID Input Files - Anonymization,oncology_phase3,96.5,95.5,1.0,Low,Low,Low,Low
Subject 4305,Site 670,0.0,0.0,0.0,0.0,Study 16 CPID Input Files - Anonymization,oncology_phase3,96.5,95.5,1.0,Low,Low,Low,Low
Subject 4306,Site 670,0.0,0.0,0.0,0.0,Study 16 CPID Input Files - Anonymization,oncology_phase3,96.5,95.5,1.0,Low,Low,Low,Low
Subject 4307,Site 671,0.0,0.0,0.0,0.0,Study 16 CPID Input Files - Anonymization,oncology_phase3,96.5,95.5,1.0,Low,Low,Low,Low
Subject 4308,Site 671,0.0,0.0,5.0,0.0,Study 16 CPID Input Files - Anonymization,oncology_phase3,86.9,83.0,3.9,Low,Medium,Low,Low
Subject 4309,Site 671,0.0,0.0,3.0,0.0,Study 16 CPID Input Files - Anonymization,oncology_phase3,90.7,88.0,2.7,Low,Low,Low,Low
Subject 4310,Site 672,0.0,0.0,5.0,0.0,Study 16 CPID Input Files - Anonymization,oncology_phase3,86.9,83.0,3.9,Low,Medium,Low,Low
Subject 4311,Site 673,0.0,0.0,0.0,0.0,Study 16 CPID Input Files - Anonymization,oncology_phase3,96.5,95.5,1.0,Low,Low,Low,Low
Subject 4312,Site 673,0.0,0.0,0.0,0.0,Study 16 CPID Input Files - Anonymization,oncology_phase3,96.5,95.5,1.0,Low,Low,Low,Low
Subject 4313,Site 674,0.0,0.0,3.0,0.0,Study 16 CPID Input Files - Anonymization,oncology_phase3,90.7,88.0,2.7,Low,Low,Low,Low
Subject 4314,Site 674,0.0,0.0,2.0,0.0,Study 16 CPID Input Files - Anonymization,oncology_phase3,92.7,90.5,2.2,Low,Low,Low,Low
Subject 4315,Site 675,0.0,0.0,3.0,0.0,Study 16 CPID Input Files - Anonymization,oncology_phase3,90.7,88.0,2.7,Low,Low,Low,Low
Subject 4316,Site 675,0.0,0.0,3.0,0.0,Study 16 CPID Input Files - Anonymization,oncology_phase3,90.7,88.0,2.7,Low,Low,Low,Low
Subject 4317,Site 675,0.0,0.0,0.0,0.0,Study 16 CPID Input Files - Anonymization,oncology_phase3,96.5,95.5,1.0,Low,Low,Low,Low
Subject 4318,Site 675,0.0,0.0,1.0,0.0,Study 16 CPID Input Files - Anonymization,oncology_phase3,94.6,93.0,1.6,Low,Low,Low,Low
Subject 4319,Site 675,0.0,0.0,0.0,0.0,Study 16 CPID Input Files - Anonymization,oncology_phase3,96.5,95.5,1.0,Low,Low,Low,Low
Subject 4320,Site 676,0.0,0.0,0.0,0.0,Study 16 CPID Input Files - Anonymization,oncology_phase3,96.5,95.5,1.0,Low,Low,Low,Low
Subject 4321,Site 676,0.0,0.0,0.0,0.0,Study 16 CPID Input Files - Anonymization,oncology_phase3,96.5,95.5,1.0,Low,Low,Low,Low
Subject 4322,Site 676,0.0,0.0,0.0,0.0,Study 16 CPID Input Files - Anonymization,oncology_phase3,96.5,95.5,1.0,Low,Low,Low,Low
Subject 4323,Site 676,0.0,0.0,0.0,0.0,Study 16 CPID Input Files - Anonymization,oncology_phase3,96.5,95.5,1.0,Low,Low,Low,Low
Subject 4324,Site 676,0.0,0.0,0.0,0.0,Study 16 CPID Input Files - Anonymization,oncology_phase3,96.5,95.5,1.0,Low,Low,Low,Low
Subject 4325,Site 676,0.0,0.0,0.0,0.0,Study 16 CPID Input Files - Anonymization,oncology_phase3,96.5,95.5,1.0,Low,Low,Low,Low
Subject 4326,Site 676,0.0,0.0,0.0,0.0,Study 16 CPID Input Files - Anonymization,oncology_phase3,96.5,95.5,1.0,Low,Low,Low,Low
Subject 4327,Site 677,0.0,0.0,0.0,0.0,Study 16 CPID Input Files - Anonymization,oncology_phase3,96.5,95.5,1.0,Low,Low,Low,Low
Subject 4328,Site 678,0.0,0.0,5.0,0.0,Study 16 CPID Input Files - Anonymization,oncology_phase3,86.9,83.0,3.9,Low,Medium,Low,Low
Subject 4329,Site 678,0.0,0.0,4.0,0.0,Study 16 CPID Input Files - Anonymization,oncology_phase3,88.8,85.5,3.3,Low,Low,Low,Low
Subject 4330,Site 678,0.0,0.0,0.0,0.0,Study 16 CPID Input Files - Anonymization,oncology_phase3,96.5,95.5,1.0,Low,Low,Low,Low
Subject 4331,Site 678,0.0,0.0,2.0,0.0,Study 16 CPID Input Files - Anonymization,oncology_phase3,92.7,90.5,2.2,Low,Low,Low,Low
Subject 4332,Site 679,0.0,0.0,2.0,0.0,Study 16 CPID Input Files - Anonymization,oncology_phase3,92.7,90.5,2.2,Low,Low,Low,Low
Subject 4333,Site 679,0.0,0.0,2.0,0.0,Study 16 CPID Input Files - Anonymization,oncology_phase3,92.7,90.5,2.2,Low,Low,Low,Low
Subject 4334,Site 679,0.0,0.0,3.0,0.0,Study 16 CPID Input Files - Anonymization,oncology_phase3,90.7,88.0,2.7,Low,Low,Low,Low
Subject 4335,Site 679,0.0,0.0,1.0,0.0,Study 16 CPID Input Files - Anonymization,oncology_phase3,94.6,93.0,1.6,Low,Low,Low,Low
Subject 4336,Site 680,0.0,0.0,0.0,0.0,Study 16 CPID Input Files - Anonymization,oncology_phase3,96.5,95.5,1.0,Low,Low,Low,Low
Subject 4337,Site 680,0.0,0.0,0.0,0.0,Study 16 CPID Input Files - Anonymization,oncology_phase3,96.5,95.5,1.0,Low,Low,Low,Low
Subject 4338,Site 680,0.0,0.0,0.0,0.0,Study 16 CPID Input Files - Anonymization,oncology_phase3,96.5,95.5,1.0,Low,Low,Low,Low
Subject 4339,Site 680,0.0,0.0,0.0,0.0,Study 16 CPID Input Files - Anonymization,oncology_phase3,96.5,95.5,1.0,Low,Low,Low,Low
Subject 4340,Site 680,0.0,0.0,0.0,0.0,Study 16 CPID Input Files - Anonymization,oncology_phase3,96.5,95.5,1.0,Low,Low,Low,Low
Subject 4341,Site 680,0.0,0.0,1.0,0.0,Study 16 CPID Input Files - Anonymization,oncology_phase3,94.6,93.0,1.6,Low,Low,Low,Low
Subject 4342,Site 680,0.0,0.0,0.0,0.0,Study 16 CPID Input Files - Anonymization,oncology_phase3,96.5,95.5,1.0,Low,Low,Low,Low
Subject 4343,Site 681,0.0,0.0,0.0,0.0,Study 16 CPID Input Files - Anonymization,oncology_phase3,96.5,95.5,1.0,Low,Low,Low,Low
Subject 4344,Site 682,0.0,0.0,1.0,0.0,Study 16 CPID Input Files - Anonymization,oncology_phase3,94.6,93.0,1.6,Low,Low,Low,Low
Subject 4345,Site 682,0.0,0.0,0.0,0.0,Study 16 CPID Input Files - Anonymization,oncology_phase3,96.5,95.5,1.0,Low,Low,Low,Low
Subject 4346,Site 682,0.0,0.0,0.0,0.0,Study 16 CPID Input Files - Anonymization,oncology_phase3,96.5,95.5,1.0,Low,Low,Low,Low
Subject 4347,Site 682,0.0,0.0,0.0,0.0,Study 16 CPID Input Files - Anonymization,oncology_phase3,96.5,95.5,1.0,Low,Low,Low,Low
Subject 4348,Site 682,0.0,0.0,0.0,0.0,Study 16 CPID Input Files - Anonymization,oncology_phase3,96.5,95.5,1.0,Low,Low,Low,Low
Subject 4349,Site 682,0.0,0.0,0.0,0.0,Study 16 CPID Input Files - Anonymization,oncology_phase3,96.5,95.5,1.0,Low,Low,Low,Low
Subject 4350,Site 682,0.0,0.0,0.0,0.0,Study 16 CPID Input Files - Anonymization,oncology_phase3,96.5,95.5,1.0,Low,Low,Low,Low
Subject 4351,Site 682,0.0,0.0,1.0,0.0,Study 16 CPID Input Files - Anonymization,oncology_phase3,94.6,93.0,1.6,Low,Low,Low,Low
Subject 4352,Site 683,0.0,0.0,0.0,0.0,Study 16 CPID Input Files - Anonymization,oncology_phase3,96.5,95.5,1.0,Low,Low,Low,Low
Subject 4353,Site 683,0.0,0.0,0.0,0.0,Study 16 CPID Input Files - Anonymization,oncology_phase3,96.5,95.5,1.0,Low,Low,Low,Low
Subject 4354,Site 684,0.0,0.0,2.0,0.0,Study 16 CPID Input Files - Anonymization,oncology_phase3,92.7,90.5,2.2,Low,Low,Low,Low
Subject 4355,Site 684,0.0,0.0,0.0,0.0,Study 16 CPID Input Files - Anonymization,oncology_phase3,96.5,95.5,1.0,Low,Low,Low,Low
Subject 4356,Site 684,0.0,0.0,4.0,0.0,Study 16 CPID Input Files - Anonymization,oncology_phase3,88.8,85.5,3.3,Low,Low,Low,Low
Subject 4357,Site 684,0.0,0.0,4.0,0.0,Study 16 CPID Input Files - Anonymization,oncology_phase3,88.8,85.5,3.3,Low,Low,Low,Low
Subject 4358,Site 684,0.0,0.0,0.0,0.0,Study 16 CPID Input Files - Anonymization,oncology_phase3,96.5,95.5,1.0,Low,Low,Low,Low
Subject 4359,Site 684,0.0,0.0,1.0,0.0,Study 16 CPID Input Files - Anonymization,oncology_phase3,94.6,93.0,1.6,Low,Low,Low,Low
Subject 4360,Site 684,0.0,0.0,2.0,0.0,Study 16 CPID Input Files - Anonymization,oncology_phase3,92.7,90.5,2.2,Low,Low,Low,Low
Subject 4361,Site 684,0.0,0.0,0.0,0.0,Study 16 CPID Input Files - Anonymization,oncology_phase3,96.5,95.5,1.0,Low,Low,Low,Low
Subject 4362,Site 685,0.0,0.0,0.0,0.0,Study 16 CPID Input Files - Anonymization,oncology_phase3,96.5,95.5,1.0,Low,Low,Low,Low
Subject 4363,Site 685,0.0,0.0,0.0,0.0,Study 16 CPID Input Files - Anonymization,oncology_phase3,96.5,95.5,1.0,Low,Low,Low,Low
Subject 4364,Site 685,0.0,0.0,0.0,0.0,Study 16 CPID Input Files - Anonymization,oncology_phase3,96.5,95.5,1.0,Low,Low,Low,Low
Subject 4365,Site 685,0.0,0.0,0.0,0.0,Study 16 CPID Input Files - Anonymization,oncology_phase3,96.5,95.5,1.0,Low,Low,Low,Low
Subject 4366,Site 685,0.0,0.0,1.0,0.0,Study 16 CPID Input Files - Anonymization,oncology_phase3,94.6,93.0,1.6,Low,Low,Low,Low
Subject 4367,Site 685,0.0,0.0,1.0,0.0,Study 16 CPID Input Files - Anonymization,oncology_phase3,94.6,93.0,1.6,Low,Low,Low,Low
Subject 4368,Site 685,0.0,0.0,0.0,0.0,Study 16 CPID Input Files - Anonymization,oncology_phase3,96.5,95.5,1.0,Low,Low,Low,Low
Subject 4369,Site 685,0.0,0.0,0.0,0.0,Study 16 CPID Input Files - Anonymization,oncology_phase3,96.5,95.5,1.0,Low,Low,Low,Low
Subject 4370,Site 685,0.0,0.0,0.0,0.0,Study 16 CPID Input Files - Anonymization,oncology_phase3,96.5,95.5,1.0,Low,Low,Low,Low
Subject 4371,Site 685,0.0,0.0,0.0,0.0,Study 16 CPID Input Files - Anonymization,oncology_phase3,96.5,95.5,1.0,Low,Low,Low,Low
Subject 4372,Site 685,0.0,0.0,0.0,0.0,Study 16 CPID Input Files - Anonymization,oncology_phase3,96.5,95.5,1.0,Low,Low,Low,Low
Subject 4373,Site 686,0.0,0.0,0.0,0.0,Study 16 CPID Input Files - Anonymization,oncology_phase3,96.5,95.5,1.0,Low,Low,Low,Low
Subject 4374,Site 686,0.0,0.0,0.0,0.0,Study 16 CPID Input Files - Anonymization,oncology_phase3,96.5,95.5,1.0,Low,Low,Low,Low
Subject 4375,Site 686,0.0,0.0,0.0,0.0,Study 16 CPID Input Files - Anonymization,oncology_phase3,96.5,95.5,1.0,Low,Low,Low,Low
Subject 4376,Site 686,0.0,0.0,0.0,0.0,Study 16 CPID Input Files - Anonymization,oncology_phase3,96.5,95.5,1.0,Low,Low,Low,Low
Subject 4377,Site 686,0.0,0.0,0.0,0.0,Study 16 CPID Input Files - Anonymization,oncology_phase3,96.5,95.5,1.0,Low,Low,Low,Low
Subject 4378,Site 686,0.0,0.0,1.0,0.0,Study 16 CPID Input Files - Anonymization,oncology_phase3,94.6,93.0,1.6,Low,Low,Low,Low
Subject 4379,Site 686,0.0,0.0,0.0,0.0,Study 16 CPID Input Files - Anonymization,oncology_phase3,96.5,95.5,1.0,Low,Low,Low,Low
Subject 4380,Site 686,0.0,0.0,0.0,0.0,Study 16 CPID Input Files - Anonymization,oncology_phase3,96.5,95.5,1.0,Low,Low,Low,Low
Subject 4381,Site 687,0.0,0.0,0.0,0.0,Study 16 CPID Input Files - Anonymization,oncology_phase3,96.5,95.5,1.0,Low,Low,Low,Low
Subject 4382,Site 687,0.0,0.0,0.0,0.0,Study 16 CPID Input Files - Anonymization,oncology_phase3,96.5,95.5,1.0,Low,Low,Low,Low
Subject 4383,Site 687,0.0,0.0,0.0,0.0,Study 16 CPID Input Files - Anonymization,oncology_phase3,96.5,95.5,1.0,Low,Low,Low,Low
Subject 4384,Site 687,0.0,0.0,0.0,0.0,Study 16 CPID Input Files - Anonymization,oncology_phase3,96.5,95.5,1.0,Low,Low,Low,Low
Subject 4385,Site 687,0.0,0.0,0.0,0.0,Study 16 CPID Input Files - Anonymization,oncology_phase3,96.5,95.5,1.0,Low,Low,Low,Low
Subject 4386,Site 687,0.0,0.0,1.0,0.0,Study 16 CPID Input Files - Anonymization,oncology_phase3,94.6,93.0,1.6,Low,Low,Low,Low
Subject 4387,Site 688,0.0,0.0,0.0,0.0,Study 16 CPID Input Files - Anonymization,oncology_phase3,96.5,95.5,1.0,Low,Low,Low,Low
Subject 4388,Site 688,0.0,0.0,0.0,0.0,Study 16 CPID Input Files - Anonymization,oncology_phase3,96.5,95.5,1.0,Low,Low,Low,Low
Subject 4389,Site 688,0.0,0.0,0.0,0.0,Study 16 CPID Input Files - Anonymization,oncology_phase3,96.5,95.5,1.0,Low,Low,Low,Low
Subject 4390,Site 689,0.0,0.0,0.0,0.0,Study 16 CPID Input Files - Anonymization,oncology_phase3,96.5,95.5,1.0,Low,Low,Low,Low
Subject 4391,Site 689,0.0,0.0,0.0,0.0,Study 16 CPID Input Files - Anonymization,oncology_phase3,96.5,95.5,1.0,Low,Low,Low,Low
Subject 4392,Site 689,0.0,0.0,0.0,0.0,Study 16 CPID Input Files - Anonymization,oncology_phase3,96.5,95.5,1.0,Low,Low,Low,Low
Subject 4393,Site 689,0.0,0.0,0.0,0.0,Study 16 CPID Input Files - Anonymization,oncology_phase3,96.5,95.5,1.0,Low,Low,Low,Low
Subject 4394,Site 689,0.0,0.0,0.0,0.0,Study 16 CPID Input Files - Anonymization,oncology_phase3,96.5,95.5,1.0,Low,Low,Low,Low
Subject 4395,Site 689,0.0,0.0,0.0,0.0,Study 16 CPID Input Files - Anonymization,oncology_phase3,96.5,95.5,1.0,Low,Low,Low,Low
Subject 4396,Site 689,0.0,0.0,0.0,0.0,Study 16 CPID Input Files - Anonymization,oncology_phase3,96.5,95.5,1.0,Low,Low,Low,Low
Subject 4397,Site 689,0.0,0.0,0.0,0.0,Study 16 CPID Input Files - Anonymization,oncology_phase3,96.5,95.5,1.0,Low,Low,Low,Low
Subject 4398,Site 689,0.0,0.0,0.0,0.0,Study 16 CPID Input Files - Anonymization,oncology_phase3,96.5,95.5,1.0,Low,Low,Low,Low
Subject 4399,Site 689,0.0,0.0,0.0,0.0,Study 16 CPID Input Files - Anonymization,oncology_phase3,96.5,95.5,1.0,Low,Low,Low,Low
Subject 4400,Site 689,0.0,0.0,0.0,0.0,Study 16 CPID Input Files - Anonymization,oncology_phase3,96.5,95.5,1.0,Low,Low,Low,Low
Subject 4401,Site 690,0.0,0.0,0.0,0.0,Study 16 CPID Input Files - Anonymization,oncology_phase3,96.5,95.5,1.0,Low,Low,Low,Low
Subject 4402,Site 690,0.0,0.0,0.0,0.0,Study 16 CPID Input Files - Anonymization,oncology_phase3,96.5,95.5,1.0,Low,Low,Low,Low
Subject 4403,Site 690,0.0,0.0,1.0,0.0,Study 16 CPID Input Files - Anonymization,oncology_phase3,94.6,93.0,1.6,Low,Low,Low,Low
Subject 4404,Site 690,0.0,0.0,0.0,0.0,Study 16 CPID Input Files - Anonymization,oncology_phase3,96.5,95.5,1.0,Low,Low,Low,Low
Subject 4405,Site 691,0.0,0.0,0.0,0.0,Study 16 CPID Input Files - Anonymization,oncology_phase3,96.5,95.5,1.0,Low,Low,Low,Low
Subject 4406,Site 691,0.0,0.0,0.0,0.0,Study 16 CPID Input Files - Anonymization,oncology_phase3,96.5,95.5,1.0,Low,Low,Low,Low
Subject 4407,Site 691,0.0,0.0,0.0,0.0,Study 16 CPID Input Files - Anonymization,oncology_phase3,96.5,95.5,1.0,Low,Low,Low,Low
Subject 4408,Site 691,0.0,0.0,2.0,0.0,Study 16 CPID Input Files - Anonymization,oncology_phase3,92.7,90.5,2.2,Low,Low,Low,Low
Subject 4409,Site 691,0.0,0.0,0.0,0.0,Study 16 CPID Input Files - Anonymization,oncology_phase3,96.5,95.5,1.0,Low,Low,Low,Low
Subject 4410,Site 691,0.0,0.0,0.0,0.0,Study 16 CPID Input Files - Anonymization,oncology_phase3,96.5,95.5,1.0,Low,Low,Low,Low
Subject 4411,Site 692,0.0,0.0,0.0,0.0,Study 16 CPID Input Files - Anonymization,oncology_phase3,96.5,95.5,1.0,Low,Low,Low,Low
Subject 4412,Site 692,0.0,0.0,0.0,0.0,Study 16 CPID Input Files - Anonymization,oncology_phase3,96.5,95.5,1.0,Low,Low,Low,Low
Subject 4413,Site 693,0.0,0.0,0.0,0.0,Study 16 CPID Input Files - Anonymization,oncology_phase3,96.5,95.5,1.0,Low,Low,Low,Low
Subject 4414,Site 693,0.0,0.0,0.0,0.0,Study 16 CPID Input Files - Anonymization,oncology_phase3,96.5,95.5,1.0,Low,Low,Low,Low
Subject 4415,Site 694,0.0,0.0,1.0,0.0,Study 16 CPID Input Files - Anonymization,oncology_phase3,94.6,93.0,1.6,Low,Low,Low,Low
Subject 4416,Site 694,0.0,0.0,1.0,0.0,Study 16 CPID Input Files - Anonymization,oncology_phase3,94.6,93.0,1.6,Low,Low,Low,Low
Subject 4417,Site 694,0.0,0.0,1.0,0.0,Study 16 CPID Input Files - Anonymization,oncology_phase3,94.6,93.0,1.6,Low,Low,Low,Low
Subject 4418,Site 694,0.0,0.0,0.0,0.0,Study 16 CPID Input Files - Anonymization,oncology_phase3,96.5,95.5,1.0,Low,Low,Low,Low
Subject 4419,Site 695,0.0,0.0,0.0,0.0,Study 16 CPID Input Files - Anonymization,oncology_phase3,96.5,95.5,1.0,Low,Low,Low,Low
Subject 4420,Site 695,0.0,0.0,0.0,0.0,Study 16 CPID Input Files - Anonymization,oncology_phase3,96.5,95.5,1.0,Low,Low,Low,Low
Subject 4421,Site 695,0.0,0.0,0.0,0.0,Study 16 CPID Input Files - Anonymization,oncology_phase3,96.5,95.5,1.0,Low,Low,Low,Low
Subject 4422,Site 696,0.0,0.0,0.0,0.0,Study 16 CPID Input Files - Anonymization,oncology_phase3,96.5,95.5,1.0,Low,Low,Low,Low
Subject 4423,Site 696,0.0,0.0,1.0,0.0,Study 16 CPID Input Files - Anonymization,oncology_phase3,94.6,93.0,1.6,Low,Low,Low,Low
Subject 4424,Site 696,0.0,0.0,3.0,0.0,Study 16 CPID Input Files - Anonymization,oncology_phase3,90.7,88.0,2.7,Low,Low,Low,Low
Subject 4425,Site 696,0.0,0.0,3.0,0.0,Study 16 CPID Input Files - Anonymization,oncology_phase3,90.7,88.0,2.7,Low,Low,Low,Low
Subject 4426,Site 697,0.0,0.0,0.0,0.0,Study 16 CPID Input Files - Anonymization,oncology_phase3,96.5,95.5,1.0,Low,Low,Low,Low
Subject 4427,Site 697,0.0,0.0,0.0,0.0,Study 16 CPID Input Files - Anonymization,oncology_phase3,96.5,95.5,1.0,Low,Low,Low,Low
Subject 4428,Site 697,0.0,0.0,0.0,0.0,Study 16 CPID Input Files - Anonymization,oncology_phase3,96.5,95.5,1.0,Low,Low,Low,Low
Subject 4429,Site 697,0.0,0.0,0.0,0.0,Study 16 CPID Input Files - Anonymization,oncology_phase3,96.5,95.5,1.0,Low,Low,Low,Low
Subject 4430,Site 697,0.0,0.0,0.0,0.0,Study 16 CPID Input Files - Anonymization,oncology_phase3,96.5,95.5,1.0,Low,Low,Low,Low
Subject 4431,Site 698,0.0,0.0,0.0,0.0,Study 16 CPID Input Files - Anonymization,oncology_phase3,96.5,95.5,1.0,Low,Low,Low,Low
Subject 4432,Site 698,0.0,0.0,0.0,0.0,Study 16 CPID Input Files - Anonymization,oncology_phase3,96.5,95.5,1.0,Low,Low,Low,Low
Subject 4433,Site 698,0.0,0.0,0.0,0.0,Study 16 CPID Input Files - Anonymization,oncology_phase3,96.5,95.5,1.0,Low,Low,Low,Low
Subject 4434,Site 699,0.0,0.0,0.0,0.0,Study 16 CPID Input Files - Anonymization,oncology_phase3,96.5,95.5,1.0,Low,Low,Low,Low
Subject 4435,Site 699,0.0,0.0,0.0,0.0,Study 16 CPID Input Files - Anonymization,oncology_phase3,96.5,95.5,1.0,Low,Low,Low,Low
Subject 4436,Site 699,0.0,0.0,1.0,0.0,Study 16 CPID Input Files - Anonymization,oncology_phase3,94.6,93.0,1.6,Low,Low,Low,Low
Subject 4437,Site 699,0.0,0.0,0.0,0.0,Study 16 CPID Input Files - Anonymization,oncology_phase3,96.5,95.5,1.0,Low,Low,Low,Low
Subject 4438,Site 699,0.0,0.0,0.0,0.0,Study 16 CPID Input Files - Anonymization,oncology_phase3,96.5,95.5,1.0,Low,Low,Low,Low
Subject 4439,Site 699,0.0,0.0,0.0,0.0,Study 16 CPID Input Files - Anonymization,oncology_phase3,96.5,95.5,1.0,Low,Low,Low,Low
Subject 4440,Site 699,0.0,0.0,1.0,0.0,Study 16 CPID Input Files - Anonymization,oncology_phase3,94.6,93.0,1.6,Low,Low,Low,Low
Subject 4441,Site 700,0.0,0.0,0.0,0.0,Study 16 CPID Input Files - Anonymization,oncology_phase3,96.5,95.5,1.0,Low,Low,Low,Low
Subject 4442,Site 700,0.0,0.0,0.0,0.0,Study 16 CPID Input Files - Anonymization,oncology_phase3,96.5,95.5,1.0,Low,Low,Low,Low
Subject 4443,Site 700,0.0,0.0,0.0,0.0,Study 16 CPID Input Files - Anonymization,oncology_phase3,96.5,95.5,1.0,Low,Low,Low,Low
Subject 4444,Site 701,0.0,0.0,0.0,0.0,Study 16 CPID Input Files - Anonymization,oncology_phase3,96.5,95.5,1.0,Low,Low,Low,Low
Subject 4445,Site 701,0.0,0.0,0.0,0.0,Study 16 CPID Input Files - Anonymization,oncology_phase3,96.5,95.5,1.0,Low,Low,Low,Low
Subject 4446,Site 701,0.0,0.0,0.0,0.0,Study 16 CPID Input Files - Anonymization,oncology_phase3,96.5,95.5,1.0,Low,Low,Low,Low
Subject 4447,Site 701,0.0,0.0,0.0,0.0,Study 16 CPID Input Files - Anonymization,oncology_phase3,96.5,95.5,1.0,Low,Low,Low,Low
Subject 4448,Site 701,0.0,0.0,4.0,0.0,Study 16 CPID Input Files - Anonymization,oncology_phase3,88.8,85.5,3.3,Low,Low,Low,Low
Subject 4449,Site 701,0.0,0.0,0.0,0.0,Study 16 CPID Input Files - Anonymization,oncology_phase3,96.5,95.5,1.0,Low,Low,Low,Low
Subject 4450,Site 701,0.0,0.0,0.0,0.0,Study 16 CPID Input Files - Anonymization,oncology_phase3,96.5,95.5,1.0,Low,Low,Low,Low
Subject 4451,Site 702,0.0,0.0,5.0,0.0,Study 16 CPID Input Files - Anonymization,oncology_phase3,86.9,83.0,3.9,Low,Medium,Low,Low
Subject 4452,Site 702,0.0,0.0,4.0,0.0,Study 16 CPID Input Files - Anonymization,oncology_phase3,88.8,85.5,3.3,Low,Low,Low,Low
Subject 4453,Site 702,0.0,0.0,0.0,0.0,Study 16 CPID Input Files - Anonymization,oncology_phase3,96.5,95.5,1.0,Low,Low,Low,Low
Subject 4454,Site 702,0.0,0.0,2.0,0.0,Study 16 CPID Input Files - Anonymization,oncology_phase3,92.7,90.5,2.2,Low,Low,Low,Low
Subject 4455,Site 702,0.0,0.0,0.0,0.0,Study 16 CPID Input Files - Anonymization,oncology_phase3,96.5,95.5,1.0,Low,Low,Low,Low
Subject 4456,Site 702,0.0,0.0,1.0,0.0,Study 16 CPID Input Files - Anonymization,oncology_phase3,94.6,93.0,1.6,Low,Low,Low,Low
Subject 4457,Site 702,0.0,0.0,0.0,0.0,Study 16 CPID Input Files - Anonymization,oncology_phase3,96.5,95.5,1.0,Low,Low,Low,Low
Subject 4458,Site 702,0.0,0.0,0.0,0.0,Study 16 CPID Input Files - Anonymization,oncology_phase3,96.5,95.5,1.0,Low,Low,Low,Low
Subject 4459,Site 703,0.0,0.0,0.0,0.0,Study 16 CPID Input Files - Anonymization,oncology_phase3,96.5,95.5,1.0,Low,Low,Low,Low
Subject 4460,Site 703,0.0,0.0,0.0,0.0,Study 16 CPID Input Files - Anonymization,oncology_phase3,96.5,95.5,1.0,Low,Low,Low,Low
Subject 4461,Site 703,0.0,0.0,0.0,0.0,Study 16 CPID Input Files - Anonymization,oncology_phase3,96.5,95.5,1.0,Low,Low,Low,Low
Subject 4462,Site 703,0.0,0.0,0.0,0.0,Study 16 CPID Input Files - Anonymization,oncology_phase3,96.5,95.5,1.0,Low,Low,Low,Low
Subject 4463,Site 703,0.0,0.0,0.0,0.0,Study 16 CPID Input Files - Anonymization,oncology_phase3,96.5,95.5,1.0,Low,Low,Low,Low
Subject 4464,Site 704,0.0,0.0,0.0,0.0,Study 16 CPID Input Files - Anonymization,oncology_phase3,96.5,95.5,1.0,Low,Low,Low,Low
Subject 4465,Site 705,0.0,0.0,0.0,0.0,Study 16 CPID Input Files - Anonymization,oncology_phase3,96.5,95.5,1.0,Low,Low,Low,Low
Subject 4466,Site 705,0.0,0.0,0.0,0.0,Study 16 CPID Input Files - Anonymization,oncology_phase3,96.5,95.5,1.0,Low,Low,Low,Low
Subject 4467,Site 705,0.0,0.0,0.0,0.0,Study 16 CPID Input Files - Anonymization,oncology_phase3,96.5,95.5,1.0,Low,Low,Low,Low
Subject 4468,Site 706,0.0,0.0,0.0,0.0,Study 16 CPID Input Files - Anonymization,oncology_phase3,96.5,95.5,1.0,Low,Low,Low,Low
Subject 4469,Site 706,0.0,0.0,0.0,0.0,Study 16 CPID Input Files - Anonymization,oncology_phase3,96.5,95.5,1.0,Low,Low,Low,Low
Subject 4470,Site 706,0.0,0.0,1.0,0.0,Study 16 CPID Input Files - Anonymization,oncology_phase3,94.6,93.0,1.6,Low,Low,Low,Low
Subject 4471,Site 707,0.0,0.0,0.0,0.0,Study 16 CPID Input Files - Anonymization,oncology_phase3,96.5,95.5,1.0,Low,Low,Low,Low
Subject 4472,Site 707,0.0,0.0,0.0,0.0,Study 16 CPID Input Files - Anonymization,oncology_phase3,96.5,95.5,1.0,Low,Low,Low,Low
Subject 4473,Site 708,0.0,0.0,0.0,0.0,Study 16 CPID Input Files - Anonymization,oncology_phase3,96.5,95.5,1.0,Low,Low,Low,Low
Subject 4474,Site 708,0.0,0.0,2.0,0.0,Study 16 CPID Input Files - Anonymization,oncology_phase3,92.7,90.5,2.2,Low,Low,Low,Low
Subject 4475,Site 708,0.0,0.0,0.0,0.0,Study 16 CPID Input Files - Anonymization,oncology_phase3,96.5,95.5,1.0,Low,Low,Low,Low
Subject 4476,Site 708,0.0,0.0,0.0,0.0,Study 16 CPID Input Files - Anonymization,oncology_phase3,96.5,95.5,1.0,Low,Low,Low,Low
Subject 4477,Site 708,0.0,0.0,2.0,0.0,Study 16 CPID Input Files - Anonymization,oncology_phase3,92.7,90.5,2.2,Low,Low,Low,Low
Subject 4478,Site 708,0.0,0.0,2.0,0.0,Study 16 CPID Input Files - Anonymization,oncology_phase3,92.7,90.5,2.2,Low,Low,Low,Low
Subject 4479,Site 709,0.0,0.0,1.0,0.0,Study 16 CPID Input Files - Anonymization,oncology_phase3,94.6,93.0,1.6,Low,Low,Low,Low
Subject 4480,Site 709,0.0,0.0,1.0,0.0,Study 16 CPID Input Files - Anonymization,oncology_phase3,94.6,93.0,1.6,Low,Low,Low,Low
Subject 4481,Site 710,0.0,0.0,0.0,0.0,Study 16 CPID Input Files - Anonymization,oncology_phase3,96.5,95.5,1.0,Low,Low,Low,Low
Subject 4482,Site 710,0.0,0.0,0.0,0.0,Study 16 CPID Input Files - Anonymization,oncology_phase3,96.5,95.5,1.0,Low,Low,Low,Low
Subject 4483,Site 711,0.0,0.0,0.0,0.0,Study 16 CPID Input Files - Anonymization,oncology_phase3,96.5,95.5,1.0,Low,Low,Low,Low
Subject 4484,Site 711,0.0,0.0,0.0,0.0,Study 16 CPID Input Files - Anonymization,oncology_phase3,96.5,95.5,1.0,Low,Low,Low,Low
Subject 4485,Site 711,0.0,0.0,0.0,0.0,Study 16 CPID Input Files - Anonymization,oncology_phase3,96.5,95.5,1.0,Low,Low,Low,Low
Subject 4486,Site 711,0.0,0.0,0.0,0.0,Study 16 CPID Input Files - Anonymization,oncology_phase3,96.5,95.5,1.0,Low,Low,Low,Low
Subject 4487,Site 711,0.0,0.0,0.0,0.0,Study 16 CPID Input Files - Anonymization,oncology_phase3,96.5,95.5,1.0,Low,Low,Low,Low
Subject 4488,Site 711,0.0,0.0,0.0,0.0,Study 16 CPID Input Files - Anonymization,oncology_phase3,96.5,95.5,1.0,Low,Low,Low,Low
Subject 4489,Site 711,0.0,0.0,0.0,0.0,Study 16 CPID Input Files - Anonymization,oncology_phase3,96.5,95.5,1.0,Low,Low,Low,Low
Subject 4490,Site 711,0.0,0.0,0.0,0.0,Study 16 CPID Input Files - Anonymization,oncology_phase3,96.5,95.5,1.0,Low,Low,Low,Low
Subject 4491,Site 711,0.0,0.0,0.0,0.0,Study 16 CPID Input Files - Anonymization,oncology_phase3,96.5,95.5,1.0,Low,Low,Low,Low
Subject 4492,Site 711,0.0,0.0,0.0,0.0,Study 16 CPID Input Files - Anonymization,oncology_phase3,96.5,95.5,1.0,Low,Low,Low,Low
Subject 4493,Site 711,0.0,0.0,0.0,0.0,Study 16 CPID Input Files - Anonymization,oncology_phase3,96.5,95.5,1.0,Low,Low,Low,Low
Subject 4494,Site 711,0.0,0.0,0.0,0.0,Study 16 CPID Input Files - Anonymization,oncology_phase3,96.5,95.5,1.0,Low,Low,Low,Low
Subject 4495,Site 711,0.0,0.0,0.0,0.0,Study 16 CPID Input Files - Anonymization,oncology_phase3,96.5,95.5,1.0,Low,Low,Low,Low
Subject 4496,Site 711,0.0,0.0,0.0,0.0,Study 16 CPID Input Files - Anonymization,oncology_phase3,96.5,95.5,1.0,Low,Low,Low,Low
Subject 4497,Site 712,0.0,0.0,0.0,0.0,Study 16 CPID Input Files - Anonymization,oncology_phase3,96.5,95.5,1.0,Low,Low,Low,Low
Subject 4498,Site 712,0.0,0.0,0.0,0.0,Study 16 CPID Input Files - Anonymization,oncology_phase3,96.5,95.5,1.0,Low,Low,Low,Low
Subject 4499,Site 712,0.0,0.0,0.0,0.0,Study 16 CPID Input Files - Anonymization,oncology_phase3,96.5,95.5,1.0,Low,Low,Low,Low
Subject 4500,Site 712,0.0,0.0,0.0,0.0,Study 16 CPID Input Files - Anonymization,oncology_phase3,96.5,95.5,1.0,Low,Low,Low,Low
Subject 4501,Site 713,0.0,0.0,0.0,0.0,Study 16 CPID Input Files - Anonymization,oncology_phase3,96.5,95.5,1.0,Low,Low,Low,Low
Subject 4502,Site 713,0.0,0.0,0.0,0.0,Study 16 CPID Input Files - Anonymization,oncology_phase3,96.5,95.5,1.0,Low,Low,Low,Low
Subject 4503,Site 714,0.0,0.0,0.0,0.0,Study 16 CPID Input Files - Anonymization,oncology_phase3,96.5,95.5,1.0,Low,Low,Low,Low
Subject 4504,Site 714,0.0,0.0,0.0,0.0,Study 16 CPID Input Files - Anonymization,oncology_phase3,96.5,95.5,1.0,Low,Low,Low,Low
Subject 4505,Site 714,0.0,0.0,0.0,0.0,Study 16 CPID Input Files - Anonymization,oncology_phase3,96.5,95.5,1.0,Low,Low,Low,Low
Subject 4506,Site 715,0.0,0.0,0.0,0.0,Study 16 CPID Input Files - Anonymization,oncology_phase3,96.5,95.5,1.0,Low,Low,Low,Low
Subject 4507,Site 715,0.0,0.0,0.0,0.0,Study 16 CPID Input Files - Anonymization,oncology_phase3,96.5,95.5,1.0,Low,Low,Low,Low
Subject 4508,Site 715,0.0,0.0,0.0,0.0,Study 16 CPID Input Files - Anonymization,oncology_phase3,96.5,95.5,1.0,Low,Low,Low,Low
Subject 4509,Site 716,0.0,0.0,0.0,0.0,Study 16 CPID Input Files - Anonymization,oncology_phase3,96.5,95.5,1.0,Low,Low,Low,Low
Subject 4510,Site 717,0.0,0.0,0.0,0.0,Study 16 CPID Input Files - Anonymization,oncology_phase3,96.5,95.5,1.0,Low,Low,Low,Low
Subject 4511,Site 717,0.0,0.0,0.0,0.0,Study 16 CPID Input Files - Anonymization,oncology_phase3,96.5,95.5,1.0,Low,Low,Low,Low
Subject 4512,Site 717,0.0,0.0,1.0,0.0,Study 16 CPID Input Files - Anonymization,oncology_phase3,94.6,93.0,1.6,Low,Low,Low,Low
Subject 4513,Site 718,0.0,0.0,0.0,0.0,Study 16 CPID Input Files - Anonymization,oncology_phase3,96.5,95.5,1.0,Low,Low,Low,Low
Subject 4514,Site 719,0.0,0.0,0.0,0.0,Study 16 CPID Input Files - Anonymization,oncology_phase3,96.5,95.5,1.0,Low,Low,Low,Low
Subject 4515,Site 719,0.0,0.0,0.0,0.0,Study 16 CPID Input Files - Anonymization,oncology_phase3,96.5,95.5,1.0,Low,Low,Low,Low
Subject 4516,Site 720,0.0,0.0,0.0,0.0,Study 16 CPID Input Files - Anonymization,oncology_phase3,96.5,95.5,1.0,Low,Low,Low,Low
Subject 4517,Site 720,0.0,0.0,3.0,0.0,Study 16 CPID Input Files - Anonymization,oncology_phase3,90.7,88.0,2.7,Low,Low,Low,Low
Subject 4518,Site 720,0.0,0.0,0.0,0.0,Study 16 CPID Input Files - Anonymization,oncology_phase3,96.5,95.5,1.0,Low,Low,Low,Low
Subject 4519,Site 721,0.0,0.0,0.0,0.0,Study 16 CPID Input Files - Anonymization,oncology_phase3,96.5,95.5,1.0,Low,Low,Low,Low
Subject 4520,Site 721,0.0,0.0,1.0,0.0,Study 16 CPID Input Files - Anonymization,oncology_phase3,94.6,93.0,1.6,Low,Low,Low,Low
Subject 4521,Site 721,0.0,0.0,0.0,0.0,Study 16 CPID Input Files - Anonymization,oncology_phase3,96.5,95.5,1.0,Low,Low,Low,Low
Subject 4522,Site 722,0.0,0.0,0.0,0.0,Study 16 CPID Input Files - Anonymization,oncology_phase3,96.5,95.5,1.0,Low,Low,Low,Low
Subject 4523,Site 722,0.0,0.0,0.0,0.0,Study 16 CPID Input Files - Anonymization,oncology_phase3,96.5,95.5,1.0,Low,Low,Low,Low
Subject 4524,Site 722,0.0,0.0,1.0,0.0,Study 16 CPID Input Files - Anonymization,oncology_phase3,94.6,93.0,1.6,Low,Low,Low,Low
Subject 4525,Site 723,0.0,0.0,0.0,0.0,Study 16 CPID Input Files - Anonymization,oncology_phase3,96.5,95.5,1.0,Low,Low,Low,Low
Subject 4526,Site 723,0.0,0.0,0.0,0.0,Study 16 CPID Input Files - Anonymization,oncology_phase3,96.5,95.5,1.0,Low,Low,Low,Low
Subject 4527,Site 723,0.0,0.0,0.0,0.0,Study 16 CPID Input Files - Anonymization,oncology_phase3,96.5,95.5,1.0,Low,Low,Low,Low
Subject 4528,Site 723,0.0,0.0,0.0,0.0,Study 16 CPID Input Files - Anonymization,oncology_phase3,96.5,95.5,1.0,Low,Low,Low,Low
Subject 4529,Site 723,0.0,0.0,0.0,0.0,Study 16 CPID Input Files - Anonymization,oncology_phase3,96.5,95.5,1.0,Low,Low,Low,Low
Subject 4530,Site 723,0.0,0.0,0.0,0.0,Study 16 CPID Input Files - Anonymization,oncology_phase3,96.5,95.5,1.0,Low,Low,Low,Low
Subject 4531,Site 723,0.0,0.0,0.0,0.0,Study 16 CPID Input Files - Anonymization,oncology_phase3,96.5,95.5,1.0,Low,Low,Low,Low
Subject 4532,Site 723,0.0,0.0,0.0,0.0,Study 16 CPID Input Files - Anonymization,oncology_phase3,96.5,95.5,1.0,Low,Low,Low,Low
Subject 4533,Site 723,0.0,0.0,0.0,0.0,Study 16 CPID Input Files - Anonymization,oncology_phase3,96.5,95.5,1.0,Low,Low,Low,Low
Subject 4534,Site 723,0.0,0.0,0.0,0.0,Study 16 CPID Input Files - Anonymization,oncology_phase3,96.5,95.5,1.0,Low,Low,Low,Low
Subject 4535,Site 724,0.0,0.0,0.0,0.0,Study 16 CPID Input Files - Anonymization,oncology_phase3,96.5,95.5,1.0,Low,Low,Low,Low
Subject 4536,Site 724,0.0,0.0,0.0,0.0,Study 16 CPID Input Files - Anonymization,oncology_phase3,96.5,95.5,1.0,Low,Low,Low,Low
Subject 4537,Site 724,0.0,0.0,0.0,0.0,Study 16 CPID Input Files - Anonymization,oncology_phase3,96.5,95.5,1.0,Low,Low,Low,Low
Subject 4538,Site 725,0.0,0.0,5.0,0.0,Study 16 CPID Input Files - Anonymization,oncology_phase3,86.9,83.0,3.9,Low,Medium,Low,Low
Subject 4539,Site 725,0.0,0.0,0.0,0.0,Study 16 CPID Input Files - Anonymization,oncology_phase3,96.5,95.5,1.0,Low,Low,Low,Low
Subject 4540,Site 725,0.0,0.0,4.0,0.0,Study 16 CPID Input Files - Anonymization,oncology_phase3,88.8,85.5,3.3,Low,Low,Low,Low
Subject 4541,Site 725,0.0,0.0,3.0,0.0,Study 16 CPID Input Files - Anonymization,oncology_phase3,90.7,88.0,2.7,Low,Low,Low,Low
Subject 4542,Site 725,0.0,0.0,3.0,0.0,Study 16 CPID Input Files - Anonymization,oncology_phase3,90.7,88.0,2.7,Low,Low,Low,Low
Subject 4543,Site 725,0.0,0.0,0.0,0.0,Study 16 CPID Input Files - Anonymization,oncology_phase3,96.5,95.5,1.0,Low,Low,Low,Low
Subject 4544,Site 725,0.0,0.0,2.0,0.0,Study 16 CPID Input Files - Anonymization,oncology_phase3,92.7,90.5,2.2,Low,Low,Low,Low
Subject 4545,Site 725,0.0,0.0,0.0,0.0,Study 16 CPID Input Files - Anonymization,oncology_phase3,96.5,95.5,1.0,Low,Low,Low,Low
Subject 4546,Site 725,0.0,0.0,0.0,0.0,Study 16 CPID Input Files - Anonymization,oncology_phase3,96.5,95.5,1.0,Low,Low,Low,Low
Subject 4547,Site 725,0.0,0.0,4.0,0.0,Study 16 CPID Input Files - Anonymization,oncology_phase3,88.8,85.5,3.3,Low,Low,Low,Low
Subject 4548,Site 725,0.0,0.0,3.0,0.0,Study 16 CPID Input Files - Anonymization,oncology_phase3,90.7,88.0,2.7,Low,Low,Low,Low
Subject 4549,Site 726,0.0,0.0,0.0,0.0,Study 16 CPID Input Files - Anonymization,oncology_phase3,96.5,95.5,1.0,Low,Low,Low,Low
Subject 4550,Site 726,0.0,0.0,0.0,0.0,Study 16 CPID Input Files - Anonymization,oncology_phase3,96.5,95.5,1.0,Low,Low,Low,Low
Subject 4551,Site 726,0.0,0.0,0.0,0.0,Study 16 CPID Input Files - Anonymization,oncology_phase3,96.5,95.5,1.0,Low,Low,Low,Low
Subject 4552,Site 726,0.0,0.0,0.0,0.0,Study 16 CPID Input Files - Anonymization,oncology_phase3,96.5,95.5,1.0,Low,Low,Low,Low
Subject 4553,Site 726,0.0,0.0,0.0,0.0,Study 16 CPID Input Files - Anonymization,oncology_phase3,96.5,95.5,1.0,Low,Low,Low,Low
Subject 4554,Site 727,0.0,0.0,0.0,0.0,Study 16 CPID Input Files - Anonymization,oncology_phase3,96.5,95.5,1.0,Low,Low,Low,Low
Subject 4555,Site 727,0.0,0.0,0.0,0.0,Study 16 CPID Input Files - Anonymization,oncology_phase3,96.5,95.5,1.0,Low,Low,Low,Low
Subject 4556,Site 727,0.0,0.0,1.0,0.0,Study 16 CPID Input Files - Anonymization,oncology_phase3,94.6,93.0,1.6,Low,Low,Low,Low
Subject 4557,Site 727,0.0,0.0,0.0,0.0,Study 16 CPID Input Files - Anonymization,oncology_phase3,96.5,95.5,1.0,Low,Low,Low,Low
Subject 4558,Site 727,0.0,0.0,1.0,0.0,Study 16 CPID Input Files - Anonymization,oncology_phase3,94.6,93.0,1.6,Low,Low,Low,Low
Subject 4559,Site 728,0.0,0.0,0.0,0.0,Study 16 CPID Input Files - Anonymization,oncology_phase3,96.5,95.5,1.0,Low,Low,Low,Low
Subject 4560,Site 728,0.0,0.0,0.0,0.0,Study 16 CPID Input Files - Anonymization,oncology_phase3,96.5,95.5,1.0,Low,Low,Low,Low
Subject 4561,Site 729,0.0,0.0,0.0,0.0,Study 16 CPID Input Files - Anonymization,oncology_phase3,96.5,95.5,1.0,Low,Low,Low,Low
Subject 4562,Site 729,0.0,0.0,0.0,0.0,Study 16 CPID Input Files - Anonymization,oncology_phase3,96.5,95.5,1.0,Low,Low,Low,Low
Subject 4563,Site 729,0.0,0.0,0.0,0.0,Study 16 CPID Input Files - Anonymization,oncology_phase3,96.5,95.5,1.0,Low,Low,Low,Low
Subject 4564,Site 729,0.0,0.0,0.0,0.0,Study 16 CPID Input Files - Anonymization,oncology_phase3,96.5,95.5,1.0,Low,Low,Low,Low
Subject 4565,Site 729,0.0,0.0,0.0,0.0,Study 16 CPID Input Files - Anonymization,oncology_phase3,96.5,95.5,1.0,Low,Low,Low,Low
Subject 4566,Site 730,0.0,0.0,0.0,0.0,Study 16 CPID Input Files - Anonymization,oncology_phase3,96.5,95.5,1.0,Low,Low,Low,Low
Subject 4567,Site 730,0.0,0.0,0.0,0.0,Study 16 CPID Input Files - Anonymization,oncology_phase3,96.5,95.5,1.0,Low,Low,Low,Low
Subject 4568,Site 731,0.0,0.0,0.0,0.0,Study 16 CPID Input Files - Anonymization,oncology_phase3,96.5,95.5,1.0,Low,Low,Low,Low
Subject 4569,Site 731,0.0,0.0,0.0,0.0,Study 16 CPID Input Files - Anonymization,oncology_phase3,96.5,95.5,1.0,Low,Low,Low,Low
Subject 4570,Site 731,0.0,0.0,0.0,0.0,Study 16 CPID Input Files - Anonymization,oncology_phase3,96.5,95.5,1.0,Low,Low,Low,Low
Subject 4571,Site 731,0.0,0.0,0.0,0.0,Study 16 CPID Input Files - Anonymization,oncology_phase3,96.5,95.5,1.0,Low,Low,Low,Low
Subject 4572,Site 732,0.0,0.0,0.0,0.0,Study 16 CPID Input Files - Anonymization,oncology_phase3,96.5,95.5,1.0,Low,Low,Low,Low
Subject 4573,Site 732,0.0,0.0,0.0,0.0,Study 16 CPID Input Files - Anonymization,oncology_phase3,96.5,95.5,1.0,Low,Low,Low,Low
Subject 4574,Site 732,0.0,0.0,0.0,0.0,Study 16 CPID Input Files - Anonymization,oncology_phase3,96.5,95.5,1.0,Low,Low,Low,Low
Subject 4575,Site 732,0.0,0.0,0.0,0.0,Study 16 CPID Input Files - Anonymization,oncology_phase3,96.5,95.5,1.0,Low,Low,Low,Low
Subject 4576,Site 732,0.0,0.0,0.0,0.0,Study 16 CPID Input Files - Anonymization,oncology_phase3,96.5,95.5,1.0,Low,Low,Low,Low
Subject 4577,Site 733,0.0,0.0,0.0,0.0,Study 16 CPID Input Files - Anonymization,oncology_phase3,96.5,95.5,1.0,Low,Low,Low,Low
Subject 4578,Site 733,0.0,0.0,0.0,0.0,Study 16 CPID Input Files - Anonymization,oncology_phase3,96.5,95.5,1.0,Low,Low,Low,Low
Subject 4579,Site 733,0.0,0.0,0.0,0.0,Study 16 CPID Input Files - Anonymization,oncology_phase3,96.5,95.5,1.0,Low,Low,Low,Low
Subject 4580,Site 733,0.0,0.0,0.0,0.0,Study 16 CPID Input Files - Anonymization,oncology_phase3,96.5,95.5,1.0,Low,Low,Low,Low
Subject 4581,Site 733,0.0,0.0,0.0,0.0,Study 16 CPID Input Files - Anonymization,oncology_phase3,96.5,95.5,1.0,Low,Low,Low,Low
Subject 4582,Site 734,0.0,0.0,0.0,0.0,Study 16 CPID Input Files - Anonymization,oncology_phase3,96.5,95.5,1.0,Low,Low,Low,Low
Subject 4583,Site 734,0.0,0.0,0.0,0.0,Study 16 CPID Input Files - Anonymization,oncology_phase3,96.5,95.5,1.0,Low,Low,Low,Low
Subject 4584,Site 734,0.0,0.0,0.0,0.0,Study 16 CPID Input Files - Anonymization,oncology_phase3,96.5,95.5,1.0,Low,Low,Low,Low
Subject 4585,Site 735,0.0,0.0,3.0,0.0,Study 16 CPID Input Files - Anonymization,oncology_phase3,90.7,88.0,2.7,Low,Low,Low,Low
Subject 4586,Site 735,0.0,0.0,0.0,0.0,Study 16 CPID Input Files - Anonymization,oncology_phase3,96.5,95.5,1.0,Low,Low,Low,Low
Subject 4587,Site 735,0.0,0.0,1.0,0.0,Study 16 CPID Input Files - Anonymization,oncology_phase3,94.6,93.0,1.6,Low,Low,Low,Low
Subject 4588,Site 735,0.0,0.0,1.0,0.0,Study 16 CPID Input Files - Anonymization,oncology_phase3,94.6,93.0,1.6,Low,Low,Low,Low
Subject 4589,Site 735,0.0,0.0,2.0,0.0,Study 16 CPID Input Files - Anonymization,oncology_phase3,92.7,90.5,2.2,Low,Low,Low,Low
Subject 4590,Site 735,0.0,0.0,0.0,0.0,Study 16 CPID Input Files - Anonymization,oncology_phase3,96.5,95.5,1.0,Low,Low,Low,Low
Subject 4591,Site 736,0.0,0.0,0.0,0.0,Study 16 CPID Input Files - Anonymization,oncology_phase3,96.5,95.5,1.0,Low,Low,Low,Low
Subject 4592,Site 736,0.0,0.0,0.0,0.0,Study 16 CPID Input Files - Anonymization,oncology_phase3,96.5,95.5,1.0,Low,Low,Low,Low
Subject 4593,Site 736,0.0,0.0,0.0,0.0,Study 16 CPID Input Files - Anonymization,oncology_phase3,96.5,95.5,1.0,Low,Low,Low,Low
Subject 4594,Site 736,0.0,0.0,0.0,0.0,Study 16 CPID Input Files - Anonymization,oncology_phase3,96.5,95.5,1.0,Low,Low,Low,Low
Subject 4595,Site 736,0.0,0.0,0.0,0.0,Study 16 CPID Input Files - Anonymization,oncology_phase3,96.5,95.5,1.0,Low,Low,Low,Low
Subject 4596,Site 736,0.0,0.0,0.0,0.0,Study 16 CPID Input Files - Anonymization,oncology_phase3,96.5,95.5,1.0,Low,Low,Low,Low
Subject 4597,Site 736,0.0,0.0,3.0,0.0,Study 16 CPID Input Files - Anonymization,oncology_phase3,90.7,88.0,2.7,Low,Low,Low,Low
Subject 4598,Site 737,0.0,0.0,0.0,0.0,Study 16 CPID Input Files - Anonymization,oncology_phase3,96.5,95.5,1.0,Low,Low,Low,Low
Subject 4599,Site 737,0.0,0.0,0.0,0.0,Study 16 CPID Input Files - Anonymization,oncology_phase3,96.5,95.5,1.0,Low,Low,Low,Low
Subject 4600,Site 737,0.0,0.0,0.0,0.0,Study 16 CPID Input Files - Anonymization,oncology_phase3,96.5,95.5,1.0,Low,Low,Low,Low
Subject 4601,Site 737,0.0,0.0,0.0,0.0,Study 16 CPID Input Files - Anonymization,oncology_phase3,96.5,95.5,1.0,Low,Low,Low,Low
Subject 4602,Site 737,0.0,0.0,0.0,0.0,Study 16 CPID Input Files - Anonymization,oncology_phase3,96.5,95.5,1.0,Low,Low,Low,Low
Subject 4603,Site 737,0.0,0.0,0.0,0.0,Study 16 CPID Input Files - Anonymization,oncology_phase3,96.5,95.5,1.0,Low,Low,Low,Low
Subject 4604,Site 737,0.0,0.0,0.0,0.0,Study 16 CPID Input Files - Anonymization,oncology_phase3,96.5,95.5,1.0,Low,Low,Low,Low
Subject 4605,Site 738,0.0,0.0,0.0,0.0,Study 16 CPID Input Files - Anonymization,oncology_phase3,96.5,95.5,1.0,Low,Low,Low,Low
Subject 4606,Site 739,0.0,0.0,0.0,0.0,Study 16 CPID Input Files - Anonymization,oncology_phase3,96.5,95.5,1.0,Low,Low,Low,Low
Subject 4607,Site 739,0.0,0.0,0.0,0.0,Study 16 CPID Input Files - Anonymization,oncology_phase3,96.5,95.5,1.0,Low,Low,Low,Low
Subject 4608,Site 740,0.0,0.0,0.0,0.0,Study 16 CPID Input Files - Anonymization,oncology_phase3,96.5,95.5,1.0,Low,Low,Low,Low
Subject 4609,Site 740,0.0,0.0,2.0,0.0,Study 16 CPID Input Files - Anonymization,oncology_phase3,92.7,90.5,2.2,Low,Low,Low,Low
Subject 4610,Site 740,0.0,0.0,2.0,0.0,Study 16 CPID Input Files - Anonymization,oncology_phase3,92.7,90.5,2.2,Low,Low,Low,Low
Subject 4611,Site 740,0.0,0.0,0.0,0.0,Study 16 CPID Input Files - Anonymization,oncology_phase3,96.5,95.5,1.0,Low,Low,Low,Low
Subject 4612,Site 740,0.0,0.0,2.0,0.0,Study 16 CPID Input Files - Anonymization,oncology_phase3,92.7,90.5,2.2,Low,Low,Low,Low
Subject 4613,Site 740,0.0,0.0,1.0,0.0,Study 16 CPID Input Files - Anonymization,oncology_phase3,94.6,93.0,1.6,Low,Low,Low,Low
Subject 4614,Site 740,0.0,0.0,0.0,0.0,Study 16 CPID Input Files - Anonymization,oncology_phase3,96.5,95.5,1.0,Low,Low,Low,Low
Subject 4615,Site 741,0.0,0.0,1.0,0.0,Study 16 CPID Input Files - Anonymization,oncology_phase3,94.6,93.0,1.6,Low,Low,Low,Low
Subject 4616,Site 741,0.0,0.0,1.0,0.0,Study 16 CPID Input Files - Anonymization,oncology_phase3,94.6,93.0,1.6,Low,Low,Low,Low
Subject 4617,Site 742,0.0,0.0,1.0,0.0,Study 16 CPID Input Files - Anonymization,oncology_phase3,94.6,93.0,1.6,Low,Low,Low,Low
Subject 4618,Site 742,0.0,0.0,0.0,0.0,Study 16 CPID Input Files - Anonymization,oncology_phase3,96.5,95.5,1.0,Low,Low,Low,Low
Subject 4619,Site 742,0.0,0.0,1.0,0.0,Study 16 CPID Input Files - Anonymization,oncology_phase3,94.6,93.0,1.6,Low,Low,Low,Low
Subject 4620,Site 742,0.0,0.0,1.0,0.0,Study 16 CPID Input Files - Anonymization,oncology_phase3,94.6,93.0,1.6,Low,Low,Low,Low
Subject 4621,Site 742,0.0,0.0,0.0,0.0,Study 16 CPID Input Files - Anonymization,oncology_phase3,96.5,95.5,1.0,Low,Low,Low,Low
Subject 4622,Site 742,0.0,0.0,0.0,0.0,Study 16 CPID Input Files - Anonymization,oncology_phase3,96.5,95.5,1.0,Low,Low,Low,Low
Subject 4623,Site 742,0.0,0.0,3.0,0.0,Study 16 CPID Input Files - Anonymization,oncology_phase3,90.7,88.0,2.7,Low,Low,Low,Low
Subject 4624,Site 742,0.0,0.0,1.0,0.0,Study 16 CPID Input Files - Anonymization,oncology_phase3,94.6,93.0,1.6,Low,Low,Low,Low
Subject 4625,Site 743,0.0,0.0,0.0,0.0,Study 16 CPID Input Files - Anonymization,oncology_phase3,96.5,95.5,1.0,Low,Low,Low,Low
Subject 4626,Site 743,0.0,0.0,0.0,0.0,Study 16 CPID Input Files - Anonymization,oncology_phase3,96.5,95.5,1.0,Low,Low,Low,Low
Subject 4627,Site 743,0.0,0.0,0.0,0.0,Study 16 CPID Input Files - Anonymization,oncology_phase3,96.5,95.5,1.0,Low,Low,Low,Low
Subject 4628,Site 743,0.0,0.0,0.0,0.0,Study 16 CPID Input Files - Anonymization,oncology_phase3,96.5,95.5,1.0,Low,Low,Low,Low
Subject 4629,Site 743,0.0,0.0,0.0,0.0,Study 16 CPID Input Files - Anonymization,oncology_phase3,96.5,95.5,1.0,Low,Low,Low,Low
Subject 4630,Site 744,0.0,0.0,0.0,0.0,Study 16 CPID Input Files - Anonymization,oncology_phase3,96.5,95.5,1.0,Low,Low,Low,Low
Subject 4631,Site 745,0.0,0.0,2.0,0.0,Study 16 CPID Input Files - Anonymization,oncology_phase3,92.7,90.5,2.2,Low,Low,Low,Low
Subject 4632,Site 745,0.0,0.0,1.0,0.0,Study 16 CPID Input Files - Anonymization,oncology_phase3,94.6,93.0,1.6,Low,Low,Low,Low
Subject 4633,Site 745,0.0,0.0,1.0,0.0,Study 16 CPID Input Files - Anonymization,oncology_phase3,94.6,93.0,1.6,Low,Low,Low,Low
Subject 4634,Site 745,0.0,0.0,2.0,0.0,Study 16 CPID Input Files - Anonymization,oncology_phase3,92.7,90.5,2.2,Low,Low,Low,Low
Subject 4635,Site 745,0.0,0.0,0.0,0.0,Study 16 CPID Input Files - Anonymization,oncology_phase3,96.5,95.5,1.0,Low,Low,Low,Low
Subject 4636,Site 745,0.0,0.0,1.0,0.0,Study 16 CPID Input Files - Anonymization,oncology_phase3,94.6,93.0,1.6,Low,Low,Low,Low
Subject 4637,Site 745,0.0,0.0,0.0,0.0,Study 16 CPID Input Files - Anonymization,oncology_phase3,96.5,95.5,1.0,Low,Low,Low,Low
Subject 4638,Site 746,0.0,0.0,0.0,0.0,Study 16 CPID Input Files - Anonymization,oncology_phase3,96.5,95.5,1.0,Low,Low,Low,Low
Subject 4639,Site 746,0.0,0.0,1.0,0.0,Study 16 CPID Input Files - Anonymization,oncology_phase3,94.6,93.0,1.6,Low,Low,Low,Low
Subject 4640,Site 746,0.0,0.0,1.0,0.0,Study 16 CPID Input Files - Anonymization,oncology_phase3,94.6,93.0,1.6,Low,Low,Low,Low
Subject 4641,Site 747,0.0,0.0,0.0,0.0,Study 16 CPID Input Files - Anonymization,oncology_phase3,96.5,95.5,1.0,Low,Low,Low,Low
Subject 4642,Site 747,0.0,0.0,0.0,0.0,Study 16 CPID Input Files - Anonymization,oncology_phase3,96.5,95.5,1.0,Low,Low,Low,Low
Subject 4643,Site 747,0.0,0.0,0.0,0.0,Study 16 CPID Input Files - Anonymization,oncology_phase3,96.5,95.5,1.0,Low,Low,Low,Low
Subject 4644,Site 747,0.0,0.0,0.0,0.0,Study 16 CPID Input Files - Anonymization,oncology_phase3,96.5,95.5,1.0,Low,Low,Low,Low
Subject 4645,Site 748,0.0,0.0,1.0,0.0,Study 16 CPID Input Files - Anonymization,oncology_phase3,94.6,93.0,1.6,Low,Low,Low,Low
Subject 4646,Site 748,0.0,0.0,0.0,0.0,Study 16 CPID Input Files - Anonymization,oncology_phase3,96.5,95.5,1.0,Low,Low,Low,Low
Subject 4647,Site 748,0.0,0.0,0.0,0.0,Study 16 CPID Input Files - Anonymization,oncology_phase3,96.5,95.5,1.0,Low,Low,Low,Low
Subject 4648,Site 748,0.0,0.0,0.0,0.0,Study 16 CPID Input Files - Anonymization,oncology_phase3,96.5,95.5,1.0,Low,Low,Low,Low
Subject 4649,Site 748,0.0,0.0,0.0,0.0,Study 16 CPID Input Files - Anonymization,oncology_phase3,96.5,95.5,1.0,Low,Low,Low,Low
Subject 4650,Site 749,0.0,0.0,0.0,0.0,Study 16 CPID Input Files - Anonymization,oncology_phase3,96.5,95.5,1.0,Low,Low,Low,Low
Subject 4651,Site 750,0.0,0.0,0.0,0.0,Study 16 CPID Input Files - Anonymization,oncology_phase3,96.5,95.5,1.0,Low,Low,Low,Low
Subject 4652,Site 750,0.0,0.0,0.0,0.0,Study 16 CPID Input Files - Anonymization,oncology_phase3,96.5,95.5,1.0,Low,Low,Low,Low
Subject 4653,Site 750,0.0,0.0,0.0,0.0,Study 16 CPID Input Files - Anonymization,oncology_phase3,96.5,95.5,1.0,Low,Low,Low,Low
Subject 4654,Site 750,0.0,0.0,0.0,0.0,Study 16 CPID Input Files - Anonymization,oncology_phase3,96.5,95.5,1.0,Low,Low,Low,Low
Subject 4655,Site 751,0.0,0.0,1.0,0.0,Study 16 CPID Input Files - Anonymization,oncology_phase3,94.6,93.0,1.6,Low,Low,Low,Low
Subject 4656,Site 751,0.0,0.0,0.0,0.0,Study 16 CPID Input Files - Anonymization,oncology_phase3,96.5,95.5,1.0,Low,Low,Low,Low
Subject 4657,Site 752,0.0,0.0,0.0,0.0,Study 16 CPID Input Files - Anonymization,oncology_phase3,96.5,95.5,1.0,Low,Low,Low,Low
Subject 4658,Site 752,0.0,0.0,0.0,0.0,Study 16 CPID Input Files - Anonymization,oncology_phase3,96.5,95.5,1.0,Low,Low,Low,Low
Subject 4659,Site 753,0.0,0.0,0.0,0.0,Study 16 CPID Input Files - Anonymization,oncology_phase3,96.5,95.5,1.0,Low,Low,Low,Low
Subject 4660,Site 753,0.0,0.0,0.0,0.0,Study 16 CPID Input Files - Anonymization,oncology_phase3,96.5,95.5,1.0,Low,Low,Low,Low
Subject 4661,Site 753,0.0,0.0,0.0,0.0,Study 16 CPID Input Files - Anonymization,oncology_phase3,96.5,95.5,1.0,Low,Low,Low,Low
Subject 4662,Site 753,0.0,0.0,0.0,0.0,Study 16 CPID Input Files - Anonymization,oncology_phase3,96.5,95.5,1.0,Low,Low,Low,Low
Subject 4663,Site 754,0.0,0.0,0.0,0.0,Study 16 CPID Input Files - Anonymization,oncology_phase3,96.5,95.5,1.0,Low,Low,Low,Low
Subject 4664,Site 754,0.0,0.0,0.0,0.0,Study 16 CPID Input Files - Anonymization,oncology_phase3,96.5,95.5,1.0,Low,Low,Low,Low
Subject 4665,Site 754,0.0,0.0,0.0,0.0,Study 16 CPID Input Files - Anonymization,oncology_phase3,96.5,95.5,1.0,Low,Low,Low,Low
Subject 4666,Site 754,0.0,0.0,0.0,0.0,Study 16 CPID Input Files - Anonymization,oncology_phase3,96.5,95.5,1.0,Low,Low,Low,Low
Subject 4667,Site 755,0.0,0.0,0.0,0.0,Study 16 CPID Input Files - Anonymization,oncology_phase3,96.5,95.5,1.0,Low,Low,Low,Low
Subject 4668,Site 755,0.0,0.0,1.0,0.0,Study 16 CPID Input Files - Anonymization,oncology_phase3,94.6,93.0,1.6,Low,Low,Low,Low
Subject 4669,Site 756,0.0,0.0,0.0,0.0,Study 16 CPID Input Files - Anonymization,oncology_phase3,96.5,95.5,1.0,Low,Low,Low,Low
Subject 4670,Site 756,0.0,0.0,1.0,0.0,Study 16 CPID Input Files - Anonymization,oncology_phase3,94.6,93.0,1.6,Low,Low,Low,Low
Subject 4671,Site 756,0.0,0.0,0.0,0.0,Study 16 CPID Input Files - Anonymization,oncology_phase3,96.5,95.5,1.0,Low,Low,Low,Low
Subject 4672,Site 757,0.0,0.0,0.0,0.0,Study 16 CPID Input Files - Anonymization,oncology_phase3,96.5,95.5,1.0,Low,Low,Low,Low
Subject 4673,Site 757,0.0,0.0,0.0,0.0,Study 16 CPID Input Files - Anonymization,oncology_phase3,96.5,95.5,1.0,Low,Low,Low,Low
Subject 4674,Site 757,0.0,0.0,0.0,0.0,Study 16 CPID Input Files - Anonymization,oncology_phase3,96.5,95.5,1.0,Low,Low,Low,Low
Subject 4675,Site 757,0.0,0.0,0.0,0.0,Study 16 CPID Input Files - Anonymization,oncology_phase3,96.5,95.5,1.0,Low,Low,Low,Low
Subject 4676,Site 757,0.0,0.0,0.0,0.0,Study 16 CPID Input Files - Anonymization,oncology_phase3,96.5,95.5,1.0,Low,Low,Low,Low
Subject 4677,Site 757,0.0,0.0,0.0,0.0,Study 16 CPID Input Files - Anonymization,oncology_phase3,96.5,95.5,1.0,Low,Low,Low,Low
Subject 4678,Site 757,0.0,0.0,0.0,0.0,Study 16 CPID Input Files - Anonymization,oncology_phase3,96.5,95.5,1.0,Low,Low,Low,Low
Subject 4679,Site 757,0.0,0.0,0.0,0.0,Study 16 CPID Input Files - Anonymization,oncology_phase3,96.5,95.5,1.0,Low,Low,Low,Low
Subject 4680,Site 757,0.0,0.0,0.0,0.0,Study 16 CPID Input Files - Anonymization,oncology_phase3,96.5,95.5,1.0,Low,Low,Low,Low
Subject 4681,Site 757,0.0,0.0,0.0,0.0,Study 16 CPID Input Files - Anonymization,oncology_phase3,96.5,95.5,1.0,Low,Low,Low,Low
Subject 4682,Site 757,0.0,0.0,0.0,0.0,Study 16 CPID Input Files - Anonymization,oncology_phase3,96.5,95.5,1.0,Low,Low,Low,Low
Subject 4683,Site 758,0.0,0.0,1.0,0.0,Study 16 CPID Input Files - Anonymization,oncology_phase3,94.6,93.0,1.6,Low,Low,Low,Low
Subject 4684,Site 758,0.0,0.0,0.0,0.0,Study 16 CPID Input Files - Anonymization,oncology_phase3,96.5,95.5,1.0,Low,Low,Low,Low
Subject 4685,Site 759,0.0,0.0,0.0,0.0,Study 16 CPID Input Files - Anonymization,oncology_phase3,96.5,95.5,1.0,Low,Low,Low,Low
Subject 4686,Site 760,0.0,0.0,0.0,0.0,Study 16 CPID Input Files - Anonymization,oncology_phase3,96.5,95.5,1.0,Low,Low,Low,Low
Subject 4687,Site 760,0.0,0.0,0.0,0.0,Study 16 CPID Input Files - Anonymization,oncology_phase3,96.5,95.5,1.0,Low,Low,Low,Low
Subject 4688,Site 760,0.0,0.0,0.0,0.0,Study 16 CPID Input Files - Anonymization,oncology_phase3,96.5,95.5,1.0,Low,Low,Low,Low
Subject 4689,Site 760,0.0,0.0,0.0,0.0,Study 16 CPID Input Files - Anonymization,oncology_phase3,96.5,95.5,1.0,Low,Low,Low,Low
Subject 4690,Site 760,0.0,0.0,0.0,0.0,Study 16 CPID Input Files - Anonymization,oncology_phase3,96.5,95.5,1.0,Low,Low,Low,Low
Subject 4691,Site 761,0.0,0.0,0.0,0.0,Study 16 CPID Input Files - Anonymization,oncology_phase3,96.5,95.5,1.0,Low,Low,Low,Low
Subject 4692,Site 762,0.0,0.0,0.0,0.0,Study 16 CPID Input Files - Anonymization,oncology_phase3,96.5,95.5,1.0,Low,Low,Low,Low
Subject 4693,Site 762,0.0,0.0,0.0,0.0,Study 16 CPID Input Files - Anonymization,oncology_phase3,96.5,95.5,1.0,Low,Low,Low,Low
Subject 4694,Site 762,0.0,0.0,0.0,0.0,Study 16 CPID Input Files - Anonymization,oncology_phase3,96.5,95.5,1.0,Low,Low,Low,Low
Subject 4695,Site 763,0.0,0.0,0.0,0.0,Study 16 CPID Input Files - Anonymization,oncology_phase3,96.5,95.5,1.0,Low,Low,Low,Low
Subject 4696,Site 763,0.0,0.0,0.0,0.0,Study 16 CPID Input Files - Anonymization,oncology_phase3,96.5,95.5,1.0,Low,Low,Low,Low
Subject 4697,Site 764,0.0,0.0,0.0,0.0,Study 16 CPID Input Files - Anonymization,oncology_phase3,96.5,95.5,1.0,Low,Low,Low,Low
Subject 4698,Site 764,0.0,0.0,0.0,0.0,Study 16 CPID Input Files - Anonymization,oncology_phase3,96.5,95.5,1.0,Low,Low,Low,Low
Subject 4699,Site 764,0.0,0.0,0.0,0.0,Study 16 CPID Input Files - Anonymization,oncology_phase3,96.5,95.5,1.0,Low,Low,Low,Low
Subject 4700,Site 764,0.0,0.0,0.0,0.0,Study 16 CPID Input Files - Anonymization,oncology_phase3,96.5,95.5,1.0,Low,Low,Low,Low
Subject 4701,Site 765,0.0,0.0,0.0,0.0,Study 16 CPID Input Files - Anonymization,oncology_phase3,96.5,95.5,1.0,Low,Low,Low,Low
Subject 4702,Site 765,0.0,0.0,0.0,0.0,Study 16 CPID Input Files - Anonymization,oncology_phase3,96.5,95.5,1.0,Low,Low,Low,Low
Subject 4703,Site 765,0.0,0.0,0.0,0.0,Study 16 CPID Input Files - Anonymization,oncology_phase3,96.5,95.5,1.0,Low,Low,Low,Low
Subject 4704,Site 765,0.0,0.0,0.0,0.0,Study 16 CPID Input Files - Anonymization,oncology_phase3,96.5,95.5,1.0,Low,Low,Low,Low
Subject 4705,Site 765,0.0,0.0,0.0,0.0,Study 16 CPID Input Files - Anonymization,oncology_phase3,96.5,95.5,1.0,Low,Low,Low,Low
Subject 4706,Site 765,0.0,0.0,0.0,0.0,Study 16 CPID Input Files - Anonymization,oncology_phase3,96.5,95.5,1.0,Low,Low,Low,Low
Subject 4707,Site 765,0.0,0.0,0.0,0.0,Study 16 CPID Input Files - Anonymization,oncology_phase3,96.5,95.5,1.0,Low,Low,Low,Low
Subject 4708,Site 765,0.0,0.0,0.0,0.0,Study 16 CPID Input Files - Anonymization,oncology_phase3,96.5,95.5,1.0,Low,Low,Low,Low
Subject 4709,Site 765,0.0,0.0,0.0,0.0,Study 16 CPID Input Files - Anonymization,oncology_phase3,96.5,95.5,1.0,Low,Low,Low,Low
Subject 4710,Site 766,0.0,0.0,0.0,0.0,Study 16 CPID Input Files - Anonymization,oncology_phase3,96.5,95.5,1.0,Low,Low,Low,Low
Subject 4711,Site 766,0.0,0.0,0.0,0.0,Study 16 CPID Input Files - Anonymization,oncology_phase3,96.5,95.5,1.0,Low,Low,Low,Low
Subject 4712,Site 766,0.0,0.0,0.0,0.0,Study 16 CPID Input Files - Anonymization,oncology_phase3,96.5,95.5,1.0,Low,Low,Low,Low
Subject 4713,Site 766,0.0,0.0,0.0,0.0,Study 16 CPID Input Files - Anonymization,oncology_phase3,96.5,95.5,1.0,Low,Low,Low,Low
Subject 4714,Site 767,0.0,0.0,0.0,0.0,Study 16 CPID Input Files - Anonymization,oncology_phase3,96.5,95.5,1.0,Low,Low,Low,Low
Subject 4715,Site 767,0.0,0.0,0.0,0.0,Study 16 CPID Input Files - Anonymization,oncology_phase3,96.5,95.5,1.0,Low,Low,Low,Low
Subject 4716,Site 768,0.0,0.0,0.0,0.0,Study 16 CPID Input Files - Anonymization,oncology_phase3,96.5,95.5,1.0,Low,Low,Low,Low
Subject 4717,Site 768,0.0,0.0,0.0,0.0,Study 16 CPID Input Files - Anonymization,oncology_phase3,96.5,95.5,1.0,Low,Low,Low,Low
Subject 4718,Site 768,0.0,0.0,1.0,0.0,Study 16 CPID Input Files - Anonymization,oncology_phase3,94.6,93.0,1.6,Low,Low,Low,Low
Subject 4719,Site 768,0.0,0.0,0.0,0.0,Study 16 CPID Input Files - Anonymization,oncology_phase3,96.5,95.5,1.0,Low,Low,Low,Low
Subject 4720,Site 768,0.0,0.0,0.0,0.0,Study 16 CPID Input Files - Anonymization,oncology_phase3,96.5,95.5,1.0,Low,Low,Low,Low
Subject 4721,Site 768,0.0,0.0,0.0,0.0,Study 16 CPID Input Files - Anonymization,oncology_phase3,96.5,95.5,1.0,Low,Low,Low,Low
Subject 4722,Site 768,0.0,0.0,0.0,0.0,Study 16 CPID Input Files - Anonymization,oncology_phase3,96.5,95.5,1.0,Low,Low,Low,Low
Subject 4723,Site 769,0.0,0.0,0.0,0.0,Study 16 CPID Input Files - Anonymization,oncology_phase3,96.5,95.5,1.0,Low,Low,Low,Low
Subject 4724,Site 769,0.0,0.0,0.0,0.0,Study 16 CPID Input Files - Anonymization,oncology_phase3,96.5,95.5,1.0,Low,Low,Low,Low
Subject 4725,Site 769,0.0,0.0,0.0,0.0,Study 16 CPID Input Files - Anonymization,oncology_phase3,96.5,95.5,1.0,Low,Low,Low,Low
Subject 4726,Site 769,0.0,0.0,0.0,0.0,Study 16 CPID Input Files - Anonymization,oncology_phase3,96.5,95.5,1.0,Low,Low,Low,Low
Subject 4727,Site 770,0.0,0.0,0.0,0.0,Study 16 CPID Input Files - Anonymization,oncology_phase3,96.5,95.5,1.0,Low,Low,Low,Low
Subject 4728,Site 770,0.0,0.0,0.0,0.0,Study 16 CPID Input Files - Anonymization,oncology_phase3,96.5,95.5,1.0,Low,Low,Low,Low
Subject 4729,Site 771,0.0,0.0,0.0,0.0,Study 16 CPID Input Files - Anonymization,oncology_phase3,96.5,95.5,1.0,Low,Low,Low,Low
Subject 4730,Site 771,0.0,0.0,0.0,0.0,Study 16 CPID Input Files - Anonymization,oncology_phase3,96.5,95.5,1.0,Low,Low,Low,Low
Subject 4731,Site 771,0.0,0.0,1.0,0.0,Study 16 CPID Input Files - Anonymization,oncology_phase3,94.6,93.0,1.6,Low,Low,Low,Low
Subject 4732,Site 771,0.0,0.0,5.0,0.0,Study 16 CPID Input Files - Anonymization,oncology_phase3,86.9,83.0,3.9,Low,Medium,Low,Low
Subject 4733,Site 771,0.0,0.0,1.0,0.0,Study 16 CPID Input Files - Anonymization,oncology_phase3,94.6,93.0,1.6,Low,Low,Low,Low
Subject 4734,Site 772,0.0,0.0,0.0,0.0,Study 16 CPID Input Files - Anonymization,oncology_phase3,96.5,95.5,1.0,Low,Low,Low,Low
Subject 4735,Site 772,0.0,0.0,7.0,0.0,Study 16 CPID Input Files - Anonymization,oncology_phase3,83.1,78.0,5.1,Medium,Medium,Low,Low
Subject 4736,Site 773,0.0,0.0,0.0,0.0,Study 16 CPID Input Files - Anonymization,oncology_phase3,96.5,95.5,1.0,Low,Low,Low,Low
Subject 4737,Site 773,0.0,0.0,0.0,0.0,Study 16 CPID Input Files - Anonymization,oncology_phase3,96.5,95.5,1.0,Low,Low,Low,Low
Subject 4738,Site 773,0.0,0.0,0.0,0.0,Study 16 CPID Input Files - Anonymization,oncology_phase3,96.5,95.5,1.0,Low,Low,Low,Low
Subject 4739,Site 773,0.0,0.0,0.0,0.0,Study 16 CPID Input Files - Anonymization,oncology_phase3,96.5,95.5,1.0,Low,Low,Low,Low
Subject 4740,Site 773,0.0,0.0,1.0,0.0,Study 16 CPID Input Files - Anonymization,oncology_phase3,94.6,93.0,1.6,Low,Low,Low,Low
Subject 4741,Site 774,0.0,0.0,0.0,0.0,Study 16 CPID Input Files - Anonymization,oncology_phase3,96.5,95.5,1.0,Low,Low,Low,Low
Subject 4742,Site 774,0.0,0.0,0.0,0.0,Study 16 CPID Input Files - Anonymization,oncology_phase3,96.5,95.5,1.0,Low,Low,Low,Low
Subject 4743,Site 774,0.0,0.0,0.0,0.0,Study 16 CPID Input Files - Anonymization,oncology_phase3,96.5,95.5,1.0,Low,Low,Low,Low
670,176,0.0,0.0,0.0,0.0,Study 16 CPID Input Files - Anonymization,oncology_phase3,96.5,95.5,1.0,Low,Low,Low,Low
Subject 3544,Site 466,0.0,0.0,1.0,0.0,Study 17 CPID Input Files - Anonymization,cardiology_phase2,93.3,93.0,0.3,Low,Low,Low,Low
Subject 3545,Site 466,0.0,0.0,0.0,0.0,Study 17 CPID Input Files - Anonymization,cardiology_phase2,96.1,95.5,0.6,Low,Low,Low,Low
Subject 3546,Site 466,0.0,0.0,1.0,0.0,Study 17 CPID Input Files - Anonymization,cardiology_phase2,93.3,93.0,0.3,Low,Low,Low,Low
Subject 3547,Site 466,0.0,0.0,0.0,0.0,Study 17 CPID Input Files - Anonymization,cardiology_phase2,96.1,95.5,0.6,Low,Low,Low,Low
Subject 3565,Site 469,0.0,0.0,0.0,0.0,Study 17 CPID Input Files - Anonymization,cardiology_phase2,96.1,95.5,0.6,Low,Low,Low,Low
Subject 4744,Site 469,0.0,0.0,0.0,0.0,Study 17 CPID Input Files - Anonymization,cardiology_phase2,96.1,95.5,0.6,Low,Low,Low,Low
Subject 4745,Site 469,0.0,0.0,0.0,0.0,Study 17 CPID Input Files - Anonymization,cardiology_phase2,96.1,95.5,0.6,Low,Low,Low,Low
Subject 4746,Site 469,0.0,0.0,0.0,0.0,Study 17 CPID Input Files - Anonymization,cardiology_phase2,96.1,95.5,0.6,Low,Low,Low,Low
Subject 4747,Site 469,0.0,0.0,0.0,0.0,Study 17 CPID Input Files - Anonymization,cardiology_phase2,96.1,95.5,0.6,Low,Low,Low,Low
Subject 4748,Site 469,0.0,0.0,0.0,0.0,Study 17 CPID Input Files - Anonymization,cardiology_phase2,96.1,95.5,0.6,Low,Low,Low,Low
Subject 4749,Site 469,0.0,0.0,0.0,0.0,Study 17 CPID Input Files - Anonymization,cardiology_phase2,96.1,95.5,0.6,Low,Low,Low,Low
Subject 4750,Site 469,0.0,0.0,0.0,0.0,Study 17 CPID Input Files - Anonymization,cardiology_phase2,96.1,95.5,0.6,Low,Low,Low,Low
Subject 4751,Site 469,0.0,0.0,0.0,0.0,Study 17 CPID Input Files - Anonymization,cardiology_phase2,96.1,95.5,0.6,Low,Low,Low,Low
Subject 14,Site 7,0.0,0.0,0.0,0.0,Study 17 CPID Input Files - Anonymization,cardiology_phase2,96.1,95.5,0.6,Low,Low,Low,Low
Subject 594,Site 7,0.0,0.0,0.0,0.0,Study 17 CPID Input Files - Anonymization,cardiology_phase2,96.1,95.5,0.6,Low,Low,Low,Low
Subject 4752,Site 775,0.0,0.0,0.0,0.0,Study 17 CPID Input Files - Anonymization,cardiology_phase2,96.1,95.5,0.6,Low,Low,Low,Low
Subject 4753,Site 776,0.0,0.0,0.0,0.0,Study 17 CPID Input Files - Anonymization,cardiology_phase2,96.1,95.5,0.6,Low,Low,Low,Low
Subject 4754,Site 776,0.0,0.0,0.0,0.0,Study 17 CPID Input Files - Anonymization,cardiology_phase2,96.1,95.5,0.6,Low,Low,Low,Low
Subject 4755,Site 776,0.0,0.0,0.0,0.0,Study 17 CPID Input Files - Anonymization,cardiology_phase2,96.1,95.5,0.6,Low,Low,Low,Low
Subject 25,Site 14,0.0,0.0,0.0,0.0,Study 17 CPID Input Files - Anonymization,cardiology_phase2,96.1,95.5,0.6,Low,Low,Low,Low
Subject 26,Site 14,0.0,0.0,0.0,0.0,Study 17 CPID Input Files - Anonymization,cardiology_phase2,96.1,95.5,0.6,Low,Low,Low,Low
Subject 39,Site 15,0.0,0.0,1.0,0.0,Study 17 CPID Input Files - Anonymization,cardiology_phase2,93.3,93.0,0.3,Low,Low,Low,Low
Subject 40,Site 15,0.0,0.0,0.0,0.0,Study 17 CPID Input Files - Anonymization,cardiology_phase2,96.1,95.5,0.6,Low,Low,Low,Low
Subject 55,Site 16,0.0,0.0,0.0,0.0,Study 17 CPID Input Files - Anonymization,cardiology_phase2,96.1,95.5,0.6,Low,Low,Low,Low
Subject 56,Site 16,0.0,0.0,0.0,0.0,Study 17 CPID Input Files - Anonymization,cardiology_phase2,96.1,95.5,0.6,Low,Low,Low,Low
Subject 1593,Site 177,0.0,0.0,0.0,0.0,Study 17 CPID Input Files - Anonymization,cardiology_phase2,96.1,95.5,0.6,Low,Low,Low,Low
Subject 1594,Site 177,0.0,0.0,0.0,0.0,Study 17 CPID Input Files - Anonymization,cardiology_phase2,96.1,95.5,0.6,Low,Low,Low,Low
Subject 1595,Site 177,0.0,0.0,1.0,0.0,Study 17 CPID Input Files - Anonymization,cardiology_phase2,93.3,93.0,0.3,Low,Low,Low,Low
Subject 1596,Site 177,0.0,0.0,0.0,0.0,Study 17 CPID Input Files - Anonymization,cardiology_phase2,96.1,95.5,0.6,Low,Low,Low,Low
Subject 63,Site 18,0.0,0.0,0.0,0.0,Study 17 CPID Input Files - Anonymization,cardiology_phase2,96.1,95.5,0.6,Low,Low,Low,Low
Subject 64,Site 18,0.0,0.0,0.0,0.0,Study 17 CPID Input Files - Anonymization,cardiology_phase2,96.1,95.5,0.6,Low,Low,Low,Low
Subject 77,Site 19,0.0,0.0,0.0,0.0,Study 17 CPID Input Files - Anonymization,cardiology_phase2,96.1,95.5,0.6,Low,Low,Low,Low
Subject 78,Site 19,0.0,0.0,0.0,0.0,Study 17 CPID Input Files - Anonymization,cardiology_phase2,96.1,95.5,0.6,Low,Low,Low,Low
Subject 79,Site 19,0.0,0.0,0.0,0.0,Study 17 CPID Input Files - Anonymization,cardiology_phase2,96.1,95.5,0.6,Low,Low,Low,Low
Subject 80,Site 19,0.0,0.0,0.0,0.0,Study 17 CPID Input Files - Anonymization,cardiology_phase2,96.1,95.5,0.6,Low,Low,Low,Low
Subject 81,Site 19,0.0,0.0,0.0,0.0,Study 17 CPID Input Files - Anonymization,cardiology_phase2,96.1,95.5,0.6,Low,Low,Low,Low
Subject 4756,Site 19,0.0,0.0,2.0,0.0,Study 17 CPID Input Files - Anonymization,cardiology_phase2,90.4,90.5,-0.1,Low,Low,Low,Low
Subject 4757,Site 19,0.0,0.0,0.0,0.0,Study 17 CPID Input Files - Anonymization,cardiology_phase2,96.1,95.5,0.6,Low,Low,Low,Low
Subject 2648,Site 325,0.0,0.0,0.0,0.0,Study 17 CPID Input Files - Anonymization,cardiology_phase2,96.1,95.5,0.6,Low,Low,Low,Low
Subject 2649,Site 325,0.0,0.0,0.0,0.0,Study 17 CPID Input Files - Anonymization,cardiology_phase2,96.1,95.5,0.6,Low,Low,Low,Low
Subject 2664,Site 327,0.0,0.0,0.0,0.0,Study 17 CPID Input Files - Anonymization,cardiology_phase2,96.1,95.5,0.6,Low,Low,Low,Low
Subject 2665,Site 327,0.0,0.0,0.0,0.0,Study 17 CPID Input Files - Anonymization,cardiology_phase2,96.1,95.5,0.6,Low,Low,Low,Low
Subject 2666,Site 327,0.0,0.0,2.0,0.0,Study 17 CPID Input Files - Anonymization,cardiology_phase2,90.4,90.5,-0.1,Low,Low,Low,Low
Subject 2667,Site 327,0.0,0.0,0.0,0.0,Study 17 CPID Input Files - Anonymization,cardiology_phase2,96.1,95.5,0.6,Low,Low,Low,Low
Subject 3395,Site 327,0.0,0.0,0.0,0.0,Study 17 CPID Input Files - Anonymization,cardiology_phase2,96.1,95.5,0.6,Low,Low,Low,Low
Subject 3396,Site 327,0.0,0.0,0.0,0.0,Study 17 CPID Input Files - Anonymization,cardiology_phase2,96.1,95.5,0.6,Low,Low,Low,Low
Subject 4758,Site 327,0.0,0.0,0.0,0.0,Study 17 CPID Input Files - Anonymization,cardiology_phase2,96.1,95.5,0.6,Low,Low,Low,Low
Subject 4759,Site 327,0.0,0.0,0.0,0.0,Study 17 CPID Input Files - Anonymization,cardiology_phase2,96.1,95.5,0.6,Low,Low,Low,Low
48,13,0.0,0.0,0.0,0.0,Study 17 CPID Input Files - Anonymization,cardiology_phase2,96.1,95.5,0.6,Low,Low,Low,Low
Subject 1,Site 1,0.0,0.0,0.0,0.0,Study 8 CPID Input Files - Anonymization,cardiology_phase2,96.1,95.5,0.6,Low,Low,Low,Low
Subject 169,Site 1,0.0,0.0,0.0,0.0,Study 8 CPID Input Files - Anonymization,cardiology_phase2,96.1,95.5,0.6,Low,Low,Low,Low
Subject 752,Site 1,0.0,0.0,0.0,0.0,Study 8 CPID Input Files - Anonymization,cardiology_phase2,96.1,95.5,0.6,Low,Low,Low,Low
Subject 753,Site 1,0.0,0.0,0.0,0.0,Study 8 CPID Input Files - Anonymization,cardiology_phase2,96.1,95.5,0.6,Low,Low,Low,Low
Subject 754,Site 1,0.0,0.0,0.0,0.0,Study 8 CPID Input Files - Anonymization,cardiology_phase2,96.1,95.5,0.6,Low,Low,Low,Low
Subject 755,Site 1,0.0,0.0,0.0,0.0,Study 8 CPID Input Files - Anonymization,cardiology_phase2,96.1,95.5,0.6,Low,Low,Low,Low
Subject 756,Site 1,0.0,0.0,0.0,0.0,Study 8 CPID Input Files - Anonymization,cardiology_phase2,96.1,95.5,0.6,Low,Low,Low,Low
Subject 757,Site 1,0.0,0.0,0.0,0.0,Study 8 CPID Input Files - Anonymization,cardiology_phase2,96.1,95.5,0.6,Low,Low,Low,Low
Subject 2,Site 2,0.0,0.0,0.0,0.0,Study 8 CPID Input Files - Anonymization,cardiology_phase2,96.1,95.5,0.6,Low,Low,Low,Low
Subject 3,Site 2,0.0,0.0,0.0,0.0,Study 8 CPID Input Files - Anonymization,cardiology_phase2,96.1,95.5,0.6,Low,Low,Low,Low
Subject 4,Site 2,0.0,0.0,0.0,0.0,Study 8 CPID Input Files - Anonymization,cardiology_phase2,96.1,95.5,0.6,Low,Low,Low,Low
Subject 6,Site 3,0.0,0.0,0.0,0.0,Study 8 CPID Input Files - Anonymization,cardiology_phase2,96.1,95.5,0.6,Low,Low,Low,Low
Subject 7,Site 3,0.0,0.0,0.0,0.0,Study 8 CPID Input Files - Anonymization,cardiology_phase2,96.1,95.5,0.6,Low,Low,Low,Low
Subject 8,Site 3,0.0,0.0,0.0,0.0,Study 8 CPID Input Files - Anonymization,cardiology_phase2,96.1,95.5,0.6,Low,Low,Low,Low
Subject 102,Site 3,0.0,0.0,0.0,0.0,Study 8 CPID Input Files - Anonymization,cardiology_phase2,96.1,95.5,0.6,Low,Low,Low,Low
Subject 103,Site 3,0.0,0.0,0.0,0.0,Study 8 CPID Input Files - Anonymization,cardiology_phase2,96.1,95.5,0.6,Low,Low,Low,Low
Subject 104,Site 3,0.0,0.0,0.0,0.0,Study 8 CPID Input Files - Anonymization,cardiology_phase2,96.1,95.5,0.6,Low,Low,Low,Low
Subject 774,Site 3,0.0,0.0,0.0,0.0,Study 8 CPID Input Files - Anonymization,cardiology_phase2,96.1,95.5,0.6,Low,Low,Low,Low
Subject 775,Site 3,0.0,0.0,0.0,0.0,Study 8 CPID Input Files - Anonymization,cardiology_phase2,96.1,95.5,0.6,Low,Low,Low,Low
Subject 9,Site 4,0.0,0.0,0.0,0.0,Study 8 CPID Input Files - Anonymization,cardiology_phase2,96.1,95.5,0.6,Low,Low,Low,Low
Subject 10,Site 4,0.0,0.0,0.0,0.0,Study 8 CPID Input Files - Anonymization,cardiology_phase2,96.1,95.5,0.6,Low,Low,Low,Low
Subject 107,Site 28,0.0,0.0,0.0,0.0,Study 8 CPID Input Files - Anonymization,cardiology_phase2,96.1,95.5,0.6,Low,Low,Low,Low
Subject 108,Site 28,0.0,0.0,0.0,0.0,Study 8 CPID Input Files - Anonymization,cardiology_phase2,96.1,95.5,0.6,Low,Low,Low,Low
Subject 2233,Site 28,0.0,0.0,0.0,0.0,Study 8 CPID Input Files - Anonymization,cardiology_phase2,96.1,95.5,0.6,Low,Low,Low,Low
Subject 2234,Site 28,0.0,0.0,0.0,0.0,Study 8 CPID Input Files - Anonymization,cardiology_phase2,96.1,95.5,0.6,Low,Low,Low,Low
Subject 2235,Site 28,0.0,0.0,0.0,0.0,Study 8 CPID Input Files - Anonymization,cardiology_phase2,96.1,95.5,0.6,Low,Low,Low,Low
Subject 118,Site 31,0.0,0.0,0.0,0.0,Study 8 CPID Input Files - Anonymization,cardiology_phase2,96.1,95.5,0.6,Low,Low,Low,Low
Subject 119,Site 31,0.0,0.0,0.0,0.0,Study 8 CPID Input Files - Anonymization,cardiology_phase2,96.1,95.5,0.6,Low,Low,Low,Low
Subject 120,Site 31,0.0,0.0,0.0,0.0,Study 8 CPID Input Files - Anonymization,cardiology_phase2,96.1,95.5,0.6,Low,Low,Low,Low
Subject 2854,Site 31,0.0,0.0,0.0,0.0,Study 8 CPID Input Files - Anonymization,cardiology_phase2,96.1,95.5,0.6,Low,Low,Low,Low
Subject 2855,Site 31,0.0,0.0,0.0,0.0,Study 8 CPID Input Files - Anonymization,cardiology_phase2,96.1,95.5,0.6,Low,Low,Low,Low
Subject 2856,Site 31,0.0,0.0,0.0,0.0,Study 8 CPID Input Files - Anonymization,cardiology_phase2,96.1,95.5,0.6,Low,Low,Low,Low
Subject 2857,Site 31,0.0,0.0,0.0,0.0,Study 8 CPID Input Files - Anonymization,cardiology_phase2,96.1,95.5,0.6,Low,Low,Low,Low
Subject 2858,Site 31,0.0,0.0,0.0,0.0,Study 8 CPID Input Files - Anonymization,cardiology_phase2,96.1,95.5,0.6,Low,Low,Low,Low
Subject 2859,Site 31,0.0,0.0,0.0,0.0,Study 8 CPID Input Files - Anonymization,cardiology_phase2,96.1,95.5,0.6,Low,Low,Low,Low
Subject 2860,Site 357,0.0,0.0,0.0,0.0,Study 8 CPID Input Files - Anonymization,cardiology_phase2,96.1,95.5,0.6,Low,Low,Low,Low
Subject 2861,Site 357,0.0,0.0,0.0,0.0,Study 8 CPID Input Files - Anonymization,cardiology_phase2,96.1,95.5,0.6,Low,Low,Low,Low
Subject 17,Site 10,0.0,0.0,0.0,0.0,Study 8 CPID Input Files - Anonymization,cardiology_phase2,96.1,95.5,0.6,Low,Low,Low,Low
Subject 18,Site 10,0.0,0.0,0.0,0.0,Study 8 CPID Input Files - Anonymization,cardiology_phase2,96.1,95.5,0.6,Low,Low,Low,Low
Subject 19,Site 10,0.0,0.0,0.0,0.0,Study 8 CPID Input Files - Anonymization,cardiology_phase2,96.1,95.5,0.6,Low,Low,Low,Low
Subject 851,Site 10,0.0,0.0,0.0,0.0,Study 8 CPID Input Files - Anonymization,cardiology_phase2,96.1,95.5,0.6,Low,Low,Low,Low
Subject 852,Site 10,0.0,0.0,0.0,0.0,Study 8 CPID Input Files - Anonymization,cardiology_phase2,96.1,95.5,0.6,Low,Low,Low,Low
Subject 853,Site 10,0.0,0.0,0.0,0.0,Study 8 CPID Input Files - Anonymization,cardiology_phase2,96.1,95.5,0.6,Low,Low,Low,Low
Subject 854,Site 10,0.0,0.0,0.0,0.0,Study 8 CPID Input Files - Anonymization,cardiology_phase2,96.1,95.5,0.6,Low,Low,Low,Low
Subject 855,Site 10,0.0,0.0,0.0,0.0,Study 8 CPID Input Files - Anonymization,cardiology_phase2,96.1,95.5,0.6,Low,Low,Low,Low
Subject 856,Site 10,0.0,0.0,0.0,0.0,Study 8 CPID Input Files - Anonymization,cardiology_phase2,96.1,95.5,0.6,Low,Low,Low,Low
Subject 857,Site 10,0.0,0.0,0.0,0.0,Study 8 CPID Input Files - Anonymization,cardiology_phase2,96.1,95.5,0.6,Low,Low,Low,Low
Subject 858,Site 10,0.0,0.0,0.0,0.0,Study 8 CPID Input Files - Anonymization,cardiology_phase2,96.1,95.5,0.6,Low,Low,Low,Low
Subject 859,Site 10,0.0,0.0,0.0,0.0,Study 8 CPID Input Files - Anonymization,cardiology_phase2,96.1,95.5,0.6,Low,Low,Low,Low
Subject 860,Site 10,0.0,0.0,0.0,0.0,Study 8 CPID Input Files - Anonymization,cardiology_phase2,96.1,95.5,0.6,Low,Low,Low,Low
Subject 893,Site 110,0.0,0.0,0.0,0.0,Study 8 CPID Input Files - Anonymization,cardiology_phase2,96.1,95.5,0.6,Low,Low,Low,Low
Subject 894,Site 110,0.0,0.0,0.0,0.0,Study 8 CPID Input Files - Anonymization,cardiology_phase2,96.1,95.5,0.6,Low,Low,Low,Low
Subject 632,Site 88,0.0,0.0,0.0,0.0,Study 8 CPID Input Files - Anonymization,cardiology_phase2,96.1,95.5,0.6,Low,Low,Low,Low
Subject 633,Site 88,0.0,0.0,0.0,0.0,Study 8 CPID Input Files - Anonymization,cardiology_phase2,96.1,95.5,0.6,Low,Low,Low,Low
Subject 634,Site 88,0.0,0.0,0.0,0.0,Study 8 CPID Input Files - Anonymization,cardiology_phase2,96.1,95.5,0.6,Low,Low,Low,Low
Subject 635,Site 88,0.0,0.0,0.0,0.0,Study 8 CPID Input Files - Anonymization,cardiology_phase2,96.1,95.5,0.6,Low,Low,Low,Low
Subject 636,Site 88,0.0,0.0,0.0,0.0,Study 8 CPID Input Files - Anonymization,cardiology_phase2,96.1,95.5,0.6,Low,Low,Low,Low
Subject 2862,Site 358,0.0,0.0,0.0,0.0,Study 8 CPID Input Files - Anonymization,cardiology_phase2,96.1,95.5,0.6,Low,Low,Low,Low
Subject 2863,Site 358,0.0,0.0,0.0,0.0,Study 8 CPID Input Files - Anonymization,cardiology_phase2,96.1,95.5,0.6,Low,Low,Low,Low
Subject 2864,Site 358,0.0,0.0,0.0,0.0,Study 8 CPID Input Files - Anonymization,cardiology_phase2,96.1,95.5,0.6,Low,Low,Low,Low
Subject 2865,Site 358,0.0,0.0,0.0,0.0,Study 8 CPID Input Files - Anonymization,cardiology_phase2,96.1,95.5,0.6,Low,Low,Low,Low
Subject 2866,Site 358,0.0,0.0,0.0,0.0,Study 8 CPID Input Files - Anonymization,cardiology_phase2,96.1,95.5,0.6,Low,Low,Low,Low
Subject 2867,Site 358,0.0,0.0,0.0,0.0,Study 8 CPID Input Files - Anonymization,cardiology_phase2,96.1,95.5,0.6,Low,Low,Low,Low
Subject 2868,Site 358,0.0,0.0,0.0,0.0,Study 8 CPID Input Files - Anonymization,cardiology_phase2,96.1,95.5,0.6,Low,Low,Low,Low
Subject 2869,Site 358,0.0,0.0,0.0,0.0,Study 8 CPID Input Files - Anonymization,cardiology_phase2,96.1,95.5,0.6,Low,Low,Low,Low
Subject 2870,Site 359,0.0,0.0,0.0,0.0,Study 8 CPID Input Files - Anonymization,cardiology_phase2,96.1,95.5,0.6,Low,Low,Low,Low
Subject 2871,Site 359,0.0,0.0,0.0,0.0,Study 8 CPID Input Files - Anonymization,cardiology_phase2,96.1,95.5,0.6,Low,Low,Low,Low
Subject 2872,Site 359,0.0,0.0,0.0,0.0,Study 8 CPID Input Files - Anonymization,cardiology_phase2,96.1,95.5,0.6,Low,Low,Low,Low
Subject 2873,Site 359,0.0,0.0,0.0,0.0,Study 8 CPID Input Files - Anonymization,cardiology_phase2,96.1,95.5,0.6,Low,Low,Low,Low
Subject 2874,Site 360,0.0,0.0,0.0,0.0,Study 8 CPID Input Files - Anonymization,cardiology_phase2,96.1,95.5,0.6,Low,Low,Low,Low
Subject 2875,Site 360,0.0,0.0,0.0,0.0,Study 8 CPID Input Files - Anonymization,cardiology_phase2,96.1,95.5,0.6,Low,Low,Low,Low
Subject 2876,Site 360,0.0,0.0,0.0,0.0,Study 8 CPID Input Files - Anonymization,cardiology_phase2,96.1,95.5,0.6,Low,Low,Low,Low
Subject 2877,Site 360,0.0,0.0,0.0,0.0,Study 8 CPID Input Files - Anonymization,cardiology_phase2,96.1,95.5,0.6,Low,Low,Low,Low
Subject 2878,Site 360,0.0,0.0,0.0,0.0,Study 8 CPID Input Files - Anonymization,cardiology_phase2,96.1,95.5,0.6,Low,Low,Low,Low
Subject 2879,Site 361,0.0,0.0,1.0,0.0,Study 8 CPID Input Files - Anonymization,cardiology_phase2,93.3,93.0,0.3,Low,Low,Low,Low
Subject 2880,Site 361,0.0,0.0,0.0,0.0,Study 8 CPID Input Files - Anonymization,cardiology_phase2,96.1,95.5,0.6,Low,Low,Low,Low
Subject 2881,Site 361,0.0,0.0,0.0,0.0,Study 8 CPID Input Files - Anonymization,cardiology_phase2,96.1,95.5,0.6,Low,Low,Low,Low
Subject 2882,Site 361,0.0,0.0,0.0,0.0,Study 8 CPID Input Files - Anonymization,cardiology_phase2,96.1,95.5,0.6,Low,Low,Low,Low
Subject 2883,Site 362,0.0,0.0,0.0,0.0,Study 8 CPID Input Files - Anonymization,cardiology_phase2,96.1,95.5,0.6,Low,Low,Low,Low
Subject 2884,Site 362,0.0,0.0,0.0,0.0,Study 8 CPID Input Files - Anonymization,cardiology_phase2,96.1,95.5,0.6,Low,Low,Low,Low
Subject 2885,Site 362,0.0,0.0,0.0,0.0,Study 8 CPID Input Files - Anonymization,cardiology_phase2,96.1,95.5,0.6,Low,Low,Low,Low
Subject 2886,Site 362,0.0,0.0,0.0,0.0,Study 8 CPID Input Files - Anonymization,cardiology_phase2,96.1,95.5,0.6,Low,Low,Low,Low
Subject 2887,Site 362,0.0,0.0,0.0,0.0,Study 8 CPID Input Files - Anonymization,cardiology_phase2,96.1,95.5,0.6,Low,Low,Low,Low
Subject 2888,Site 362,0.0,0.0,0.0,0.0,Study 8 CPID Input Files - Anonymization,cardiology_phase2,96.1,95.5,0.6,Low,Low,Low,Low
Subject 2889,Site 363,0.0,0.0,0.0,0.0,Study 8 CPID Input Files - Anonymization,cardiology_phase2,96.1,95.5,0.6,Low,Low,Low,Low
Subject 2890,Site 363,0.0,0.0,0.0,0.0,Study 8 CPID Input Files - Anonymization,cardiology_phase2,96.1,95.5,0.6,Low,Low,Low,Low
Subject 2891,Site 363,0.0,0.0,0.0,0.0,Study 8 CPID Input Files - Anonymization,cardiology_phase2,96.1,95.5,0.6,Low,Low,Low,Low
Subject 2892,Site 363,0.0,0.0,0.0,0.0,Study 8 CPID Input Files - Anonymization,cardiology_phase2,96.1,95.5,0.6,Low,Low,Low,Low
Subject 2893,Site 363,0.0,0.0,0.0,0.0,Study 8 CPID Input Files - Anonymization,cardiology_phase2,96.1,95.5,0.6,Low,Low,Low,Low
Subject 2894,Site 363,0.0,0.0,0.0,0.0,Study 8 CPID Input Files - Anonymization,cardiology_phase2,96.1,95.5,0.6,Low,Low,Low,Low
Subject 2895,Site 363,0.0,0.0,0.0,0.0,Study 8 CPID Input Files - Anonymization,cardiology_phase2,96.1,95.5,0.6,Low,Low,Low,Low
Subject 2896,Site 363,0.0,0.0,0.0,0.0,Study 8 CPID Input Files - Anonymization,cardiology_phase2,96.1,95.5,0.6,Low,Low,Low,Low
Subject 2897,Site 363,0.0,0.0,0.0,0.0,Study 8 CPID Input Files - Anonymization,cardiology_phase2,96.1,95.5,0.6,Low,Low,Low,Low
Subject 2898,Site 363,0.0,0.0,0.0,0.0,Study 8 CPID Input Files - Anonymization,cardiology_phase2,96.1,95.5,0.6,Low,Low,Low,Low
Subject 2899,Site 363,0.0,0.0,0.0,0.0,Study 8 CPID Input Files - Anonymization,cardiology_phase2,96.1,95.5,0.6,Low,Low,Low,Low
Subject 2900,Site 363,0.0,0.0,0.0,0.0,Study 8 CPID Input Files - Anonymization,cardiology_phase2,96.1,95.5,0.6,Low,Low,Low,Low
Subject 2901,Site 363,0.0,0.0,0.0,0.0,Study 8 CPID Input Files - Anonymization,cardiology_phase2,96.1,95.5,0.6,Low,Low,Low,Low
Subject 2902,Site 363,0.0,0.0,0.0,0.0,Study 8 CPID Input Files - Anonymization,cardiology_phase2,96.1,95.5,0.6,Low,Low,Low,Low
Subject 2903,Site 363,0.0,0.0,0.0,0.0,Study 8 CPID Input Files - Anonymization,cardiology_phase2,96.1,95.5,0.6,Low,Low,Low,Low
Subject 2904,Site 363,0.0,0.0,0.0,0.0,Study 8 CPID Input Files - Anonymization,cardiology_phase2,96.1,95.5,0.6,Low,Low,Low,Low
Subject 2905,Site 364,0.0,0.0,0.0,0.0,Study 8 CPID Input Files - Anonymization,cardiology_phase2,96.1,95.5,0.6,Low,Low,Low,Low
Subject 2906,Site 364,0.0,0.0,0.0,0.0,Study 8 CPID Input Files - Anonymization,cardiology_phase2,96.1,95.5,0.6,Low,Low,Low,Low
Subject 2907,Site 364,0.0,0.0,0.0,0.0,Study 8 CPID Input Files - Anonymization,cardiology_phase2,96.1,95.5,0.6,Low,Low,Low,Low
Subject 2908,Site 364,0.0,0.0,0.0,0.0,Study 8 CPID Input Files - Anonymization,cardiology_phase2,96.1,95.5,0.6,Low,Low,Low,Low
Subject 2909,Site 364,0.0,0.0,0.0,0.0,Study 8 CPID Input Files - Anonymization,cardiology_phase2,96.1,95.5,0.6,Low,Low,Low,Low
Subject 2910,Site 364,0.0,0.0,0.0,0.0,Study 8 CPID Input Files - Anonymization,cardiology_phase2,96.1,95.5,0.6,Low,Low,Low,Low
Subject 2911,Site 364,0.0,0.0,0.0,0.0,Study 8 CPID Input Files - Anonymization,cardiology_phase2,96.1,95.5,0.6,Low,Low,Low,Low
Subject 2912,Site 364,0.0,0.0,0.0,0.0,Study 8 CPID Input Files - Anonymization,cardiology_phase2,96.1,95.5,0.6,Low,Low,Low,Low
Subject 2913,Site 365,0.0,0.0,1.0,0.0,Study 8 CPID Input Files - Anonymization,cardiology_phase2,93.3,93.0,0.3,Low,Low,Low,Low
Subject 2914,Site 365,0.0,0.0,0.0,0.0,Study 8 CPID Input Files - Anonymization,cardiology_phase2,96.1,95.5,0.6,Low,Low,Low,Low
Subject 2915,Site 365,0.0,0.0,1.0,0.0,Study 8 CPID Input Files - Anonymization,cardiology_phase2,93.3,93.0,0.3,Low,Low,Low,Low
Subject 2916,Site 365,0.0,0.0,0.0,0.0,Study 8 CPID Input Files - Anonymization,cardiology_phase2,96.1,95.5,0.6,Low,Low,Low,Low
Subject 2917,Site 365,0.0,0.0,0.0,0.0,Study 8 CPID Input Files - Anonymization,cardiology_phase2,96.1,95.5,0.6,Low,Low,Low,Low
Subject 2918,Site 365,0.0,0.0,0.0,0.0,Study 8 CPID Input Files - Anonymization,cardiology_phase2,96.1,95.5,0.6,Low,Low,Low,Low
Subject 2919,Site 365,0.0,0.0,0.0,0.0,Study 8 CPID Input Files - Anonymization,cardiology_phase2,96.1,95.5,0.6,Low,Low,Low,Low
Subject 2920,Site 365,0.0,0.0,0.0,0.0,Study 8 CPID Input Files - Anonymization,cardiology_phase2,96.1,95.5,0.6,Low,Low,Low,Low
Subject 2921,Site 365,0.0,0.0,1.0,0.0,Study 8 CPID Input Files - Anonymization,cardiology_phase2,93.3,93.0,0.3,Low,Low,Low,Low
Subject 2922,Site 365,0.0,0.0,0.0,0.0,Study 8 CPID Input Files - Anonymization,cardiology_phase2,96.1,95.5,0.6,Low,Low,Low,Low
Subject 2923,Site 365,0.0,0.0,0.0,0.0,Study 8 CPID Input Files - Anonymization,cardiology_phase2,96.1,95.5,0.6,Low,Low,Low,Low
Subject 2924,Site 365,0.0,0.0,0.0,0.0,Study 8 CPID Input Files - Anonymization,cardiology_phase2,96.1,95.5,0.6,Low,Low,Low,Low
Subject 2925,Site 365,0.0,0.0,0.0,0.0,Study 8 CPID Input Files - Anonymization,cardiology_phase2,96.1,95.5,0.6,Low,Low,Low,Low
Subject 2926,Site 365,0.0,0.0,0.0,0.0,Study 8 CPID Input Files - Anonymization,cardiology_phase2,96.1,95.5,0.6,Low,Low,Low,Low
Subject 2927,Site 365,0.0,0.0,0.0,0.0,Study 8 CPID Input Files - Anonymization,cardiology_phase2,96.1,95.5,0.6,Low,Low,Low,Low
Subject 2928,Site 365,0.0,0.0,0.0,0.0,Study 8 CPID Input Files - Anonymization,cardiology_phase2,96.1,95.5,0.6,Low,Low,Low,Low
Subject 2929,Site 366,0.0,0.0,0.0,0.0,Study 8 CPID Input Files - Anonymization,cardiology_phase2,96.1,95.5,0.6,Low,Low,Low,Low
Subject 2930,Site 366,0.0,0.0,0.0,0.0,Study 8 CPID Input Files - Anonymization,cardiology_phase2,96.1,95.5,0.6,Low,Low,Low,Low
Subject 2931,Site 366,0.0,0.0,0.0,0.0,Study 8 CPID Input Files - Anonymization,cardiology_phase2,96.1,95.5,0.6,Low,Low,Low,Low
Subject 2932,Site 366,0.0,0.0,0.0,0.0,Study 8 CPID Input Files - Anonymization,cardiology_phase2,96.1,95.5,0.6,Low,Low,Low,Low
Subject 2933,Site 366,0.0,0.0,0.0,0.0,Study 8 CPID Input Files - Anonymization,cardiology_phase2,96.1,95.5,0.6,Low,Low,Low,Low
Subject 2934,Site 366,0.0,0.0,0.0,0.0,Study 8 CPID Input Files - Anonymization,cardiology_phase2,96.1,95.5,0.6,Low,Low,Low,Low
Subject 2935,Site 366,0.0,0.0,0.0,0.0,Study 8 CPID Input Files - Anonymization,cardiology_phase2,96.1,95.5,0.6,Low,Low,Low,Low
Subject 2936,Site 366,0.0,0.0,0.0,0.0,Study 8 CPID Input Files - Anonymization,cardiology_phase2,96.1,95.5,0.6,Low,Low,Low,Low
Subject 2937,Site 366,0.0,0.0,0.0,0.0,Study 8 CPID Input Files - Anonymization,cardiology_phase2,96.1,95.5,0.6,Low,Low,Low,Low
Subject 2938,Site 366,0.0,0.0,0.0,0.0,Study 8 CPID Input Files - Anonymization,cardiology_phase2,96.1,95.5,0.6,Low,Low,Low,Low
Subject 2939,Site 366,0.0,0.0,0.0,0.0,Study 8 CPID Input Files - Anonymization,cardiology_phase2,96.1,95.5,0.6,Low,Low,Low,Low
Subject 2940,Site 366,0.0,0.0,0.0,0.0,Study 8 CPID Input Files - Anonymization,cardiology_phase2,96.1,95.5,0.6,Low,Low,Low,Low
Subject 2941,Site 366,0.0,0.0,0.0,0.0,Study 8 CPID Input Files - Anonymization,cardiology_phase2,96.1,95.5,0.6,Low,Low,Low,Low
Subject 2942,Site 366,0.0,0.0,0.0,0.0,Study 8 CPID Input Files - Anonymization,cardiology_phase2,96.1,95.5,0.6,Low,Low,Low,Low
Subject 2943,Site 367,0.0,0.0,0.0,0.0,Study 8 CPID Input Files - Anonymization,cardiology_phase2,96.1,95.5,0.6,Low,Low,Low,Low
Subject 2944,Site 367,0.0,0.0,0.0,0.0,Study 8 CPID Input Files - Anonymization,cardiology_phase2,96.1,95.5,0.6,Low,Low,Low,Low
Subject 2945,Site 367,0.0,0.0,0.0,0.0,Study 8 CPID Input Files - Anonymization,cardiology_phase2,96.1,95.5,0.6,Low,Low,Low,Low
Subject 2946,Site 367,0.0,0.0,0.0,0.0,Study 8 CPID Input Files - Anonymization,cardiology_phase2,96.1,95.5,0.6,Low,Low,Low,Low
Subject 2947,Site 367,0.0,0.0,0.0,0.0,Study 8 CPID Input Files - Anonymization,cardiology_phase2,96.1,95.5,0.6,Low,Low,Low,Low
Subject 2948,Site 367,0.0,0.0,0.0,0.0,Study 8 CPID Input Files - Anonymization,cardiology_phase2,96.1,95.5,0.6,Low,Low,Low,Low
Subject 2949,Site 367,0.0,0.0,0.0,0.0,Study 8 CPID Input Files - Anonymization,cardiology_phase2,96.1,95.5,0.6,Low,Low,Low,Low
Subject 2950,Site 367,0.0,0.0,0.0,0.0,Study 8 CPID Input Files - Anonymization,cardiology_phase2,96.1,95.5,0.6,Low,Low,Low,Low
Subject 2951,Site 367,0.0,0.0,0.0,0.0,Study 8 CPID Input Files - Anonymization,cardiology_phase2,96.1,95.5,0.6,Low,Low,Low,Low
Subject 2952,Site 367,0.0,0.0,0.0,0.0,Study 8 CPID Input Files - Anonymization,cardiology_phase2,96.1,95.5,0.6,Low,Low,Low,Low
Subject 2953,Site 368,0.0,0.0,0.0,0.0,Study 8 CPID Input Files - Anonymization,cardiology_phase2,96.1,95.5,0.6,Low,Low,Low,Low
Subject 2954,Site 368,0.0,0.0,0.0,0.0,Study 8 CPID Input Files - Anonymization,cardiology_phase2,96.1,95.5,0.6,Low,Low,Low,Low
Subject 2955,Site 368,0.0,0.0,0.0,0.0,Study 8 CPID Input Files - Anonymization,cardiology_phase2,96.1,95.5,0.6,Low,Low,Low,Low
Subject 2956,Site 368,0.0,0.0,0.0,0.0,Study 8 CPID Input Files - Anonymization,cardiology_phase2,96.1,95.5,0.6,Low,Low,Low,Low
Subject 2957,Site 368,0.0,0.0,0.0,0.0,Study 8 CPID Input Files - Anonymization,cardiology_phase2,96.1,95.5,0.6,Low,Low,Low,Low
Subject 2958,Site 368,0.0,0.0,0.0,0.0,Study 8 CPID Input Files - Anonymization,cardiology_phase2,96.1,95.5,0.6,Low,Low,Low,Low
Subject 2959,Site 368,0.0,0.0,0.0,0.0,Study 8 CPID Input Files - Anonymization,cardiology_phase2,96.1,95.5,0.6,Low,Low,Low,Low
Subject 2960,Site 368,0.0,0.0,0.0,0.0,Study 8 CPID Input Files - Anonymization,cardiology_phase2,96.1,95.5,0.6,Low,Low,Low,Low
Subject 2961,Site 369,0.0,0.0,0.0,0.0,Study 8 CPID Input Files - Anonymization,cardiology_phase2,96.1,95.5,0.6,Low,Low,Low,Low
Subject 2962,Site 369,0.0,0.0,0.0,0.0,Study 8 CPID Input Files - Anonymization,cardiology_phase2,96.1,95.5,0.6,Low,Low,Low,Low
Subject 2963,Site 369,0.0,0.0,0.0,0.0,Study 8 CPID Input Files - Anonymization,cardiology_phase2,96.1,95.5,0.6,Low,Low,Low,Low
Subject 2964,Site 369,0.0,0.0,0.0,0.0,Study 8 CPID Input Files - Anonymization,cardiology_phase2,96.1,95.5,0.6,Low,Low,Low,Low
Subject 2965,Site 369,0.0,0.0,0.0,0.0,Study 8 CPID Input Files - Anonymization,cardiology_phase2,96.1,95.5,0.6,Low,Low,Low,Low
Subject 2966,Site 370,0.0,0.0,0.0,0.0,Study 8 CPID Input Files - Anonymization,cardiology_phase2,96.1,95.5,0.6,Low,Low,Low,Low
Subject 2967,Site 370,0.0,0.0,0.0,0.0,Study 8 CPID Input Files - Anonymization,cardiology_phase2,96.1,95.5,0.6,Low,Low,Low,Low
Subject 2968,Site 370,0.0,0.0,0.0,0.0,Study 8 CPID Input Files - Anonymization,cardiology_phase2,96.1,95.5,0.6,Low,Low,Low,Low
Subject 2969,Site 370,0.0,0.0,0.0,0.0,Study 8 CPID Input Files - Anonymization,cardiology_phase2,96.1,95.5,0.6,Low,Low,Low,Low
Subject 2970,Site 370,0.0,0.0,0.0,0.0,Study 8 CPID Input Files - Anonymization,cardiology_phase2,96.1,95.5,0.6,Low,Low,Low,Low
Subject 2971,Site 370,0.0,0.0,0.0,0.0,Study 8 CPID Input Files - Anonymization,cardiology_phase2,96.1,95.5,0.6,Low,Low,Low,Low
Subject 2972,Site 370,0.0,0.0,0.0,0.0,Study 8 CPID Input Files - Anonymization,cardiology_phase2,96.1,95.5,0.6,Low,Low,Low,Low
Subject 2973,Site 370,0.0,0.0,0.0,0.0,Study 8 CPID Input Files - Anonymization,cardiology_phase2,96.1,95.5,0.6,Low,Low,Low,Low
Subject 2974,Site 370,0.0,0.0,0.0,0.0,Study 8 CPID Input Files - Anonymization,cardiology_phase2,96.1,95.5,0.6,Low,Low,Low,Low
Subject 2975,Site 370,0.0,0.0,0.0,0.0,Study 8 CPID Input Files - Anonymization,cardiology_phase2,96.1,95.5,0.6,Low,Low,Low,Low
Subject 2976,Site 370,0.0,0.0,0.0,0.0,Study 8 CPID Input Files - Anonymization,cardiology_phase2,96.1,95.5,0.6,Low,Low,Low,Low
Subject 2977,Site 370,0.0,0.0,0.0,0.0,Study 8 CPID Input Files - Anonymization,cardiology_phase2,96.1,95.5,0.6,Low,Low,Low,Low
Subject 2978,Site 370,0.0,0.0,0.0,0.0,Study 8 CPID Input Files - Anonymization,cardiology_phase2,96.1,95.5,0.6,Low,Low,Low,Low
Subject 2979,Site 370,0.0,0.0,0.0,0.0,Study 8 CPID Input Files - Anonymization,cardiology_phase2,96.1,95.5,0.6,Low,Low,Low,Low
Subject 2980,Site 370,0.0,0.0,0.0,0.0,Study 8 CPID Input Files - Anonymization,cardiology_phase2,96.1,95.5,0.6,Low,Low,Low,Low
Subject 2981,Site 370,0.0,0.0,0.0,0.0,Study 8 CPID Input Files - Anonymization,cardiology_phase2,96.1,95.5,0.6,Low,Low,Low,Low
Subject 2982,Site 370,0.0,0.0,0.0,0.0,Study 8 CPID Input Files - Anonymization,cardiology_phase2,96.1,95.5,0.6,Low,Low,Low,Low
Subject 2983,Site 370,0.0,0.0,0.0,0.0,Study 8 CPID Input Files - Anonymization,cardiology_phase2,96.1,95.5,0.6,Low,Low,Low,Low
Subject 2984,Site 370,0.0,0.0,0.0,0.0,Study 8 CPID Input Files - Anonymization,cardiology_phase2,96.1,95.5,0.6,Low,Low,Low,Low
Subject 2985,Site 371,0.0,0.0,0.0,0.0,Study 8 CPID Input Files - Anonymization,cardiology_phase2,96.1,95.5,0.6,Low,Low,Low,Low
Subject 2986,Site 371,0.0,0.0,0.0,0.0,Study 8 CPID Input Files - Anonymization,cardiology_phase2,96.1,95.5,0.6,Low,Low,Low,Low
Subject 2987,Site 371,0.0,0.0,0.0,0.0,Study 8 CPID Input Files - Anonymization,cardiology_phase2,96.1,95.5,0.6,Low,Low,Low,Low
Subject 2988,Site 372,0.0,0.0,0.0,0.0,Study 8 CPID Input Files - Anonymization,cardiology_phase2,96.1,95.5,0.6,Low,Low,Low,Low
Subject 2989,Site 372,0.0,0.0,0.0,0.0,Study 8 CPID Input Files - Anonymization,cardiology_phase2,96.1,95.5,0.6,Low,Low,Low,Low
Subject 2990,Site 372,0.0,0.0,0.0,0.0,Study 8 CPID Input Files - Anonymization,cardiology_phase2,96.1,95.5,0.6,Low,Low,Low,Low
Subject 2991,Site 372,0.0,0.0,0.0,0.0,Study 8 CPID Input Files - Anonymization,cardiology_phase2,96.1,95.5,0.6,Low,Low,Low,Low
Subject 2992,Site 372,0.0,0.0,0.0,0.0,Study 8 CPID Input Files - Anonymization,cardiology_phase2,96.1,95.5,0.6,Low,Low,Low,Low
Subject 2993,Site 372,0.0,0.0,0.0,0.0,Study 8 CPID Input Files - Anonymization,cardiology_phase2,96.1,95.5,0.6,Low,Low,Low,Low
Subject 2994,Site 372,0.0,0.0,0.0,0.0,Study 8 CPID Input Files - Anonymization,cardiology_phase2,96.1,95.5,0.6,Low,Low,Low,Low
Subject 2995,Site 373,0.0,0.0,0.0,0.0,Study 8 CPID Input Files - Anonymization,cardiology_phase2,96.1,95.5,0.6,Low,Low,Low,Low
Subject 2996,Site 373,0.0,0.0,1.0,0.0,Study 8 CPID Input Files - Anonymization,cardiology_phase2,93.3,93.0,0.3,Low,Low,Low,Low
Subject 2997,Site 373,0.0,0.0,0.0,0.0,Study 8 CPID Input Files - Anonymization,cardiology_phase2,96.1,95.5,0.6,Low,Low,Low,Low
Subject 2998,Site 373,0.0,0.0,1.0,0.0,Study 8 CPID Input Files - Anonymization,cardiology_phase2,93.3,93.0,0.3,Low,Low,Low,Low
Subject 2999,Site 373,0.0,0.0,0.0,0.0,Study 8 CPID Input Files - Anonymization,cardiology_phase2,96.1,95.5,0.6,Low,Low,Low,Low
Subject 3000,Site 374,0.0,0.0,1.0,0.0,Study 8 CPID Input Files - Anonymization,cardiology_phase2,93.3,93.0,0.3,Low,Low,Low,Low
Subject 3001,Site 374,0.0,0.0,1.0,0.0,Study 8 CPID Input Files - Anonymization,cardiology_phase2,93.3,93.0,0.3,Low,Low,Low,Low
Subject 3002,Site 374,0.0,0.0,0.0,0.0,Study 8 CPID Input Files - Anonymization,cardiology_phase2,96.1,95.5,0.6,Low,Low,Low,Low
Subject 3003,Site 374,0.0,0.0,0.0,0.0,Study 8 CPID Input Files - Anonymization,cardiology_phase2,96.1,95.5,0.6,Low,Low,Low,Low
Subject 3004,Site 374,0.0,0.0,0.0,0.0,Study 8 CPID Input Files - Anonymization,cardiology_phase2,96.1,95.5,0.6,Low,Low,Low,Low
Subject 3005,Site 374,0.0,0.0,0.0,0.0,Study 8 CPID Input Files - Anonymization,cardiology_phase2,96.1,95.5,0.6,Low,Low,Low,Low
Subject 3006,Site 374,0.0,0.0,0.0,0.0,Study 8 CPID Input Files - Anonymization,cardiology_phase2,96.1,95.5,0.6,Low,Low,Low,Low
Subject 3007,Site 364,0.0,0.0,0.0,0.0,Study 8 CPID Input Files - Anonymization,cardiology_phase2,96.1,95.5,0.6,Low,Low,Low,Low
Subject 3008,Site 374,0.0,0.0,0.0,0.0,Study 8 CPID Input Files - Anonymization,cardiology_phase2,96.1,95.5,0.6,Low,Low,Low,Low
Subject 3009,Site 374,0.0,0.0,0.0,0.0,Study 8 CPID Input Files - Anonymization,cardiology_phase2,96.1,95.5,0.6,Low,Low,Low,Low
Subject 3010,Site 374,0.0,0.0,0.0,0.0,Study 8 CPID Input Files - Anonymization,cardiology_phase2,96.1,95.5,0.6,Low,Low,Low,Low
Subject 3011,Site 374,0.0,0.0,0.0,0.0,Study 8 CPID Input Files - Anonymization,cardiology_phase2,96.1,95.5,0.6,Low,Low,Low,Low
Subject 3012,Site 374,0.0,0.0,0.0,0.0,Study 8 CPID Input Files - Anonymization,cardiology_phase2,96.1,95.5,0.6,Low,Low,Low,Low
Subject 3013,Site 374,0.0,0.0,0.0,0.0,Study 8 CPID Input Files - Anonymization,cardiology_phase2,96.1,95.5,0.6,Low,Low,Low,Low
Subject 3014,Site 374,0.0,0.0,0.0,0.0,Study 8 CPID Input Files - Anonymization,cardiology_phase2,96.1,95.5,0.6,Low,Low,Low,Low
Subject 3015,Site 374,0.0,0.0,0.0,0.0,Study 8 CPID Input Files - Anonymization,cardiology_phase2,96.1,95.5,0.6,Low,Low,Low,Low
Subject 3016,Site 374,0.0,0.0,0.0,0.0,Study 8 CPID Input Files - Anonymization,cardiology_phase2,96.1,95.5,0.6,Low,Low,Low,Low
Subject 3017,Site 374,0.0,0.0,0.0,0.0,Study 8 CPID Input Files - Anonymization,cardiology_phase2,96.1,95.5,0.6,Low,Low,Low,Low
Subject 3018,Site 374,0.0,0.0,0.0,0.0,Study 8 CPID Input Files - Anonymization,cardiology_phase2,96.1,95.5,0.6,Low,Low,Low,Low
Subject 3019,Site 375,0.0,0.0,0.0,0.0,Study 8 CPID Input Files - Anonymization,cardiology_phase2,96.1,95.5,0.6,Low,Low,Low,Low
Subject 3020,Site 375,0.0,0.0,0.0,0.0,Study 8 CPID Input Files - Anonymization,cardiology_phase2,96.1,95.5,0.6,Low,Low,Low,Low
Subject 3021,Site 375,0.0,0.0,1.0,0.0,Study 8 CPID Input Files - Anonymization,cardiology_phase2,93.3,93.0,0.3,Low,Low,Low,Low
Subject 3022,Site 375,0.0,0.0,0.0,0.0,Study 8 CPID Input Files - Anonymization,cardiology_phase2,96.1,95.5,0.6,Low,Low,Low,Low
Subject 3023,Site 375,0.0,0.0,0.0,0.0,Study 8 CPID Input Files - Anonymization,cardiology_phase2,96.1,95.5,0.6,Low,Low,Low,Low
Subject 3024,Site 375,0.0,0.0,0.0,0.0,Study 8 CPID Input Files - Anonymization,cardiology_phase2,96.1,95.5,0.6,Low,Low,Low,Low
Subject 3025,Site 375,0.0,0.0,0.0,0.0,Study 8 CPID Input Files - Anonymization,cardiology_phase2,96.1,95.5,0.6,Low,Low,Low,Low
Subject 3026,Site 375,0.0,0.0,0.0,0.0,Study 8 CPID Input Files - Anonymization,cardiology_phase2,96.1,95.5,0.6,Low,Low,Low,Low
Subject 3027,Site 375,0.0,0.0,1.0,0.0,Study 8 CPID Input Files - Anonymization,cardiology_phase2,93.3,93.0,0.3,Low,Low,Low,Low
Subject 3028,Site 375,0.0,0.0,0.0,0.0,Study 8 CPID Input Files - Anonymization,cardiology_phase2,96.1,95.5,0.6,Low,Low,Low,Low
Subject 3029,Site 375,0.0,0.0,0.0,0.0,Study 8 CPID Input Files - Anonymization,cardiology_phase2,96.1,95.5,0.6,Low,Low,Low,Low
Subject 3030,Site 375,0.0,0.0,1.0,0.0,Study 8 CPID Input Files - Anonymization,cardiology_phase2,93.3,93.0,0.3,Low,Low,Low,Low
Subject 3031,Site 375,0.0,0.0,0.0,0.0,Study 8 CPID Input Files - Anonymization,cardiology_phase2,96.1,95.5,0.6,Low,Low,Low,Low
Subject 3032,Site 375,0.0,0.0,1.0,0.0,Study 8 CPID Input Files - Anonymization,cardiology_phase2,93.3,93.0,0.3,Low,Low,Low,Low
Subject 3033,Site 375,0.0,0.0,1.0,0.0,Study 8 CPID Input Files - Anonymization,cardiology_phase2,93.3,93.0,0.3,Low,Low,Low,Low
Subject 3034,Site 376,0.0,0.0,0.0,0.0,Study 8 CPID Input Files - Anonymization,cardiology_phase2,96.1,95.5,0.6,Low,Low,Low,Low
Subject 3035,Site 376,0.0,0.0,0.0,0.0,Study 8 CPID Input Files - Anonymization,cardiology_phase2,96.1,95.5,0.6,Low,Low,Low,Low
Subject 3036,Site 376,0.0,0.0,0.0,0.0,Study 8 CPID Input Files - Anonymization,cardiology_phase2,96.1,95.5,0.6,Low,Low,Low,Low
Subject 3037,Site 376,0.0,0.0,0.0,0.0,Study 8 CPID Input Files - Anonymization,cardiology_phase2,96.1,95.5,0.6,Low,Low,Low,Low
Subject 3038,Site 376,0.0,0.0,0.0,0.0,Study 8 CPID Input Files - Anonymization,cardiology_phase2,96.1,95.5,0.6,Low,Low,Low,Low
Subject 3039,Site 376,0.0,0.0,0.0,0.0,Study 8 CPID Input Files - Anonymization,cardiology_phase2,96.1,95.5,0.6,Low,Low,Low,Low
Subject 3040,Site 376,0.0,0.0,0.0,0.0,Study 8 CPID Input Files - Anonymization,cardiology_phase2,96.1,95.5,0.6,Low,Low,Low,Low
Subject 3041,Site 376,0.0,0.0,1.0,0.0,Study 8 CPID Input Files - Anonymization,cardiology_phase2,93.3,93.0,0.3,Low,Low,Low,Low
Subject 3042,Site 376,0.0,0.0,0.0,0.0,Study 8 CPID Input Files - Anonymization,cardiology_phase2,96.1,95.5,0.6,Low,Low,Low,Low
Subject 3043,Site 376,0.0,0.0,0.0,0.0,Study 8 CPID Input Files - Anonymization,cardiology_phase2,96.1,95.5,0.6,Low,Low,Low,Low
Subject 3044,Site 376,0.0,0.0,0.0,0.0,Study 8 CPID Input Files - Anonymization,cardiology_phase2,96.1,95.5,0.6,Low,Low,Low,Low
Subject 3045,Site 377,0.0,0.0,0.0,0.0,Study 8 CPID Input Files - Anonymization,cardiology_phase2,96.1,95.5,0.6,Low,Low,Low,Low
Subject 3046,Site 377,0.0,0.0,0.0,0.0,Study 8 CPID Input Files - Anonymization,cardiology_phase2,96.1,95.5,0.6,Low,Low,Low,Low
Subject 3047,Site 377,0.0,0.0,0.0,0.0,Study 8 CPID Input Files - Anonymization,cardiology_phase2,96.1,95.5,0.6,Low,Low,Low,Low
Subject 3048,Site 377,0.0,0.0,0.0,0.0,Study 8 CPID Input Files - Anonymization,cardiology_phase2,96.1,95.5,0.6,Low,Low,Low,Low
Subject 3049,Site 377,0.0,0.0,0.0,0.0,Study 8 CPID Input Files - Anonymization,cardiology_phase2,96.1,95.5,0.6,Low,Low,Low,Low
Subject 3050,Site 377,0.0,0.0,0.0,0.0,Study 8 CPID Input Files - Anonymization,cardiology_phase2,96.1,95.5,0.6,Low,Low,Low,Low
Subject 3051,Site 377,0.0,0.0,0.0,0.0,Study 8 CPID Input Files - Anonymization,cardiology_phase2,96.1,95.5,0.6,Low,Low,Low,Low
Subject 3052,Site 377,0.0,0.0,0.0,0.0,Study 8 CPID Input Files - Anonymization,cardiology_phase2,96.1,95.5,0.6,Low,Low,Low,Low
Subject 3053,Site 377,0.0,0.0,0.0,0.0,Study 8 CPID Input Files - Anonymization,cardiology_phase2,96.1,95.5,0.6,Low,Low,Low,Low
Subject 3054,Site 377,0.0,0.0,0.0,0.0,Study 8 CPID Input Files - Anonymization,cardiology_phase2,96.1,95.5,0.6,Low,Low,Low,Low
Subject 3055,Site 377,0.0,0.0,0.0,0.0,Study 8 CPID Input Files - Anonymization,cardiology_phase2,96.1,95.5,0.6,Low,Low,Low,Low
Subject 3056,Site 377,0.0,0.0,0.0,0.0,Study 8 CPID Input Files - Anonymization,cardiology_phase2,96.1,95.5,0.6,Low,Low,Low,Low
Subject 3057,Site 377,0.0,0.0,0.0,0.0,Study 8 CPID Input Files - Anonymization,cardiology_phase2,96.1,95.5,0.6,Low,Low,Low,Low
Subject 3058,Site 377,0.0,0.0,0.0,0.0,Study 8 CPID Input Files - Anonymization,cardiology_phase2,96.1,95.5,0.6,Low,Low,Low,Low
Subject 3059,Site 377,0.0,0.0,0.0,0.0,Study 8 CPID Input Files - Anonymization,cardiology_phase2,96.1,95.5,0.6,Low,Low,Low,Low
Subject 3060,Site 377,0.0,0.0,0.0,0.0,Study 8 CPID Input Files - Anonymization,cardiology_phase2,96.1,95.5,0.6,Low,Low,Low,Low
Subject 3061,Site 378,0.0,0.0,0.0,0.0,Study 8 CPID Input Files - Anonymization,cardiology_phase2,96.1,95.5,0.6,Low,Low,Low,Low
Subject 3062,Site 378,0.0,0.0,0.0,0.0,Study 8 CPID Input Files - Anonymization,cardiology_phase2,96.1,95.5,0.6,Low,Low,Low,Low
Subject 3063,Site 378,0.0,0.0,0.0,0.0,Study 8 CPID Input Files - Anonymization,cardiology_phase2,96.1,95.5,0.6,Low,Low,Low,Low
Subject 3064,Site 378,0.0,0.0,0.0,0.0,Study 8 CPID Input Files - Anonymization,cardiology_phase2,96.1,95.5,0.6,Low,Low,Low,Low
Subject 3065,Site 378,0.0,0.0,0.0,0.0,Study 8 CPID Input Files - Anonymization,cardiology_phase2,96.1,95.5,0.6,Low,Low,Low,Low
Subject 3066,Site 378,0.0,0.0,0.0,0.0,Study 8 CPID Input Files - Anonymization,cardiology_phase2,96.1,95.5,0.6,Low,Low,Low,Low
Subject 3067,Site 378,0.0,0.0,0.0,0.0,Study 8 CPID Input Files - Anonymization,cardiology_phase2,96.1,95.5,0.6,Low,Low,Low,Low
Subject 3068,Site 379,0.0,0.0,0.0,0.0,Study 8 CPID Input Files - Anonymization,cardiology_phase2,96.1,95.5,0.6,Low,Low,Low,Low
Subject 3069,Site 379,0.0,0.0,0.0,0.0,Study 8 CPID Input Files - Anonymization,cardiology_phase2,96.1,95.5,0.6,Low,Low,Low,Low
Subject 3070,Site 379,0.0,0.0,0.0,0.0,Study 8 CPID Input Files - Anonymization,cardiology_phase2,96.1,95.5,0.6,Low,Low,Low,Low
Subject 3071,Site 379,0.0,0.0,0.0,0.0,Study 8 CPID Input Files - Anonymization,cardiology_phase2,96.1,95.5,0.6,Low,Low,Low,Low
Subject 3072,Site 380,0.0,0.0,0.0,0.0,Study 8 CPID Input Files - Anonymization,cardiology_phase2,96.1,95.5,0.6,Low,Low,Low,Low
Subject 3073,Site 380,0.0,0.0,0.0,0.0,Study 8 CPID Input Files - Anonymization,cardiology_phase2,96.1,95.5,0.6,Low,Low,Low,Low
Subject 3074,Site 380,0.0,0.0,0.0,0.0,Study 8 CPID Input Files - Anonymization,cardiology_phase2,96.1,95.5,0.6,Low,Low,Low,Low
Subject 3075,Site 380,0.0,0.0,0.0,0.0,Study 8 CPID Input Files - Anonymization,cardiology_phase2,96.1,95.5,0.6,Low,Low,Low,Low
Subject 3076,Site 380,0.0,0.0,0.0,0.0,Study 8 CPID Input Files - Anonymization,cardiology_phase2,96.1,95.5,0.6,Low,Low,Low,Low
Subject 3077,Site 380,0.0,0.0,0.0,0.0,Study 8 CPID Input Files - Anonymization,cardiology_phase2,96.1,95.5,0.6,Low,Low,Low,Low
Subject 3078,Site 380,0.0,0.0,0.0,0.0,Study 8 CPID Input Files - Anonymization,cardiology_phase2,96.1,95.5,0.6,Low,Low,Low,Low
Subject 3079,Site 380,0.0,0.0,0.0,0.0,Study 8 CPID Input Files - Anonymization,cardiology_phase2,96.1,95.5,0.6,Low,Low,Low,Low
Subject 3080,Site 380,0.0,0.0,0.0,0.0,Study 8 CPID Input Files - Anonymization,cardiology_phase2,96.1,95.5,0.6,Low,Low,Low,Low
Subject 3081,Site 380,0.0,0.0,0.0,0.0,Study 8 CPID Input Files - Anonymization,cardiology_phase2,96.1,95.5,0.6,Low,Low,Low,Low
Subject 3082,Site 380,0.0,0.0,0.0,0.0,Study 8 CPID Input Files - Anonymization,cardiology_phase2,96.1,95.5,0.6,Low,Low,Low,Low
Subject 3083,Site 380,0.0,0.0,0.0,0.0,Study 8 CPID Input Files - Anonymization,cardiology_phase2,96.1,95.5,0.6,Low,Low,Low,Low
Subject 3084,Site 380,0.0,0.0,0.0,0.0,Study 8 CPID Input Files - Anonymization,cardiology_phase2,96.1,95.5,0.6,Low,Low,Low,Low
Subject 3085,Site 380,0.0,0.0,0.0,0.0,Study 8 CPID Input Files - Anonymization,cardiology_phase2,96.1,95.5,0.6,Low,Low,Low,Low
Subject 3086,Site 380,0.0,0.0,0.0,0.0,Study 8 CPID Input Files - Anonymization,cardiology_phase2,96.1,95.5,0.6,Low,Low,Low,Low
Subject 3087,Site 380,0.0,0.0,0.0,0.0,Study 8 CPID Input Files - Anonymization,cardiology_phase2,96.1,95.5,0.6,Low,Low,Low,Low
Subject 3088,Site 380,0.0,0.0,0.0,0.0,Study 8 CPID Input Files - Anonymization,cardiology_phase2,96.1,95.5,0.6,Low,Low,Low,Low
Subject 3089,Site 380,0.0,0.0,0.0,0.0,Study 8 CPID Input Files - Anonymization,cardiology_phase2,96.1,95.5,0.6,Low,Low,Low,Low
Subject 3090,Site 380,0.0,0.0,0.0,0.0,Study 8 CPID Input Files - Anonymization,cardiology_phase2,96.1,95.5,0.6,Low,Low,Low,Low
Subject 3091,Site 380,0.0,0.0,0.0,0.0,Study 8 CPID Input Files - Anonymization,cardiology_phase2,96.1,95.5,0.6,Low,Low,Low,Low
Subject 3092,Site 380,0.0,0.0,0.0,0.0,Study 8 CPID Input Files - Anonymization,cardiology_phase2,96.1,95.5,0.6,Low,Low,Low,Low
Subject 3093,Site 380,0.0,0.0,0.0,0.0,Study 8 CPID Input Files - Anonymization,cardiology_phase2,96.1,95.5,0.6,Low,Low,Low,Low
Subject 3094,Site 380,0.0,0.0,0.0,0.0,Study 8 CPID Input Files - Anonymization,cardiology_phase2,96.1,95.5,0.6,Low,Low,Low,Low
Subject 3095,Site 380,0.0,0.0,0.0,0.0,Study 8 CPID Input Files - Anonymization,cardiology_phase2,96.1,95.5,0.6,Low,Low,Low,Low
Subject 3096,Site 380,0.0,0.0,0.0,0.0,Study 8 CPID Input Files - Anonymization,cardiology_phase2,96.1,95.5,0.6,Low,Low,Low,Low
Subject 3097,Site 380,0.0,0.0,0.0,0.0,Study 8 CPID Input Files - Anonymization,cardiology_phase2,96.1,95.5,0.6,Low,Low,Low,Low
Subject 3098,Site 380,0.0,0.0,0.0,0.0,Study 8 CPID Input Files - Anonymization,cardiology_phase2,96.1,95.5,0.6,Low,Low,Low,Low
Subject 3099,Site 380,0.0,0.0,0.0,0.0,Study 8 CPID Input Files - Anonymization,cardiology_phase2,96.1,95.5,0.6,Low,Low,Low,Low
Subject 3100,Site 380,0.0,0.0,0.0,0.0,Study 8 CPID Input Files - Anonymization,cardiology_phase2,96.1,95.5,0.6,Low,Low,Low,Low
Subject 3101,Site 381,0.0,0.0,0.0,0.0,Study 8 CPID Input Files - Anonymization,cardiology_phase2,96.1,95.5,0.6,Low,Low,Low,Low
Subject 3102,Site 381,0.0,0.0,0.0,0.0,Study 8 CPID Input Files - Anonymization,cardiology_phase2,96.1,95.5,0.6,Low,Low,Low,Low
Subject 3103,Site 381,0.0,0.0,0.0,0.0,Study 8 CPID Input Files - Anonymization,cardiology_phase2,96.1,95.5,0.6,Low,Low,Low,Low
Subject 3104,Site 381,0.0,0.0,0.0,0.0,Study 8 CPID Input Files - Anonymization,cardiology_phase2,96.1,95.5,0.6,Low,Low,Low,Low
Subject 3105,Site 381,0.0,0.0,0.0,0.0,Study 8 CPID Input Files - Anonymization,cardiology_phase2,96.1,95.5,0.6,Low,Low,Low,Low
Subject 3106,Site 382,0.0,0.0,0.0,0.0,Study 8 CPID Input Files - Anonymization,cardiology_phase2,96.1,95.5,0.6,Low,Low,Low,Low
Subject 3107,Site 382,0.0,0.0,0.0,0.0,Study 8 CPID Input Files - Anonymization,cardiology_phase2,96.1,95.5,0.6,Low,Low,Low,Low
Subject 3108,Site 382,0.0,0.0,0.0,0.0,Study 8 CPID Input Files - Anonymization,cardiology_phase2,96.1,95.5,0.6,Low,Low,Low,Low
Subject 3109,Site 382,0.0,0.0,0.0,0.0,Study 8 CPID Input Files - Anonymization,cardiology_phase2,96.1,95.5,0.6,Low,Low,Low,Low
Subject 3110,Site 382,0.0,0.0,0.0,0.0,Study 8 CPID Input Files - Anonymization,cardiology_phase2,96.1,95.5,0.6,Low,Low,Low,Low
Subject 3111,Site 382,0.0,0.0,0.0,0.0,Study 8 CPID Input Files - Anonymization,cardiology_phase2,96.1,95.5,0.6,Low,Low,Low,Low
Subject 3112,Site 382,0.0,0.0,0.0,0.0,Study 8 CPID Input Files - Anonymization,cardiology_phase2,96.1,95.5,0.6,Low,Low,Low,Low
Subject 3113,Site 382,0.0,0.0,0.0,0.0,Study 8 CPID Input Files - Anonymization,cardiology_phase2,96.1,95.5,0.6,Low,Low,Low,Low
Subject 3114,Site 383,0.0,0.0,0.0,0.0,Study 8 CPID Input Files - Anonymization,cardiology_phase2,96.1,95.5,0.6,Low,Low,Low,Low
Subject 3115,Site 383,0.0,0.0,0.0,0.0,Study 8 CPID Input Files - Anonymization,cardiology_phase2,96.1,95.5,0.6,Low,Low,Low,Low
Subject 3116,Site 384,0.0,0.0,0.0,0.0,Study 8 CPID Input Files - Anonymization,cardiology_phase2,96.1,95.5,0.6,Low,Low,Low,Low
Subject 3117,Site 384,0.0,0.0,0.0,0.0,Study 8 CPID Input Files - Anonymization,cardiology_phase2,96.1,95.5,0.6,Low,Low,Low,Low
Subject 3118,Site 384,0.0,0.0,0.0,0.0,Study 8 CPID Input Files - Anonymization,cardiology_phase2,96.1,95.5,0.6,Low,Low,Low,Low
Subject 3119,Site 384,0.0,0.0,0.0,0.0,Study 8 CPID Input Files - Anonymization,cardiology_phase2,96.1,95.5,0.6,Low,Low,Low,Low
Subject 3120,Site 384,0.0,0.0,0.0,0.0,Study 8 CPID Input Files - Anonymization,cardiology_phase2,96.1,95.5,0.6,Low,Low,Low,Low
Subject 3121,Site 384,0.0,0.0,0.0,0.0,Study 8 CPID Input Files - Anonymization,cardiology_phase2,96.1,95.5,0.6,Low,Low,Low,Low
Subject 3122,Site 385,0.0,0.0,0.0,0.0,Study 8 CPID Input Files - Anonymization,cardiology_phase2,96.1,95.5,0.6,Low,Low,Low,Low
Subject 3123,Site 385,0.0,0.0,0.0,0.0,Study 8 CPID Input Files - Anonymization,cardiology_phase2,96.1,95.5,0.6,Low,Low,Low,Low
Subject 3124,Site 385,0.0,0.0,0.0,0.0,Study 8 CPID Input Files - Anonymization,cardiology_phase2,96.1,95.5,0.6,Low,Low,Low,Low
Subject 3125,Site 385,0.0,0.0,0.0,0.0,Study 8 CPID Input Files - Anonymization,cardiology_phase2,96.1,95.5,0.6,Low,Low,Low,Low
Subject 3126,Site 386,0.0,0.0,0.0,0.0,Study 8 CPID Input Files - Anonymization,cardiology_phase2,96.1,95.5,0.6,Low,Low,Low,Low
Subject 3127,Site 386,0.0,0.0,0.0,0.0,Study 8 CPID Input Files - Anonymization,cardiology_phase2,96.1,95.5,0.6,Low,Low,Low,Low
Subject 3128,Site 386,0.0,0.0,0.0,0.0,Study 8 CPID Input Files - Anonymization,cardiology_phase2,96.1,95.5,0.6,Low,Low,Low,Low
Subject 3129,Site 386,0.0,0.0,0.0,0.0,Study 8 CPID Input Files - Anonymization,cardiology_phase2,96.1,95.5,0.6,Low,Low,Low,Low
Subject 3130,Site 386,0.0,0.0,0.0,0.0,Study 8 CPID Input Files - Anonymization,cardiology_phase2,96.1,95.5,0.6,Low,Low,Low,Low
Subject 3131,Site 386,0.0,0.0,0.0,0.0,Study 8 CPID Input Files - Anonymization,cardiology_phase2,96.1,95.5,0.6,Low,Low,Low,Low
Subject 3132,Site 386,0.0,0.0,0.0,0.0,Study 8 CPID Input Files - Anonymization,cardiology_phase2,96.1,95.5,0.6,Low,Low,Low,Low
Subject 3133,Site 387,0.0,0.0,0.0,0.0,Study 8 CPID Input Files - Anonymization,cardiology_phase2,96.1,95.5,0.6,Low,Low,Low,Low
Subject 3134,Site 387,0.0,0.0,0.0,0.0,Study 8 CPID Input Files - Anonymization,cardiology_phase2,96.1,95.5,0.6,Low,Low,Low,Low
Subject 3135,Site 388,0.0,0.0,0.0,0.0,Study 8 CPID Input Files - Anonymization,cardiology_phase2,96.1,95.5,0.6,Low,Low,Low,Low
Subject 3136,Site 389,0.0,0.0,0.0,0.0,Study 8 CPID Input Files - Anonymization,cardiology_phase2,96.1,95.5,0.6,Low,Low,Low,Low
Subject 3137,Site 380,0.0,0.0,0.0,0.0,Study 8 CPID Input Files - Anonymization,cardiology_phase2,96.1,95.5,0.6,Low,Low,Low,Low
Subject 3138,Site 389,0.0,0.0,0.0,0.0,Study 8 CPID Input Files - Anonymization,cardiology_phase2,96.1,95.5,0.6,Low,Low,Low,Low
Subject 3139,Site 389,0.0,0.0,0.0,0.0,Study 8 CPID Input Files - Anonymization,cardiology_phase2,96.1,95.5,0.6,Low,Low,Low,Low
Subject 3140,Site 389,0.0,0.0,1.0,0.0,Study 8 CPID Input Files - Anonymization,cardiology_phase2,93.3,93.0,0.3,Low,Low,Low,Low
Subject 3141,Site 389,0.0,0.0,0.0,0.0,Study 8 CPID Input Files - Anonymization,cardiology_phase2,96.1,95.5,0.6,Low,Low,Low,Low
Subject 897,Site 111,0.0,0.0,0.0,0.0,Study 8 CPID Input Files - Anonymization,cardiology_phase2,96.1,95.5,0.6,Low,Low,Low,Low
Subject 3142,Site 390,0.0,0.0,0.0,0.0,Study 8 CPID Input Files - Anonymization,cardiology_phase2,96.1,95.5,0.6,Low,Low,Low,Low
Subject 3143,Site 390,0.0,0.0,0.0,0.0,Study 8 CPID Input Files - Anonymization,cardiology_phase2,96.1,95.5,0.6,Low,Low,Low,Low
Subject 898,Site 112,0.0,0.0,0.0,0.0,Study 8 CPID Input Files - Anonymization,cardiology_phase2,96.1,95.5,0.6,Low,Low,Low,Low
Subject 899,Site 112,0.0,0.0,0.0,0.0,Study 8 CPID Input Files - Anonymization,cardiology_phase2,96.1,95.5,0.6,Low,Low,Low,Low
Subject 3144,Site 391,0.0,0.0,0.0,0.0,Study 8 CPID Input Files - Anonymization,cardiology_phase2,96.1,95.5,0.6,Low,Low,Low,Low
Subject 3145,Site 391,0.0,0.0,0.0,0.0,Study 8 CPID Input Files - Anonymization,cardiology_phase2,96.1,95.5,0.6,Low,Low,Low,Low
Subject 3146,Site 392,0.0,0.0,0.0,0.0,Study 8 CPID Input Files - Anonymization,cardiology_phase2,96.1,95.5,0.6,Low,Low,Low,Low
Subject 3147,Site 392,0.0,0.0,0.0,0.0,Study 8 CPID Input Files - Anonymization,cardiology_phase2,96.1,95.5,0.6,Low,Low,Low,Low
Subject 3148,Site 392,0.0,0.0,0.0,0.0,Study 8 CPID Input Files - Anonymization,cardiology_phase2,96.1,95.5,0.6,Low,Low,Low,Low
Subject 3149,Site 392,0.0,0.0,0.0,0.0,Study 8 CPID Input Files - Anonymization,cardiology_phase2,96.1,95.5,0.6,Low,Low,Low,Low
Subject 3150,Site 393,0.0,0.0,0.0,0.0,Study 8 CPID Input Files - Anonymization,cardiology_phase2,96.1,95.5,0.6,Low,Low,Low,Low
Subject 3151,Site 393,0.0,0.0,0.0,0.0,Study 8 CPID Input Files - Anonymization,cardiology_phase2,96.1,95.5,0.6,Low,Low,Low,Low
Subject 3152,Site 394,0.0,0.0,0.0,0.0,Study 8 CPID Input Files - Anonymization,cardiology_phase2,96.1,95.5,0.6,Low,Low,Low,Low
Subject 3153,Site 394,0.0,0.0,0.0,0.0,Study 8 CPID Input Files - Anonymization,cardiology_phase2,96.1,95.5,0.6,Low,Low,Low,Low
Subject 3154,Site 395,0.0,0.0,0.0,0.0,Study 8 CPID Input Files - Anonymization,cardiology_phase2,96.1,95.5,0.6,Low,Low,Low,Low
Subject 3155,Site 395,0.0,0.0,0.0,0.0,Study 8 CPID Input Files - Anonymization,cardiology_phase2,96.1,95.5,0.6,Low,Low,Low,Low
Subject 3156,Site 396,0.0,0.0,0.0,0.0,Study 8 CPID Input Files - Anonymization,cardiology_phase2,96.1,95.5,0.6,Low,Low,Low,Low
Subject 3157,Site 397,0.0,0.0,0.0,0.0,Study 8 CPID Input Files - Anonymization,cardiology_phase2,96.1,95.5,0.6,Low,Low,Low,Low
Subject 3158,Site 397,0.0,0.0,0.0,0.0,Study 8 CPID Input Files - Anonymization,cardiology_phase2,96.1,95.5,0.6,Low,Low,Low,Low
Subject 3159,Site 398,0.0,0.0,0.0,0.0,Study 8 CPID Input Files - Anonymization,cardiology_phase2,96.1,95.5,0.6,Low,Low,Low,Low
Subject 3160,Site 398,0.0,0.0,0.0,0.0,Study 8 CPID Input Files - Anonymization,cardiology_phase2,96.1,95.5,0.6,Low,Low,Low,Low
Subject 3161,Site 398,0.0,0.0,0.0,0.0,Study 8 CPID Input Files - Anonymization,cardiology_phase2,96.1,95.5,0.6,Low,Low,Low,Low
Subject 3162,Site 398,0.0,0.0,0.0,0.0,Study 8 CPID Input Files - Anonymization,cardiology_phase2,96.1,95.5,0.6,Low,Low,Low,Low
Subject 3163,Site 398,0.0,0.0,0.0,0.0,Study 8 CPID Input Files - Anonymization,cardiology_phase2,96.1,95.5,0.6,Low,Low,Low,Low
Subject 3164,Site 399,0.0,0.0,0.0,0.0,Study 8 CPID Input Files - Anonymization,cardiology_phase2,96.1,95.5,0.6,Low,Low,Low,Low
Subject 3165,Site 400,0.0,0.0,0.0,0.0,Study 8 CPID Input Files - Anonymization,cardiology_phase2,96.1,95.5,0.6,Low,Low,Low,Low
Subject 3166,Site 400,0.0,0.0,0.0,0.0,Study 8 CPID Input Files - Anonymization,cardiology_phase2,96.1,95.5,0.6,Low,Low,Low,Low
Subject 3167,Site 400,0.0,0.0,0.0,0.0,Study 8 CPID Input Files - Anonymization,cardiology_phase2,96.1,95.5,0.6,Low,Low,Low,Low
Subject 3168,Site 400,0.0,0.0,0.0,0.0,Study 8 CPID Input Files - Anonymization,cardiology_phase2,96.1,95.5,0.6,Low,Low,Low,Low
Subject 3169,Site 401,0.0,0.0,0.0,0.0,Study 8 CPID Input Files - Anonymization,cardiology_phase2,96.1,95.5,0.6,Low,Low,Low,Low
Subject 3170,Site 401,0.0,0.0,0.0,0.0,Study 8 CPID Input Files - Anonymization,cardiology_phase2,96.1,95.5,0.6,Low,Low,Low,Low
Subject 3171,Site 401,0.0,0.0,0.0,0.0,Study 8 CPID Input Files - Anonymization,cardiology_phase2,96.1,95.5,0.6,Low,Low,Low,Low
Subject 3172,Site 401,0.0,0.0,0.0,0.0,Study 8 CPID Input Files - Anonymization,cardiology_phase2,96.1,95.5,0.6,Low,Low,Low,Low
Subject 3173,Site 401,0.0,0.0,0.0,0.0,Study 8 CPID Input Files - Anonymization,cardiology_phase2,96.1,95.5,0.6,Low,Low,Low,Low
Subject 3174,Site 401,0.0,0.0,0.0,0.0,Study 8 CPID Input Files - Anonymization,cardiology_phase2,96.1,95.5,0.6,Low,Low,Low,Low
Subject 3175,Site 402,0.0,0.0,0.0,0.0,Study 8 CPID Input Files - Anonymization,cardiology_phase2,96.1,95.5,0.6,Low,Low,Low,Low
Subject 3176,Site 402,0.0,0.0,0.0,0.0,Study 8 CPID Input Files - Anonymization,cardiology_phase2,96.1,95.5,0.6,Low,Low,Low,Low
Subject 3177,Site 402,0.0,0.0,0.0,0.0,Study 8 CPID Input Files - Anonymization,cardiology_phase2,96.1,95.5,0.6,Low,Low,Low,Low
Subject 3178,Site 402,0.0,0.0,0.0,0.0,Study 8 CPID Input Files - Anonymization,cardiology_phase2,96.1,95.5,0.6,Low,Low,Low,Low
Subject 3179,Site 403,0.0,0.0,0.0,0.0,Study 8 CPID Input Files - Anonymization,cardiology_phase2,96.1,95.5,0.6,Low,Low,Low,Low
Subject 3180,Site 403,0.0,0.0,0.0,0.0,Study 8 CPID Input Files - Anonymization,cardiology_phase2,96.1,95.5,0.6,Low,Low,Low,Low
Subject 3181,Site 404,0.0,0.0,0.0,0.0,Study 8 CPID Input Files - Anonymization,cardiology_phase2,96.1,95.5,0.6,Low,Low,Low,Low
Subject 3182,Site 404,0.0,0.0,0.0,0.0,Study 8 CPID Input Files - Anonymization,cardiology_phase2,96.1,95.5,0.6,Low,Low,Low,Low
Subject 3183,Site 405,0.0,0.0,0.0,0.0,Study 8 CPID Input Files - Anonymization,cardiology_phase2,96.1,95.5,0.6,Low,Low,Low,Low
Subject 3184,Site 405,0.0,0.0,0.0,0.0,Study 8 CPID Input Files - Anonymization,cardiology_phase2,96.1,95.5,0.6,Low,Low,Low,Low
Subject 3185,Site 405,0.0,0.0,0.0,0.0,Study 8 CPID Input Files - Anonymization,cardiology_phase2,96.1,95.5,0.6,Low,Low,Low,Low
Subject 3186,Site 406,0.0,0.0,0.0,0.0,Study 8 CPID Input Files - Anonymization,cardiology_phase2,96.1,95.5,0.6,Low,Low,Low,Low
Subject 3187,Site 406,0.0,0.0,0.0,0.0,Study 8 CPID Input Files - Anonymization,cardiology_phase2,96.1,95.5,0.6,Low,Low,Low,Low
Subject 3188,Site 407,0.0,0.0,0.0,0.0,Study 8 CPID Input Files - Anonymization,cardiology_phase2,96.1,95.5,0.6,Low,Low,Low,Low
Subject 3189,Site 406,0.0,0.0,0.0,0.0,Study 8 CPID Input Files - Anonymization,cardiology_phase2,96.1,95.5,0.6,Low,Low,Low,Low
Subject 3190,Site 407,0.0,0.0,0.0,0.0,Study 8 CPID Input Files - Anonymization,cardiology_phase2,96.1,95.5,0.6,Low,Low,Low,Low
Subject 3191,Site 408,0.0,0.0,0.0,0.0,Study 8 CPID Input Files - Anonymization,cardiology_phase2,96.1,95.5,0.6,Low,Low,Low,Low
Subject 3192,Site 408,0.0,0.0,0.0,0.0,Study 8 CPID Input Files - Anonymization,cardiology_phase2,96.1,95.5,0.6,Low,Low,Low,Low
Subject 3193,Site 408,0.0,0.0,0.0,0.0,Study 8 CPID Input Files - Anonymization,cardiology_phase2,96.1,95.5,0.6,Low,Low,Low,Low
Subject 3194,Site 408,0.0,0.0,0.0,0.0,Study 8 CPID Input Files - Anonymization,cardiology_phase2,96.1,95.5,0.6,Low,Low,Low,Low
Subject 3195,Site 408,0.0,0.0,1.0,0.0,Study 8 CPID Input Files - Anonymization,cardiology_phase2,93.3,93.0,0.3,Low,Low,Low,Low
Subject 3196,Site 408,0.0,0.0,0.0,0.0,Study 8 CPID Input Files - Anonymization,cardiology_phase2,96.1,95.5,0.6,Low,Low,Low,Low
Subject 3197,Site 409,0.0,0.0,0.0,0.0,Study 8 CPID Input Files - Anonymization,cardiology_phase2,96.1,95.5,0.6,Low,Low,Low,Low
Subject 3198,Site 410,0.0,0.0,0.0,0.0,Study 8 CPID Input Files - Anonymization,cardiology_phase2,96.1,95.5,0.6,Low,Low,Low,Low
Subject 3199,Site 410,0.0,0.0,0.0,0.0,Study 8 CPID Input Files - Anonymization,cardiology_phase2,96.1,95.5,0.6,Low,Low,Low,Low
Subject 3200,Site 410,0.0,0.0,0.0,0.0,Study 8 CPID Input Files - Anonymization,cardiology_phase2,96.1,95.5,0.6,Low,Low,Low,Low
Subject 3201,Site 410,0.0,0.0,0.0,0.0,Study 8 CPID Input Files - Anonymization,cardiology_phase2,96.1,95.5,0.6,Low,Low,Low,Low
Subject 3202,Site 411,0.0,0.0,0.0,0.0,Study 8 CPID Input Files - Anonymization,cardiology_phase2,96.1,95.5,0.6,Low,Low,Low,Low
Subject 3203,Site 411,0.0,0.0,0.0,0.0,Study 8 CPID Input Files - Anonymization,cardiology_phase2,96.1,95.5,0.6,Low,Low,Low,Low
Subject 3204,Site 411,0.0,0.0,0.0,0.0,Study 8 CPID Input Files - Anonymization,cardiology_phase2,96.1,95.5,0.6,Low,Low,Low,Low
Subject 3205,Site 411,0.0,0.0,0.0,0.0,Study 8 CPID Input Files - Anonymization,cardiology_phase2,96.1,95.5,0.6,Low,Low,Low,Low
Subject 3206,Site 411,0.0,0.0,0.0,0.0,Study 8 CPID Input Files - Anonymization,cardiology_phase2,96.1,95.5,0.6,Low,Low,Low,Low
Subject 3207,Site 411,0.0,0.0,0.0,0.0,Study 8 CPID Input Files - Anonymization,cardiology_phase2,96.1,95.5,0.6,Low,Low,Low,Low
Subject 3208,Site 411,0.0,0.0,0.0,0.0,Study 8 CPID Input Files - Anonymization,cardiology_phase2,96.1,95.5,0.6,Low,Low,Low,Low
Subject 3209,Site 412,0.0,0.0,0.0,0.0,Study 8 CPID Input Files - Anonymization,cardiology_phase2,96.1,95.5,0.6,Low,Low,Low,Low
Subject 3210,Site 412,0.0,0.0,0.0,0.0,Study 8 CPID Input Files - Anonymization,cardiology_phase2,96.1,95.5,0.6,Low,Low,Low,Low
Subject 3211,Site 412,0.0,0.0,0.0,0.0,Study 8 CPID Input Files - Anonymization,cardiology_phase2,96.1,95.5,0.6,Low,Low,Low,Low
Subject 3212,Site 413,0.0,0.0,0.0,0.0,Study 8 CPID Input Files - Anonymization,cardiology_phase2,96.1,95.5,0.6,Low,Low,Low,Low
Subject 3213,Site 413,0.0,0.0,0.0,0.0,Study 8 CPID Input Files - Anonymization,cardiology_phase2,96.1,95.5,0.6,Low,Low,Low,Low
Subject 3214,Site 414,0.0,0.0,0.0,0.0,Study 8 CPID Input Files - Anonymization,cardiology_phase2,96.1,95.5,0.6,Low,Low,Low,Low
Subject 3215,Site 414,0.0,0.0,0.0,0.0,Study 8 CPID Input Files - Anonymization,cardiology_phase2,96.1,95.5,0.6,Low,Low,Low,Low
Subject 3216,Site 414,0.0,0.0,0.0,0.0,Study 8 CPID Input Files - Anonymization,cardiology_phase2,96.1,95.5,0.6,Low,Low,Low,Low
Subject 3217,Site 414,0.0,0.0,0.0,0.0,Study 8 CPID Input Files - Anonymization,cardiology_phase2,96.1,95.5,0.6,Low,Low,Low,Low
Subject 3218,Site 415,0.0,0.0,0.0,0.0,Study 8 CPID Input Files - Anonymization,cardiology_phase2,96.1,95.5,0.6,Low,Low,Low,Low
Subject 3219,Site 415,0.0,0.0,0.0,0.0,Study 8 CPID Input Files - Anonymization,cardiology_phase2,96.1,95.5,0.6,Low,Low,Low,Low
Subject 3220,Site 415,0.0,0.0,0.0,0.0,Study 8 CPID Input Files - Anonymization,cardiology_phase2,96.1,95.5,0.6,Low,Low,Low,Low
Subject 3221,Site 415,0.0,0.0,1.0,0.0,Study 8 CPID Input Files - Anonymization,cardiology_phase2,93.3,93.0,0.3,Low,Low,Low,Low
Subject 3222,Site 415,0.0,0.0,0.0,0.0,Study 8 CPID Input Files - Anonymization,cardiology_phase2,96.1,95.5,0.6,Low,Low,Low,Low
Subject 3223,Site 415,0.0,0.0,0.0,0.0,Study 8 CPID Input Files - Anonymization,cardiology_phase2,96.1,95.5,0.6,Low,Low,Low,Low
Subject 3224,Site 415,0.0,0.0,1.0,0.0,Study 8 CPID Input Files - Anonymization,cardiology_phase2,93.3,93.0,0.3,Low,Low,Low,Low
Subject 3225,Site 416,0.0,0.0,0.0,0.0,Study 8 CPID Input Files - Anonymization,cardiology_phase2,96.1,95.5,0.6,Low,Low,Low,Low
Subject 3226,Site 416,0.0,0.0,0.0,0.0,Study 8 CPID Input Files - Anonymization,cardiology_phase2,96.1,95.5,0.6,Low,Low,Low,Low
Subject 911,Site 113,0.0,0.0,1.0,0.0,Study 8 CPID Input Files - Anonymization,cardiology_phase2,93.3,93.0,0.3,Low,Low,Low,Low
Subject 912,Site 113,0.0,0.0,0.0,0.0,Study 8 CPID Input Files - Anonymization,cardiology_phase2,96.1,95.5,0.6,Low,Low,Low,Low
Subject 913,Site 113,0.0,0.0,0.0,0.0,Study 8 CPID Input Files - Anonymization,cardiology_phase2,96.1,95.5,0.6,Low,Low,Low,Low
Subject 914,Site 113,0.0,0.0,0.0,0.0,Study 8 CPID Input Files - Anonymization,cardiology_phase2,96.1,95.5,0.6,Low,Low,Low,Low
Subject 915,Site 113,0.0,0.0,0.0,0.0,Study 8 CPID Input Files - Anonymization,cardiology_phase2,96.1,95.5,0.6,Low,Low,Low,Low
Subject 916,Site 113,0.0,0.0,0.0,0.0,Study 8 CPID Input Files - Anonymization,cardiology_phase2,96.1,95.5,0.6,Low,Low,Low,Low
Subject 917,Site 113,0.0,0.0,0.0,0.0,Study 8 CPID Input Files - Anonymization,cardiology_phase2,96.1,95.5,0.6,Low,Low,Low,Low
Subject 3227,Site 417,0.0,0.0,1.0,0.0,Study 8 CPID Input Files - Anonymization,cardiology_phase2,93.3,93.0,0.3,Low,Low,Low,Low
Subject 3228,Site 417,0.0,0.0,0.0,0.0,Study 8 CPID Input Files - Anonymization,cardiology_phase2,96.1,95.5,0.6,Low,Low,Low,Low
Subject 3229,Site 417,0.0,0.0,0.0,0.0,Study 8 CPID Input Files - Anonymization,cardiology_phase2,96.1,95.5,0.6,Low,Low,Low,Low
Subject 3230,Site 417,0.0,0.0,0.0,0.0,Study 8 CPID Input Files - Anonymization,cardiology_phase2,96.1,95.5,0.6,Low,Low,Low,Low
Subject 3231,Site 418,0.0,0.0,0.0,0.0,Study 8 CPID Input Files - Anonymization,cardiology_phase2,96.1,95.5,0.6,Low,Low,Low,Low
Subject 3232,Site 418,0.0,0.0,0.0,0.0,Study 8 CPID Input Files - Anonymization,cardiology_phase2,96.1,95.5,0.6,Low,Low,Low,Low
Subject 3233,Site 419,0.0,0.0,0.0,0.0,Study 8 CPID Input Files - Anonymization,cardiology_phase2,96.1,95.5,0.6,Low,Low,Low,Low
Subject 3234,Site 420,0.0,0.0,0.0,0.0,Study 8 CPID Input Files - Anonymization,cardiology_phase2,96.1,95.5,0.6,Low,Low,Low,Low
Subject 3235,Site 421,0.0,0.0,0.0,0.0,Study 8 CPID Input Files - Anonymization,cardiology_phase2,96.1,95.5,0.6,Low,Low,Low,Low
Subject 3236,Site 421,0.0,0.0,0.0,0.0,Study 8 CPID Input Files - Anonymization,cardiology_phase2,96.1,95.5,0.6,Low,Low,Low,Low
Subject 3237,Site 421,0.0,0.0,0.0,0.0,Study 8 CPID Input Files - Anonymization,cardiology_phase2,96.1,95.5,0.6,Low,Low,Low,Low
Subject 3238,Site 421,0.0,0.0,0.0,0.0,Study 8 CPID Input Files - Anonymization,cardiology_phase2,96.1,95.5,0.6,Low,Low,Low,Low
Subject 3239,Site 421,0.0,0.0,0.0,0.0,Study 8 CPID Input Files - Anonymization,cardiology_phase2,96.1,95.5,0.6,Low,Low,Low,Low
Subject 3240,Site 421,0.0,0.0,0.0,0.0,Study 8 CPID Input Files - Anonymization,cardiology_phase2,96.1,95.5,0.6,Low,Low,Low,Low
Subject 3241,Site 421,0.0,0.0,0.0,0.0,Study 8 CPID Input Files - Anonymization,cardiology_phase2,96.1,95.5,0.6,Low,Low,Low,Low
Subject 3242,Site 421,0.0,0.0,0.0,0.0,Study 8 CPID Input Files - Anonymization,cardiology_phase2,96.1,95.5,0.6,Low,Low,Low,Low
Subject 3243,Site 422,0.0,0.0,0.0,0.0,Study 8 CPID Input Files - Anonymization,cardiology_phase2,96.1,95.5,0.6,Low,Low,Low,Low
Subject 3244,Site 422,0.0,0.0,0.0,0.0,Study 8 CPID Input Files - Anonymization,cardiology_phase2,96.1,95.5,0.6,Low,Low,Low,Low
Subject 3245,Site 423,0.0,0.0,0.0,0.0,Study 8 CPID Input Files - Anonymization,cardiology_phase2,96.1,95.5,0.6,Low,Low,Low,Low
Subject 3246,Site 423,0.0,0.0,0.0,0.0,Study 8 CPID Input Files - Anonymization,cardiology_phase2,96.1,95.5,0.6,Low,Low,Low,Low
Subject 3247,Site 423,0.0,0.0,0.0,0.0,Study 8 CPID Input Files - Anonymization,cardiology_phase2,96.1,95.5,0.6,Low,Low,Low,Low
Subject 3248,Site 424,0.0,0.0,0.0,0.0,Study 8 CPID Input Files - Anonymization,cardiology_phase2,96.1,95.5,0.6,Low,Low,Low,Low
Subject 3249,Site 424,0.0,0.0,0.0,0.0,Study 8 CPID Input Files - Anonymization,cardiology_phase2,96.1,95.5,0.6,Low,Low,Low,Low
Subject 3250,Site 424,0.0,0.0,0.0,0.0,Study 8 CPID Input Files - Anonymization,cardiology_phase2,96.1,95.5,0.6,Low,Low,Low,Low
Subject 3251,Site 424,0.0,0.0,0.0,0.0,Study 8 CPID Input Files - Anonymization,cardiology_phase2,96.1,95.5,0.6,Low,Low,Low,Low
Subject 3252,Site 424,0.0,0.0,0.0,0.0,Study 8 CPID Input Files - Anonymization,cardiology_phase2,96.1,95.5,0.6,Low,Low,Low,Low
Subject 3253,Site 424,0.0,0.0,0.0,0.0,Study 8 CPID Input Files - Anonymization,cardiology_phase2,96.1,95.5,0.6,Low,Low,Low,Low
Subject 3254,Site 424,0.0,0.0,0.0,0.0,Study 8 CPID Input Files - Anonymization,cardiology_phase2,96.1,95.5,0.6,Low,Low,Low,Low
Subject 3255,Site 424,0.0,0.0,0.0,0.0,Study 8 CPID Input Files - Anonymization,cardiology_phase2,96.1,95.5,0.6,Low,Low,Low,Low
Subject 3256,Site 425,0.0,0.0,1.0,0.0,Study 8 CPID Input Files - Anonymization,cardiology_phase2,93.3,93.0,0.3,Low,Low,Low,Low
Subject 3257,Site 426,0.0,0.0,0.0,0.0,Study 8 CPID Input Files - Anonymization,cardiology_phase2,96.1,95.5,0.6,Low,Low,Low,Low
Subject 3258,Site 426,0.0,0.0,0.0,0.0,Study 8 CPID Input Files - Anonymization,cardiology_phase2,96.1,95.5,0.6,Low,Low,Low,Low
Subject 3259,Site 426,0.0,0.0,0.0,0.0,Study 8 CPID Input Files - Anonymization,cardiology_phase2,96.1,95.5,0.6,Low,Low,Low,Low
Subject 3260,Site 426,0.0,0.0,0.0,0.0,Study 8 CPID Input Files - Anonymization,cardiology_phase2,96.1,95.5,0.6,Low,Low,Low,Low
Subject 3261,Site 427,0.0,0.0,0.0,0.0,Study 8 CPID Input Files - Anonymization,cardiology_phase2,96.1,95.5,0.6,Low,Low,Low,Low
Subject 3262,Site 427,0.0,0.0,0.0,0.0,Study 8 CPID Input Files - Anonymization,cardiology_phase2,96.1,95.5,0.6,Low,Low,Low,Low
Subject 3263,Site 427,0.0,0.0,0.0,0.0,Study 8 CPID Input Files - Anonymization,cardiology_phase2,96.1,95.5,0.6,Low,Low,Low,Low
Subject 3264,Site 428,0.0,0.0,0.0,0.0,Study 8 CPID Input Files - Anonymization,cardiology_phase2,96.1,95.5,0.6,Low,Low,Low,Low
Subject 3265,Site 428,0.0,0.0,0.0,0.0,Study 8 CPID Input Files - Anonymization,cardiology_phase2,96.1,95.5,0.6,Low,Low,Low,Low
Subject 3266,Site 428,0.0,0.0,0.0,0.0,Study 8 CPID Input Files - Anonymization,cardiology_phase2,96.1,95.5,0.6,Low,Low,Low,Low
Subject 3267,Site 428,0.0,0.0,0.0,0.0,Study 8 CPID Input Files - Anonymization,cardiology_phase2,96.1,95.5,0.6,Low,Low,Low,Low
Subject 3268,Site 429,0.0,0.0,0.0,0.0,Study 8 CPID Input Files - Anonymization,cardiology_phase2,96.1,95.5,0.6,Low,Low,Low,Low
Subject 3269,Site 429,0.0,0.0,0.0,0.0,Study 8 CPID Input Files - Anonymization,cardiology_phase2,96.1,95.5,0.6,Low,Low,Low,Low
Subject 3270,Site 430,0.0,0.0,0.0,0.0,Study 8 CPID Input Files - Anonymization,cardiology_phase2,96.1,95.5,0.6,Low,Low,Low,Low
Subject 3271,Site 430,0.0,0.0,0.0,0.0,Study 8 CPID Input Files - Anonymization,cardiology_phase2,96.1,95.5,0.6,Low,Low,Low,Low
Subject 3272,Site 431,0.0,0.0,0.0,0.0,Study 8 CPID Input Files - Anonymization,cardiology_phase2,96.1,95.5,0.6,Low,Low,Low,Low
Subject 3273,Site 431,0.0,0.0,0.0,0.0,Study 8 CPID Input Files - Anonymization,cardiology_phase2,96.1,95.5,0.6,Low,Low,Low,Low
Subject 3274,Site 431,0.0,0.0,0.0,0.0,Study 8 CPID Input Files - Anonymization,cardiology_phase2,96.1,95.5,0.6,Low,Low,Low,Low
Subject 3275,Site 432,0.0,0.0,1.0,0.0,Study 8 CPID Input Files - Anonymization,cardiology_phase2,93.3,93.0,0.3,Low,Low,Low,Low
Subject 3276,Site 433,0.0,0.0,0.0,0.0,Study 8 CPID Input Files - Anonymization,cardiology_phase2,96.1,95.5,0.6,Low,Low,Low,Low
Subject 3277,Site 433,0.0,0.0,0.0,0.0,Study 8 CPID Input Files - Anonymization,cardiology_phase2,96.1,95.5,0.6,Low,Low,Low,Low
Subject 3278,Site 433,0.0,0.0,0.0,0.0,Study 8 CPID Input Files - Anonymization,cardiology_phase2,96.1,95.5,0.6,Low,Low,Low,Low
Subject 3279,Site 433,0.0,0.0,0.0,0.0,Study 8 CPID Input Files - Anonymization,cardiology_phase2,96.1,95.5,0.6,Low,Low,Low,Low
Subject 3280,Site 434,0.0,0.0,0.0,0.0,Study 8 CPID Input Files - Anonymization,cardiology_phase2,96.1,95.5,0.6,Low,Low,Low,Low
Subject 3281,Site 434,0.0,0.0,0.0,0.0,Study 8 CPID Input Files - Anonymization,cardiology_phase2,96.1,95.5,0.6,Low,Low,Low,Low
Subject 3282,Site 434,0.0,0.0,0.0,0.0,Study 8 CPID Input Files - Anonymization,cardiology_phase2,96.1,95.5,0.6,Low,Low,Low,Low
Subject 3283,Site 434,0.0,0.0,0.0,0.0,Study 8 CPID Input Files - Anonymization,cardiology_phase2,96.1,95.5,0.6,Low,Low,Low,Low
Subject 3284,Site 435,0.0,0.0,0.0,0.0,Study 8 CPID Input Files - Anonymization,cardiology_phase2,96.1,95.5,0.6,Low,Low,Low,Low
Subject 3285,Site 435,0.0,0.0,0.0,0.0,Study 8 CPID Input Files - Anonymization,cardiology_phase2,96.1,95.5,0.6,Low,Low,Low,Low
Subject 3286,Site 435,0.0,0.0,0.0,0.0,Study 8 CPID Input Files - Anonymization,cardiology_phase2,96.1,95.5,0.6,Low,Low,Low,Low
Subject 3287,Site 435,0.0,0.0,0.0,0.0,Study 8 CPID Input Files - Anonymization,cardiology_phase2,96.1,95.5,0.6,Low,Low,Low,Low
Subject 3288,Site 435,0.0,0.0,0.0,0.0,Study 8 CPID Input Files - Anonymization,cardiology_phase2,96.1,95.5,0.6,Low,Low,Low,Low
Subject 3289,Site 435,0.0,0.0,0.0,0.0,Study 8 CPID Input Files - Anonymization,cardiology_phase2,96.1,95.5,0.6,Low,Low,Low,Low
Subject 3290,Site 435,0.0,0.0,0.0,0.0,Study 8 CPID Input Files - Anonymization,cardiology_phase2,96.1,95.5,0.6,Low,Low,Low,Low
Subject 3291,Site 435,0.0,0.0,0.0,0.0,Study 8 CPID Input Files - Anonymization,cardiology_phase2,96.1,95.5,0.6,Low,Low,Low,Low
Subject 1519,Site 167,0.0,0.0,0.0,0.0,Study 8 CPID Input Files - Anonymization,cardiology_phase2,96.1,95.5,0.6,Low,Low,Low,Low
Subject 3292,Site 167,0.0,0.0,0.0,0.0,Study 8 CPID Input Files - Anonymization,cardiology_phase2,96.1,95.5,0.6,Low,Low,Low,Low
Subject 3293,Site 167,0.0,0.0,0.0,0.0,Study 8 CPID Input Files - Anonymization,cardiology_phase2,96.1,95.5,0.6,Low,Low,Low,Low
Subject 3294,Site 167,0.0,0.0,0.0,0.0,Study 8 CPID Input Files - Anonymization,cardiology_phase2,96.1,95.5,0.6,Low,Low,Low,Low
Subject 3295,Site 167,0.0,0.0,0.0,0.0,Study 8 CPID Input Files - Anonymization,cardiology_phase2,96.1,95.5,0.6,Low,Low,Low,Low
Subject 3296,Site 167,0.0,0.0,0.0,0.0,Study 8 CPID Input Files - Anonymization,cardiology_phase2,96.1,95.5,0.6,Low,Low,Low,Low
Subject 3297,Site 167,0.0,0.0,0.0,0.0,Study 8 CPID Input Files - Anonymization,cardiology_phase2,96.1,95.5,0.6,Low,Low,Low,Low
Subject 3298,Site 167,0.0,0.0,0.0,0.0,Study 8 CPID Input Files - Anonymization,cardiology_phase2,96.1,95.5,0.6,Low,Low,Low,Low
Subject 3299,Site 167,0.0,0.0,0.0,0.0,Study 8 CPID Input Files - Anonymization,cardiology_phase2,96.1,95.5,0.6,Low,Low,Low,Low
Subject 3300,Site 167,0.0,0.0,0.0,0.0,Study 8 CPID Input Files - Anonymization,cardiology_phase2,96.1,95.5,0.6,Low,Low,Low,Low
Subject 3301,Site 167,0.0,0.0,0.0,0.0,Study 8 CPID Input Files - Anonymization,cardiology_phase2,96.1,95.5,0.6,Low,Low,Low,Low
Subject 3302,Site 167,0.0,0.0,0.0,0.0,Study 8 CPID Input Files - Anonymization,cardiology_phase2,96.1,95.5,0.6,Low,Low,Low,Low
Subject 3303,Site 167,0.0,0.0,0.0,0.0,Study 8 CPID Input Files - Anonymization,cardiology_phase2,96.1,95.5,0.6,Low,Low,Low,Low
Subject 3304,Site 167,0.0,0.0,0.0,0.0,Study 8 CPID Input Files - Anonymization,cardiology_phase2,96.1,95.5,0.6,Low,Low,Low,Low
Subject 3305,Site 167,0.0,0.0,0.0,0.0,Study 8 CPID Input Files - Anonymization,cardiology_phase2,96.1,95.5,0.6,Low,Low,Low,Low
Subject 3306,Site 167,0.0,0.0,0.0,0.0,Study 8 CPID Input Files - Anonymization,cardiology_phase2,96.1,95.5,0.6,Low,Low,Low,Low
Subject 3307,Site 167,0.0,0.0,0.0,0.0,Study 8 CPID Input Files - Anonymization,cardiology_phase2,96.1,95.5,0.6,Low,Low,Low,Low
Subject 3308,Site 167,0.0,0.0,0.0,0.0,Study 8 CPID Input Files - Anonymization,cardiology_phase2,96.1,95.5,0.6,Low,Low,Low,Low
Subject 3309,Site 167,0.0,0.0,0.0,0.0,Study 8 CPID Input Files - Anonymization,cardiology_phase2,96.1,95.5,0.6,Low,Low,Low,Low
Subject 3310,Site 167,0.0,0.0,0.0,0.0,Study 8 CPID Input Files - Anonymization,cardiology_phase2,96.1,95.5,0.6,Low,Low,Low,Low
Subject 2595,Site 316,0.0,0.0,0.0,0.0,Study 8 CPID Input Files - Anonymization,cardiology_phase2,96.1,95.5,0.6,Low,Low,Low,Low
Subject 2596,Site 316,0.0,0.0,0.0,0.0,Study 8 CPID Input Files - Anonymization,cardiology_phase2,96.1,95.5,0.6,Low,Low,Low,Low
Subject 2597,Site 316,0.0,0.0,0.0,0.0,Study 8 CPID Input Files - Anonymization,cardiology_phase2,96.1,95.5,0.6,Low,Low,Low,Low
Subject 2598,Site 316,0.0,0.0,1.0,0.0,Study 8 CPID Input Files - Anonymization,cardiology_phase2,93.3,93.0,0.3,Low,Low,Low,Low
Subject 2599,Site 316,0.0,0.0,0.0,0.0,Study 8 CPID Input Files - Anonymization,cardiology_phase2,96.1,95.5,0.6,Low,Low,Low,Low
Subject 2600,Site 316,0.0,0.0,0.0,0.0,Study 8 CPID Input Files - Anonymization,cardiology_phase2,96.1,95.5,0.6,Low,Low,Low,Low
Subject 3311,Site 316,0.0,0.0,0.0,0.0,Study 8 CPID Input Files - Anonymization,cardiology_phase2,96.1,95.5,0.6,Low,Low,Low,Low
Subject 3312,Site 316,0.0,0.0,0.0,0.0,Study 8 CPID Input Files - Anonymization,cardiology_phase2,96.1,95.5,0.6,Low,Low,Low,Low
Subject 3313,Site 316,0.0,0.0,0.0,0.0,Study 8 CPID Input Files - Anonymization,cardiology_phase2,96.1,95.5,0.6,Low,Low,Low,Low
Subject 3314,Site 436,0.0,0.0,0.0,0.0,Study 8 CPID Input Files - Anonymization,cardiology_phase2,96.1,95.5,0.6,Low,Low,Low,Low
Subject 3315,Site 436,0.0,0.0,0.0,0.0,Study 8 CPID Input Files - Anonymization,cardiology_phase2,96.1,95.5,0.6,Low,Low,Low,Low
Subject 3316,Site 436,0.0,0.0,0.0,0.0,Study 8 CPID Input Files - Anonymization,cardiology_phase2,96.1,95.5,0.6,Low,Low,Low,Low
Subject 3317,Site 436,0.0,0.0,0.0,0.0,Study 8 CPID Input Files - Anonymization,cardiology_phase2,96.1,95.5,0.6,Low,Low,Low,Low
Subject 3318,Site 436,0.0,0.0,0.0,0.0,Study 8 CPID Input Files - Anonymization,cardiology_phase2,96.1,95.5,0.6,Low,Low,Low,Low
Subject 3319,Site 436,0.0,0.0,0.0,0.0,Study 8 CPID Input Files - Anonymization,cardiology_phase2,96.1,95.5,0.6,Low,Low,Low,Low
Subject 3320,Site 436,0.0,0.0,1.0,0.0,Study 8 CPID Input Files - Anonymization,cardiology_phase2,93.3,93.0,0.3,Low,Low,Low,Low
Subject 3321,Site 436,0.0,0.0,0.0,0.0,Study 8 CPID Input Files - Anonymization,cardiology_phase2,96.1,95.5,0.6,Low,Low,Low,Low
Subject 3322,Site 437,0.0,0.0,0.0,0.0,Study 8 CPID Input Files - Anonymization,cardiology_phase2,96.1,95.5,0.6,Low,Low,Low,Low
Subject 3323,Site 437,0.0,0.0,0.0,0.0,Study 8 CPID Input Files - Anonymization,cardiology_phase2,96.1,95.5,0.6,Low,Low,Low,Low
Subject 3324,Site 437,0.0,0.0,0.0,0.0,Study 8 CPID Input Files - Anonymization,cardiology_phase2,96.1,95.5,0.6,Low,Low,Low,Low
Subject 3325,Site 437,0.0,0.0,0.0,0.0,Study 8 CPID Input Files - Anonymization,cardiology_phase2,96.1,95.5,0.6,Low,Low,Low,Low
Subject 3326,Site 437,0.0,0.0,0.0,0.0,Study 8 CPID Input Files - Anonymization,cardiology_phase2,96.1,95.5,0.6,Low,Low,Low,Low
Subject 3327,Site 437,0.0,0.0,0.0,0.0,Study 8 CPID Input Files - Anonymization,cardiology_phase2,96.1,95.5,0.6,Low,Low,Low,Low
Subject 3328,Site 437,0.0,0.0,0.0,0.0,Study 8 CPID Input Files - Anonymization,cardiology_phase2,96.1,95.5,0.6,Low,Low,Low,Low
Subject 1577,Site 174,0.0,0.0,0.0,0.0,Study 8 CPID Input Files - Anonymization,cardiology_phase2,96.1,95.5,0.6,Low,Low,Low,Low
Subject 1578,Site 174,0.0,0.0,0.0,0.0,Study 8 CPID Input Files - Anonymization,cardiology_phase2,96.1,95.5,0.6,Low,Low,Low,Low
Subject 1579,Site 174,0.0,0.0,0.0,0.0,Study 8 CPID Input Files - Anonymization,cardiology_phase2,96.1,95.5,0.6,Low,Low,Low,Low
Subject 1591,Site 175,0.0,0.0,0.0,0.0,Study 8 CPID Input Files - Anonymization,cardiology_phase2,96.1,95.5,0.6,Low,Low,Low,Low
Subject 3329,Site 438,0.0,0.0,0.0,0.0,Study 8 CPID Input Files - Anonymization,cardiology_phase2,96.1,95.5,0.6,Low,Low,Low,Low
Subject 3330,Site 439,0.0,0.0,0.0,0.0,Study 8 CPID Input Files - Anonymization,cardiology_phase2,96.1,95.5,0.6,Low,Low,Low,Low
Subject 3331,Site 439,0.0,0.0,0.0,0.0,Study 8 CPID Input Files - Anonymization,cardiology_phase2,96.1,95.5,0.6,Low,Low,Low,Low
Subject 3332,Site 439,0.0,0.0,0.0,0.0,Study 8 CPID Input Files - Anonymization,cardiology_phase2,96.1,95.5,0.6,Low,Low,Low,Low
Subject 3333,Site 439,0.0,0.0,0.0,0.0,Study 8 CPID Input Files - Anonymization,cardiology_phase2,96.1,95.5,0.6,Low,Low,Low,Low
Subject 3334,Site 439,0.0,0.0,0.0,0.0,Study 8 CPID Input Files - Anonymization,cardiology_phase2,96.1,95.5,0.6,Low,Low,Low,Low
Subject 3335,Site 439,0.0,0.0,0.0,0.0,Study 8 CPID Input Files - Anonymization,cardiology_phase2,96.1,95.5,0.6,Low,Low,Low,Low
Subject 3336,Site 439,0.0,0.0,0.0,0.0,Study 8 CPID Input Files - Anonymization,cardiology_phase2,96.1,95.5,0.6,Low,Low,Low,Low
Subject 3337,Site 439,0.0,0.0,0.0,0.0,Study 8 CPID Input Files - Anonymization,cardiology_phase2,96.1,95.5,0.6,Low,Low,Low,Low
Subject 3338,Site 439,0.0,0.0,0.0,0.0,Study 8 CPID Input Files - Anonymization,cardiology_phase2,96.1,95.5,0.6,Low,Low,Low,Low
Subject 3339,Site 439,0.0,0.0,0.0,0.0,Study 8 CPID Input Files - Anonymization,cardiology_phase2,96.1,95.5,0.6,Low,Low,Low,Low
Subject 3340,Site 440,0.0,0.0,0.0,0.0,Study 8 CPID Input Files - Anonymization,cardiology_phase2,96.1,95.5,0.6,Low,Low,Low,Low
Subject 3341,Site 440,0.0,0.0,0.0,0.0,Study 8 CPID Input Files - Anonymization,cardiology_phase2,96.1,95.5,0.6,Low,Low,Low,Low
Subject 3342,Site 440,0.0,0.0,0.0,0.0,Study 8 CPID Input Files - Anonymization,cardiology_phase2,96.1,95.5,0.6,Low,Low,Low,Low
Subject 3343,Site 440,0.0,0.0,0.0,0.0,Study 8 CPID Input Files - Anonymization,cardiology_phase2,96.1,95.5,0.6,Low,Low,Low,Low
Subject 3344,Site 440,0.0,0.0,0.0,0.0,Study 8 CPID Input Files - Anonymization,cardiology_phase2,96.1,95.5,0.6,Low,Low,Low,Low
Subject 3345,Site 440,0.0,0.0,0.0,0.0,Study 8 CPID Input Files - Anonymization,cardiology_phase2,96.1,95.5,0.6,Low,Low,Low,Low
Subject 3346,Site 441,0.0,0.0,0.0,0.0,Study 8 CPID Input Files - Anonymization,cardiology_phase2,96.1,95.5,0.6,Low,Low,Low,Low
Subject 3347,Site 441,0.0,0.0,0.0,0.0,Study 8 CPID Input Files - Anonymization,cardiology_phase2,96.1,95.5,0.6,Low,Low,Low,Low
Subject 3348,Site 441,0.0,0.0,0.0,0.0,Study 8 CPID Input Files - Anonymization,cardiology_phase2,96.1,95.5,0.6,Low,Low,Low,Low
Subject 3349,Site 441,0.0,0.0,0.0,0.0,Study 8 CPID Input Files - Anonymization,cardiology_phase2,96.1,95.5,0.6,Low,Low,Low,Low
Subject 2601,Site 317,0.0,0.0,0.0,0.0,Study 8 CPID Input Files - Anonymization,cardiology_phase2,96.1,95.5,0.6,Low,Low,Low,Low
Subject 2602,Site 317,0.0,0.0,0.0,0.0,Study 8 CPID Input Files - Anonymization,cardiology_phase2,96.1,95.5,0.6,Low,Low,Low,Low
Subject 2603,Site 317,0.0,0.0,0.0,0.0,Study 8 CPID Input Files - Anonymization,cardiology_phase2,96.1,95.5,0.6,Low,Low,Low,Low
Subject 2604,Site 317,0.0,0.0,0.0,0.0,Study 8 CPID Input Files - Anonymization,cardiology_phase2,96.1,95.5,0.6,Low,Low,Low,Low
Subject 2605,Site 317,0.0,0.0,0.0,0.0,Study 8 CPID Input Files - Anonymization,cardiology_phase2,96.1,95.5,0.6,Low,Low,Low,Low
Subject 2606,Site 317,0.0,0.0,0.0,0.0,Study 8 CPID Input Files - Anonymization,cardiology_phase2,96.1,95.5,0.6,Low,Low,Low,Low
Subject 2607,Site 317,0.0,0.0,0.0,0.0,Study 8 CPID Input Files - Anonymization,cardiology_phase2,96.1,95.5,0.6,Low,Low,Low,Low
Subject 2608,Site 317,0.0,0.0,0.0,0.0,Study 8 CPID Input Files - Anonymization,cardiology_phase2,96.1,95.5,0.6,Low,Low,Low,Low
Subject 2609,Site 317,0.0,0.0,0.0,0.0,Study 8 CPID Input Files - Anonymization,cardiology_phase2,96.1,95.5,0.6,Low,Low,Low,Low
Subject 2610,Site 317,0.0,0.0,0.0,0.0,Study 8 CPID Input Files - Anonymization,cardiology_phase2,96.1,95.5,0.6,Low,Low,Low,Low
Subject 2611,Site 317,0.0,0.0,0.0,0.0,Study 8 CPID Input Files - Anonymization,cardiology_phase2,96.1,95.5,0.6,Low,Low,Low,Low
Subject 2612,Site 318,0.0,0.0,0.0,0.0,Study 8 CPID Input Files - Anonymization,cardiology_phase2,96.1,95.5,0.6,Low,Low,Low,Low
Subject 2613,Site 318,0.0,0.0,0.0,0.0,Study 8 CPID Input Files - Anonymization,cardiology_phase2,96.1,95.5,0.6,Low,Low,Low,Low
Subject 2614,Site 318,0.0,0.0,0.0,0.0,Study 8 CPID Input Files - Anonymization,cardiology_phase2,96.1,95.5,0.6,Low,Low,Low,Low
Subject 2615,Site 318,0.0,0.0,0.0,0.0,Study 8 CPID Input Files - Anonymization,cardiology_phase2,96.1,95.5,0.6,Low,Low,Low,Low
Subject 2616,Site 318,0.0,0.0,0.0,0.0,Study 8 CPID Input Files - Anonymization,cardiology_phase2,96.1,95.5,0.6,Low,Low,Low,Low
Subject 3350,Site 318,0.0,0.0,0.0,0.0,Study 8 CPID Input Files - Anonymization,cardiology_phase2,96.1,95.5,0.6,Low,Low,Low,Low
Subject 3351,Site 442,0.0,0.0,0.0,0.0,Study 8 CPID Input Files - Anonymization,cardiology_phase2,96.1,95.5,0.6,Low,Low,Low,Low
Subject 3352,Site 442,0.0,0.0,0.0,0.0,Study 8 CPID Input Files - Anonymization,cardiology_phase2,96.1,95.5,0.6,Low,Low,Low,Low
Subject 3353,Site 442,0.0,0.0,0.0,0.0,Study 8 CPID Input Files - Anonymization,cardiology_phase2,96.1,95.5,0.6,Low,Low,Low,Low
Subject 3354,Site 442,0.0,0.0,0.0,0.0,Study 8 CPID Input Files - Anonymization,cardiology_phase2,96.1,95.5,0.6,Low,Low,Low,Low
Subject 3355,Site 442,0.0,0.0,0.0,0.0,Study 8 CPID Input Files - Anonymization,cardiology_phase2,96.1,95.5,0.6,Low,Low,Low,Low
Subject 3356,Site 442,0.0,0.0,0.0,0.0,Study 8 CPID Input Files - Anonymization,cardiology_phase2,96.1,95.5,0.6,Low,Low,Low,Low
Subject 3357,Site 442,0.0,0.0,0.0,0.0,Study 8 CPID Input Files - Anonymization,cardiology_phase2,96.1,95.5,0.6,Low,Low,Low,Low
Subject 3358,Site 442,0.0,0.0,0.0,0.0,Study 8 CPID Input Files - Anonymization,cardiology_phase2,96.1,95.5,0.6,Low,Low,Low,Low
Subject 3359,Site 442,0.0,0.0,0.0,0.0,Study 8 CPID Input Files - Anonymization,cardiology_phase2,96.1,95.5,0.6,Low,Low,Low,Low
Subject 3360,Site 442,0.0,0.0,0.0,0.0,Study 8 CPID Input Files - Anonymization,cardiology_phase2,96.1,95.5,0.6,Low,Low,Low,Low
Subject 2637,Site 323,0.0,0.0,0.0,0.0,Study 8 CPID Input Files - Anonymization,cardiology_phase2,96.1,95.5,0.6,Low,Low,Low,Low
Subject 3361,Site 323,0.0,0.0,0.0,0.0,Study 8 CPID Input Files - Anonymization,cardiology_phase2,96.1,95.5,0.6,Low,Low,Low,Low
Subject 3362,Site 443,0.0,0.0,0.0,0.0,Study 8 CPID Input Files - Anonymization,cardiology_phase2,96.1,95.5,0.6,Low,Low,Low,Low
Subject 3363,Site 443,0.0,0.0,0.0,0.0,Study 8 CPID Input Files - Anonymization,cardiology_phase2,96.1,95.5,0.6,Low,Low,Low,Low
Subject 3364,Site 444,0.0,0.0,0.0,0.0,Study 8 CPID Input Files - Anonymization,cardiology_phase2,96.1,95.5,0.6,Low,Low,Low,Low
Subject 3365,Site 444,0.0,0.0,0.0,0.0,Study 8 CPID Input Files - Anonymization,cardiology_phase2,96.1,95.5,0.6,Low,Low,Low,Low
Subject 3366,Site 445,0.0,0.0,0.0,0.0,Study 8 CPID Input Files - Anonymization,cardiology_phase2,96.1,95.5,0.6,Low,Low,Low,Low
Subject 3367,Site 445,0.0,0.0,0.0,0.0,Study 8 CPID Input Files - Anonymization,cardiology_phase2,96.1,95.5,0.6,Low,Low,Low,Low
Subject 1592,Site 176,0.0,0.0,0.0,0.0,Study 8 CPID Input Files - Anonymization,cardiology_phase2,96.1,95.5,0.6,Low,Low,Low,Low
Subject 3368,Site 176,0.0,0.0,0.0,0.0,Study 8 CPID Input Files - Anonymization,cardiology_phase2,96.1,95.5,0.6,Low,Low,Low,Low
Subject 3369,Site 176,0.0,0.0,0.0,0.0,Study 8 CPID Input Files - Anonymization,cardiology_phase2,96.1,95.5,0.6,Low,Low,Low,Low
Subject 3370,Site 176,0.0,0.0,0.0,0.0,Study 8 CPID Input Files - Anonymization,cardiology_phase2,96.1,95.5,0.6,Low,Low,Low,Low
Subject 3371,Site 176,0.0,0.0,0.0,0.0,Study 8 CPID Input Files - Anonymization,cardiology_phase2,96.1,95.5,0.6,Low,Low,Low,Low
Subject 3372,Site 446,0.0,0.0,0.0,0.0,Study 8 CPID Input Files - Anonymization,cardiology_phase2,96.1,95.5,0.6,Low,Low,Low,Low
Subject 3373,Site 446,0.0,0.0,0.0,0.0,Study 8 CPID Input Files - Anonymization,cardiology_phase2,96.1,95.5,0.6,Low,Low,Low,Low
Subject 3374,Site 447,0.0,0.0,0.0,0.0,Study 8 CPID Input Files - Anonymization,cardiology_phase2,96.1,95.5,0.6,Low,Low,Low,Low
Subject 3375,Site 447,0.0,0.0,0.0,0.0,Study 8 CPID Input Files - Anonymization,cardiology_phase2,96.1,95.5,0.6,Low,Low,Low,Low
Subject 3376,Site 447,0.0,0.0,0.0,0.0,Study 8 CPID Input Files - Anonymization,cardiology_phase2,96.1,95.5,0.6,Low,Low,Low,Low
Subject 3377,Site 447,0.0,0.0,0.0,0.0,Study 8 CPID Input Files - Anonymization,cardiology_phase2,96.1,95.5,0.6,Low,Low,Low,Low
Subject 3378,Site 447,0.0,0.0,0.0,0.0,Study 8 CPID Input Files - Anonymization,cardiology_phase2,96.1,95.5,0.6,Low,Low,Low,Low
Subject 3379,Site 448,0.0,0.0,0.0,0.0,Study 8 CPID Input Files - Anonymization,cardiology_phase2,96.1,95.5,0.6,Low,Low,Low,Low
Subject 3380,Site 448,0.0,0.0,0.0,0.0,Study 8 CPID Input Files - Anonymization,cardiology_phase2,96.1,95.5,0.6,Low,Low,Low,Low
Subject 3381,Site 448,0.0,0.0,0.0,0.0,Study 8 CPID Input Files - Anonymization,cardiology_phase2,96.1,95.5,0.6,Low,Low,Low,Low
Subject 3382,Site 449,0.0,0.0,0.0,0.0,Study 8 CPID Input Files - Anonymization,cardiology_phase2,96.1,95.5,0.6,Low,Low,Low,Low
Subject 3383,Site 449,0.0,0.0,0.0,0.0,Study 8 CPID Input Files - Anonymization,cardiology_phase2,96.1,95.5,0.6,Low,Low,Low,Low
Subject 3384,Site 449,0.0,0.0,0.0,0.0,Study 8 CPID Input Files - Anonymization,cardiology_phase2,96.1,95.5,0.6,Low,Low,Low,Low
Subject 3385,Site 449,0.0,0.0,0.0,0.0,Study 8 CPID Input Files - Anonymization,cardiology_phase2,96.1,95.5,0.6,Low,Low,Low,Low
Subject 3386,Site 449,0.0,0.0,0.0,0.0,Study 8 CPID Input Files - Anonymization,cardiology_phase2,96.1,95.5,0.6,Low,Low,Low,Low
Subject 3387,Site 449,0.0,0.0,0.0,0.0,Study 8 CPID Input Files - Anonymization,cardiology_phase2,96.1,95.5,0.6,Low,Low,Low,Low
Subject 3388,Site 449,0.0,0.0,0.0,0.0,Study 8 CPID Input Files - Anonymization,cardiology_phase2,96.1,95.5,0.6,Low,Low,Low,Low
Subject 3389,Site 449,0.0,0.0,0.0,0.0,Study 8 CPID Input Files - Anonymization,cardiology_phase2,96.1,95.5,0.6,Low,Low,Low,Low
Subject 3390,Site 449,0.0,0.0,0.0,0.0,Study 8 CPID Input Files - Anonymization,cardiology_phase2,96.1,95.5,0.6,Low,Low,Low,Low
Subject 3391,Site 449,0.0,0.0,0.0,0.0,Study 8 CPID Input Files - Anonymization,cardiology_phase2,96.1,95.5,0.6,Low,Low,Low,Low
Subject 3392,Site 449,0.0,0.0,0.0,0.0,Study 8 CPID Input Files - Anonymization,cardiology_phase2,96.1,95.5,0.6,Low,Low,Low,Low
Subject 1600,Site 178,0.0,0.0,0.0,0.0,Study 8 CPID Input Files - Anonymization,cardiology_phase2,96.1,95.5,0.6,Low,Low,Low,Low
Subject 3393,Site 178,0.0,0.0,0.0,0.0,Study 8 CPID Input Files - Anonymization,cardiology_phase2,96.1,95.5,0.6,Low,Low,Low,Low
Subject 3394,Site 178,0.0,0.0,0.0,0.0,Study 8 CPID Input Files - Anonymization,cardiology_phase2,96.1,95.5,0.6,Low,Low,Low,Low
Subject 77,Site 450,0.0,0.0,0.0,0.0,Study 8 CPID Input Files - Anonymization,cardiology_phase2,96.1,95.5,0.6,Low,Low,Low,Low
Subject 78,Site 450,0.0,0.0,0.0,0.0,Study 8 CPID Input Files - Anonymization,cardiology_phase2,96.1,95.5,0.6,Low,Low,Low,Low
Subject 79,Site 450,0.0,0.0,0.0,0.0,Study 8 CPID Input Files - Anonymization,cardiology_phase2,96.1,95.5,0.6,Low,Low,Low,Low
Subject 2652,Site 326,0.0,0.0,0.0,0.0,Study 8 CPID Input Files - Anonymization,cardiology_phase2,96.1,95.5,0.6,Low,Low,Low,Low
Subject 2664,Site 327,0.0,0.0,0.0,0.0,Study 8 CPID Input Files - Anonymization,cardiology_phase2,96.1,95.5,0.6,Low,Low,Low,Low
Subject 2665,Site 327,0.0,0.0,0.0,0.0,Study 8 CPID Input Files - Anonymization,cardiology_phase2,96.1,95.5,0.6,Low,Low,Low,Low
Subject 2666,Site 327,0.0,0.0,0.0,0.0,Study 8 CPID Input Files - Anonymization,cardiology_phase2,96.1,95.5,0.6,Low,Low,Low,Low
Subject 2667,Site 327,0.0,0.0,0.0,0.0,Study 8 CPID Input Files - Anonymization,cardiology_phase2,96.1,95.5,0.6,Low,Low,Low,Low
Subject 3395,Site 327,0.0,0.0,0.0,0.0,Study 8 CPID Input Files - Anonymization,cardiology_phase2,96.1,95.5,0.6,Low,Low,Low,Low
Subject 3396,Site 327,0.0,0.0,0.0,0.0,Study 8 CPID Input Files - Anonymization,cardiology_phase2,96.1,95.5,0.6,Low,Low,Low,Low
Subject 1610,Site 180,0.0,0.0,0.0,0.0,Study 8 CPID Input Files - Anonymization,cardiology_phase2,96.1,95.5,0.6,Low,Low,Low,Low
Subject 1611,Site 180,0.0,0.0,0.0,0.0,Study 8 CPID Input Files - Anonymization,cardiology_phase2,96.1,95.5,0.6,Low,Low,Low,Low
Subject 1614,Site 181,0.0,0.0,0.0,0.0,Study 8 CPID Input Files - Anonymization,cardiology_phase2,96.1,95.5,0.6,Low,Low,Low,Low
Subject 2670,Site 181,0.0,0.0,0.0,0.0,Study 8 CPID Input Files - Anonymization,cardiology_phase2,96.1,95.5,0.6,Low,Low,Low,Low
Subject 1615,Site 182,0.0,0.0,0.0,0.0,Study 8 CPID Input Files - Anonymization,cardiology_phase2,96.1,95.5,0.6,Low,Low,Low,Low
Subject 3397,Site 450,0.0,0.0,0.0,0.0,Study 8 CPID Input Files - Anonymization,cardiology_phase2,96.1,95.5,0.6,Low,Low,Low,Low
Subject 3398,Site 450,0.0,0.0,0.0,0.0,Study 8 CPID Input Files - Anonymization,cardiology_phase2,96.1,95.5,0.6,Low,Low,Low,Low
Subject 1616,Site 183,0.0,0.0,0.0,0.0,Study 8 CPID Input Files - Anonymization,cardiology_phase2,96.1,95.5,0.6,Low,Low,Low,Low
Subject 1617,Site 183,0.0,0.0,0.0,0.0,Study 8 CPID Input Files - Anonymization,cardiology_phase2,96.1,95.5,0.6,Low,Low,Low,Low
Subject 1628,Site 185,0.0,0.0,0.0,0.0,Study 8 CPID Input Files - Anonymization,cardiology_phase2,96.1,95.5,0.6,Low,Low,Low,Low
Subject 1629,Site 185,0.0,0.0,0.0,0.0,Study 8 CPID Input Files - Anonymization,cardiology_phase2,96.1,95.5,0.6,Low,Low,Low,Low
Subject 2703,Site 330,0.0,0.0,0.0,0.0,Study 8 CPID Input Files - Anonymization,cardiology_phase2,96.1,95.5,0.6,Low,Low,Low,Low
652,123,0.0,0.0,0.0,0.0,Study 8 CPID Input Files - Anonymization,cardiology_phase2,96.1,95.5,0.6,Low,Low,Low,Low
Subject 1,Site 1,0.0,0.0,0.0,0.0,Study 1,cardiology_phase3,96.1,95.5,0.6,Low,Low,Low,Low
Subject 2,Site 2,0.0,0.0,0.0,0.0,Study 1,cardiology_phase3,96.1,95.5,0.6,Low,Low,Low,Low
Subject 3,Site 2,0.0,0.0,0.0,0.0,Study 1,cardiology_phase3,96.1,95.5,0.6,Low,Low,Low,Low
Subject 4,Site 2,0.0,0.0,0.0,0.0,Study 1,cardiology_phase3,96.1,95.5,0.6,Low,Low,Low,Low
Subject 5,Site 2,0.0,0.0,0.0,0.0,Study 1,cardiology_phase3,96.1,95.5,0.6,Low,Low,Low,Low
Subject 6,Site 3,0.0,0.0,0.0,0.0,Study 1,cardiology_phase3,96.1,95.5,0.6,Low,Low,Low,Low
Subject 7,Site 3,0.0,0.0,0.0,0.0,Study 1,cardiology_phase3,96.1,95.5,0.6,Low,Low,Low,Low
Subject 8,Site 3,0.0,0.0,0.0,0.0,Study 1,cardiology_phase3,96.1,95.5,0.6,Low,Low,Low,Low
Subject 9,Site 4,0.0,0.0,0.0,0.0,Study 1,cardiology_phase3,96.1,95.5,0.6,Low,Low,Low,Low
Subject 10,Site 4,0.0,0.0,0.0,0.0,Study 1,cardiology_phase3,96.1,95.5,0.6,Low,Low,Low,Low
Subject 11,Site 5,0.0,0.0,0.0,0.0,Study 1,cardiology_phase3,96.1,95.5,0.6,Low,Low,Low,Low
Subject 12,Site 6,0.0,0.0,1.0,0.0,Study 1,cardiology_phase3,93.5,93.0,0.5,Low,Low,Low,Low
Subject 13,Site 6,0.0,0.0,0.0,0.0,Study 1,cardiology_phase3,96.1,95.5,0.6,Low,Low,Low,Low
Subject 14,Site 7,0.0,0.0,0.0,0.0,Study 1,cardiology_phase3,96.1,95.5,0.6,Low,Low,Low,Low
Subject 15,Site 8,0.0,0.0,0.0,0.0,Study 1,cardiology_phase3,96.1,95.5,0.6,Low,Low,Low,Low
Subject 16,Site 9,0.0,0.0,0.0,0.0,Study 1,cardiology_phase3,96.1,95.5,0.6,Low,Low,Low,Low
Subject 17,Site 10,0.0,0.0,0.0,0.0,Study 1,cardiology_phase3,96.1,95.5,0.6,Low,Low,Low,Low
Subject 18,Site 10,0.0,0.0,0.0,0.0,Study 1,cardiology_phase3,96.1,95.5,0.6,Low,Low,Low,Low
Subject 19,Site 10,0.0,0.0,0.0,0.0,Study 1,cardiology_phase3,96.1,95.5,0.6,Low,Low,Low,Low
Subject 20,Site 11,0.0,0.0,0.0,0.0,Study 1,cardiology_phase3,96.1,95.5,0.6,Low,Low,Low,Low
Subject 21,Site 11,0.0,0.0,0.0,0.0,Study 1,cardiology_phase3,96.1,95.5,0.6,Low,Low,Low,Low
Subject 22,Site 12,0.0,0.0,1.0,0.0,Study 1,cardiology_phase3,93.5,93.0,0.5,Low,Low,Low,Low
Subject 23,Site 13,0.0,0.0,0.0,0.0,Study 1,cardiology_phase3,96.1,95.5,0.6,Low,Low,Low,Low
Subject 24,Site 13,0.0,0.0,0.0,0.0,Study 1,cardiology_phase3,96.1,95.5,0.6,Low,Low,Low,Low
Subject 25,Site 14,0.0,0.0,0.0,0.0,Study 1,cardiology_phase3,96.1,95.5,0.6,Low,Low,Low,Low
Subject 26,Site 14,0.0,0.0,0.0,0.0,Study 1,cardiology_phase3,96.1,95.5,0.6,Low,Low,Low,Low
Subject 27,Site 14,0.0,0.0,0.0,0.0,Study 1,cardiology_phase3,96.1,95.5,0.6,Low,Low,Low,Low
Subject 28,Site 14,0.0,0.0,0.0,0.0,Study 1,cardiology_phase3,96.1,95.5,0.6,Low,Low,Low,Low
Subject 29,Site 14,0.0,0.0,0.0,0.0,Study 1,cardiology_phase3,96.1,95.5,0.6,Low,Low,Low,Low
Subject 30,Site 14,0.0,0.0,0.0,0.0,Study 1,cardiology_phase3,96.1,95.5,0.6,Low,Low,Low,Low
Subject 31,Site 14,0.0,0.0,0.0,0.0,Study 1,cardiology_phase3,96.1,95.5,0.6,Low,Low,Low,Low
Subject 32,Site 14,0.0,0.0,0.0,0.0,Study 1,cardiology_phase3,96.1,95.5,0.6,Low,Low,Low,Low
Subject 33,Site 14,0.0,0.0,0.0,0.0,Study 1,cardiology_phase3,96.1,95.5,0.6,Low,Low,Low,Low
Subject 34,Site 14,0.0,0.0,0.0,0.0,Study 1,cardiology_phase3,96.1,95.5,0.6,Low,Low,Low,Low
Subject 35,Site 14,0.0,0.0,0.0,0.0,Study 1,cardiology_phase3,96.1,95.5,0.6,Low,Low,Low,Low
Subject 36,Site 14,0.0,0.0,4.0,0.0,Study 1,cardiology_phase3,85.6,85.5,0.1,Low,Low,Low,Low
Subject 37,Site 14,0.0,0.0,0.0,0.0,Study 1,cardiology_phase3,96.1,95.5,0.6,Low,Low,Low,Low
Subject 38,Site 14,0.0,0.0,0.0,0.0,Study 1,cardiology_phase3,96.1,95.5,0.6,Low,Low,Low,Low
Subject 39,Site 15,0.0,0.0,0.0,0.0,Study 1,cardiology_phase3,96.1,95.5,0.6,Low,Low,Low,Low
Subject 40,Site 15,0.0,0.0,0.0,0.0,Study 1,cardiology_phase3,96.1,95.5,0.6,Low,Low,Low,Low
Subject 41,Site 15,0.0,0.0,0.0,0.0,Study 1,cardiology_phase3,96.1,95.5,0.6,Low,Low,Low,Low
Subject 42,Site 15,0.0,0.0,0.0,0.0,Study 1,cardiology_phase3,96.1,95.5,0.6,Low,Low,Low,Low
Subject 43,Site 15,0.0,0.0,0.0,0.0,Study 1,cardiology_phase3,96.1,95.5,0.6,Low,Low,Low,Low
Subject 44,Site 15,0.0,0.0,0.0,0.0,Study 1,cardiology_phase3,96.1,95.5,0.6,Low,Low,Low,Low
Subject 45,Site 15,0.0,0.0,0.0,0.0,Study 1,cardiology_phase3,96.1,95.5,0.6,Low,Low,Low,Low
Subject 46,Site 15,0.0,0.0,0.0,0.0,Study 1,cardiology_phase3,96.1,95.5,0.6,Low,Low,Low,Low
Subject 47,Site 15,0.0,0.0,0.0,0.0,Study 1,cardiology_phase3,96.1,95.5,0.6,Low,Low,Low,Low
Subject 48,Site 15,0.0,0.0,0.0,0.0,Study 1,cardiology_phase3,96.1,95.5,0.6,Low,Low,Low,Low
Subject 49,Site 15,0.0,0.0,0.0,0.0,Study 1,cardiology_phase3,96.1,95.5,0.6,Low,Low,Low,Low
Subject 50,Site 15,0.0,0.0,0.0,0.0,Study 1,cardiology_phase3,96.1,95.5,0.6,Low,Low,Low,Low
Subject 51,Site 15,0.0,0.0,0.0,0.0,Study 1,cardiology_phase3,96.1,95.5,0.6,Low,Low,Low,Low
Subject 52,Site 15,0.0,0.0,1.0,0.0,Study 1,cardiology_phase3,93.5,93.0,0.5,Low,Low,Low,Low
Subject 53,Site 15,0.0,0.0,0.0,0.0,Study 1,cardiology_phase3,96.1,95.5,0.6,Low,Low,Low,Low
Subject 54,Site 15,0.0,0.0,0.0,0.0,Study 1,cardiology_phase3,96.1,95.5,0.6,Low,Low,Low,Low
Subject 55,Site 16,0.0,0.0,0.0,0.0,Study 1,cardiology_phase3,96.1,95.5,0.6,Low,Low,Low,Low
Subject 56,Site 16,0.0,0.0,0.0,0.0,Study 1,cardiology_phase3,96.1,95.5,0.6,Low,Low,Low,Low
Subject 57,Site 16,0.0,0.0,0.0,0.0,Study 1,cardiology_phase3,96.1,95.5,0.6,Low,Low,Low,Low
Subject 58,Site 16,0.0,0.0,0.0,0.0,Study 1,cardiology_phase3,96.1,95.5,0.6,Low,Low,Low,Low
Subject 59,Site 16,0.0,0.0,0.0,0.0,Study 1,cardiology_phase3,96.1,95.5,0.6,Low,Low,Low,Low
Subject 60,Site 17,0.0,0.0,0.0,0.0,Study 1,cardiology_phase3,96.1,95.5,0.6,Low,Low,Low,Low
Subject 61,Site 17,0.0,0.0,1.0,0.0,Study 1,cardiology_phase3,93.5,93.0,0.5,Low,Low,Low,Low
Subject 62,Site 17,0.0,0.0,1.0,0.0,Study 1,cardiology_phase3,93.5,93.0,0.5,Low,Low,Low,Low
Subject 63,Site 18,0.0,0.0,0.0,0.0,Study 1,cardiology_phase3,96.1,95.5,0.6,Low,Low,Low,Low
Subject 64,Site 18,0.0,0.0,0.0,0.0,Study 1,cardiology_phase3,96.1,95.5,0.6,Low,Low,Low,Low
Subject 65,Site 18,0.0,0.0,0.0,0.0,Study 1,cardiology_phase3,96.1,95.5,0.6,Low,Low,Low,Low
Subject 66,Site 18,0.0,0.0,0.0,0.0,Study 1,cardiology_phase3,96.1,95.5,0.6,Low,Low,Low,Low
Subject 67,Site 18,0.0,0.0,0.0,0.0,Study 1,cardiology_phase3,96.1,95.5,0.6,Low,Low,Low,Low
Subject 68,Site 18,0.0,0.0,0.0,0.0,Study 1,cardiology_phase3,96.1,95.5,0.6,Low,Low,Low,Low
Subject 69,Site 18,0.0,0.0,0.0,0.0,Study 1,cardiology_phase3,96.1,95.5,0.6,Low,Low,Low,Low
Subject 70,Site 18,0.0,0.0,0.0,0.0,Study 1,cardiology_phase3,96.1,95.5,0.6,Low,Low,Low,Low
Subject 71,Site 18,0.0,0.0,0.0,0.0,Study 1,cardiology_phase3,96.1,95.5,0.6,Low,Low,Low,Low
Subject 72,Site 18,0.0,0.0,0.0,0.0,Study 1,cardiology_phase3,96.1,95.5,0.6,Low,Low,Low,Low
Subject 73,Site 18,0.0,0.0,0.0,0.0,Study 1,cardiology_phase3,96.1,95.5,0.6,Low,Low,Low,Low
Subject 74,Site 18,0.0,0.0,4.0,0.0,Study 1,cardiology_phase3,85.6,85.5,0.1,Low,Low,Low,Low
Subject 75,Site 18,0.0,0.0,0.0,0.0,Study 1,cardiology_phase3,96.1,95.5,0.6,Low,Low,Low,Low
Subject 76,Site 18,0.0,0.0,0.0,0.0,Study 1,cardiology_phase3,96.1,95.5,0.6,Low,Low,Low,Low
Subject 77,Site 19,0.0,0.0,0.0,0.0,Study 1,cardiology_phase3,96.1,95.5,0.6,Low,Low,Low,Low
Subject 78,Site 19,0.0,0.0,0.0,0.0,Study 1,cardiology_phase3,96.1,95.5,0.6,Low,Low,Low,Low
Subject 79,Site 19,0.0,0.0,0.0,0.0,Study 1,cardiology_phase3,96.1,95.5,0.6,Low,Low,Low,Low
Subject 80,Site 19,0.0,0.0,2.0,0.0,Study 1,cardiology_phase3,90.8,90.5,0.3,Low,Low,Low,Low
Subject 81,Site 19,0.0,0.0,0.0,0.0,Study 1,cardiology_phase3,96.1,95.5,0.6,Low,Low,Low,Low
Subject 82,Site 20,0.0,0.0,0.0,0.0,Study 1,cardiology_phase3,96.1,95.5,0.6,Low,Low,Low,Low
Subject 83,Site 21,0.0,0.0,0.0,0.0,Study 1,cardiology_phase3,96.1,95.5,0.6,Low,Low,Low,Low
Subject 84,Site 21,0.0,0.0,0.0,0.0,Study 1,cardiology_phase3,96.1,95.5,0.6,Low,Low,Low,Low
Subject 85,Site 21,0.0,0.0,0.0,0.0,Study 1,cardiology_phase3,96.1,95.5,0.6,Low,Low,Low,Low
Subject 86,Site 22,0.0,0.0,0.0,0.0,Study 1,cardiology_phase3,96.1,95.5,0.6,Low,Low,Low,Low
Subject 87,Site 23,0.0,0.0,0.0,0.0,Study 1,cardiology_phase3,96.1,95.5,0.6,Low,Low,Low,Low
Subject 88,Site 23,0.0,0.0,0.0,0.0,Study 1,cardiology_phase3,96.1,95.5,0.6,Low,Low,Low,Low
Subject 89,Site 23,0.0,0.0,0.0,0.0,Study 1,cardiology_phase3,96.1,95.5,0.6,Low,Low,Low,Low
Subject 90,Site 24,0.0,0.0,0.0,0.0,Study 1,cardiology_phase3,96.1,95.5,0.6,Low,Low,Low,Low
Subject 91,Site 25,0.0,0.0,0.0,0.0,Study 1,cardiology_phase3,96.1,95.5,0.6,Low,Low,Low,Low
Subject 92,Site 25,0.0,0.0,0.0,0.0,Study 1,cardiology_phase3,96.1,95.5,0.6,Low,Low,Low,Low
Subject 93,Site 26,0.0,0.0,0.0,0.0,Study 1,cardiology_phase3,96.1,95.5,0.6,Low,Low,Low,Low
Subject 94,Site 26,0.0,0.0,0.0,0.0,Study 1,cardiology_phase3,96.1,95.5,0.6,Low,Low,Low,Low
Subject 95,Site 26,0.0,0.0,0.0,0.0,Study 1,cardiology_phase3,96.1,95.5,0.6,Low,Low,Low,Low
Subject 96,Site 27,0.0,0.0,0.0,0.0,Study 1,cardiology_phase3,96.1,95.5,0.6,Low,Low,Low,Low
Subject 97,Site 27,0.0,0.0,0.0,0.0,Study 1,cardiology_phase3,96.1,95.5,0.6,Low,Low,Low,Low
Subject 98,Site 27,0.0,0.0,0.0,0.0,Study 1,cardiology_phase3,96.1,95.5,0.6,Low,Low,Low,Low
98,27,0.0,0.0,0.0,0.0,Study 1,cardiology_phase3,96.1,95.5,0.6,Low,Low,Low,Low
Subject 2,Site 2,0.0,0.0,0.0,0.0,Study 2,oncology_phase3,96.5,95.5,1.0,Low,Low,Low,Low
Subject 3,Site 2,0.0,0.0,0.0,0.0,Study 2,oncology_phase3,96.5,95.5,1.0,Low,Low,Low,Low
Subject 4,Site 2,0.0,0.0,0.0,0.0,Study 2,oncology_phase3,96.5,95.5,1.0,Low,Low,Low,Low
Subject 5,Site 2,0.0,0.0,0.0,0.0,Study 2,oncology_phase3,96.5,95.5,1.0,Low,Low,Low,Low
Subject 99,Site 2,0.0,0.0,0.0,0.0,Study 2,oncology_phase3,96.5,95.5,1.0,Low,Low,Low,Low
Subject 100,Site 2,0.0,0.0,0.0,0.0,Study 2,oncology_phase3,96.5,95.5,1.0,Low,Low,Low,Low
Subject 101,Site 2,0.0,0.0,0.0,0.0,Study 2,oncology_phase3,96.5,95.5,1.0,Low,Low,Low,Low
Subject 6,Site 3,0.0,0.0,0.0,0.0,Study 2,oncology_phase3,96.5,95.5,1.0,Low,Low,Low,Low
Subject 7,Site 3,0.0,0.0,0.0,0.0,Study 2,oncology_phase3,96.5,95.5,1.0,Low,Low,Low,Low
Subject 8,Site 3,0.0,0.0,0.0,0.0,Study 2,oncology_phase3,96.5,95.5,1.0,Low,Low,Low,Low
Subject 102,Site 3,0.0,0.0,0.0,0.0,Study 2,oncology_phase3,96.5,95.5,1.0,Low,Low,Low,Low
Subject 103,Site 3,0.0,0.0,0.0,0.0,Study 2,oncology_phase3,96.5,95.5,1.0,Low,Low,Low,Low
Subject 104,Site 3,0.0,0.0,0.0,0.0,Study 2,oncology_phase3,96.5,95.5,1.0,Low,Low,Low,Low
Subject 9,Site 4,0.0,0.0,0.0,0.0,Study 2,oncology_phase3,96.5,95.5,1.0,Low,Low,Low,Low
Subject 10,Site 4,0.0,0.0,0.0,0.0,Study 2,oncology_phase3,96.5,95.5,1.0,Low,Low,Low,Low
Subject 105,Site 4,0.0,0.0,0.0,0.0,Study 2,oncology_phase3,96.5,95.5,1.0,Low,Low,Low,Low
Subject 106,Site 4,0.0,0.0,0.0,0.0,Study 2,oncology_phase3,96.5,95.5,1.0,Low,Low,Low,Low
Subject 107,Site 28,0.0,0.0,0.0,0.0,Study 2,oncology_phase3,96.5,95.5,1.0,Low,Low,Low,Low
Subject 108,Site 28,0.0,0.0,0.0,0.0,Study 2,oncology_phase3,96.5,95.5,1.0,Low,Low,Low,Low
Subject 109,Site 29,0.0,0.0,0.0,0.0,Study 2,oncology_phase3,96.5,95.5,1.0,Low,Low,Low,Low
Subject 110,Site 30,0.0,0.0,0.0,0.0,Study 2,oncology_phase3,96.5,95.5,1.0,Low,Low,Low,Low
Subject 111,Site 30,0.0,0.0,0.0,0.0,Study 2,oncology_phase3,96.5,95.5,1.0,Low,Low,Low,Low
Subject 112,Site 30,0.0,0.0,0.0,0.0,Study 2,oncology_phase3,96.5,95.5,1.0,Low,Low,Low,Low
Subject 113,Site 30,0.0,0.0,0.0,0.0,Study 2,oncology_phase3,96.5,95.5,1.0,Low,Low,Low,Low
Subject 114,Site 30,0.0,0.0,0.0,0.0,Study 2,oncology_phase3,96.5,95.5,1.0,Low,Low,Low,Low
Subject 115,Site 30,0.0,0.0,0.0,0.0,Study 2,oncology_phase3,96.5,95.5,1.0,Low,Low,Low,Low
Subject 116,Site 30,0.0,0.0,0.0,0.0,Study 2,oncology_phase3,96.5,95.5,1.0,Low,Low,Low,Low
Subject 117,Site 30,0.0,0.0,0.0,0.0,Study 2,oncology_phase3,96.5,95.5,1.0,Low,Low,Low,Low
Subject 118,Site 31,0.0,0.0,0.0,0.0,Study 2,oncology_phase3,96.5,95.5,1.0,Low,Low,Low,Low
Subject 119,Site 31,0.0,0.0,0.0,0.0,Study 2,oncology_phase3,96.5,95.5,1.0,Low,Low,Low,Low
Subject 120,Site 31,0.0,0.0,0.0,0.0,Study 2,oncology_phase3,96.5,95.5,1.0,Low,Low,Low,Low
Subject 121,Site 32,0.0,0.0,0.0,0.0,Study 2,oncology_phase3,96.5,95.5,1.0,Low,Low,Low,Low
Subject 122,Site 33,0.0,0.0,0.0,0.0,Study 2,oncology_phase3,96.5,95.5,1.0,Low,Low,Low,Low
Subject 123,Site 33,0.0,0.0,0.0,0.0,Study 2,oncology_phase3,96.5,95.5,1.0,Low,Low,Low,Low
Subject 124,Site 33,0.0,0.0,0.0,0.0,Study 2,oncology_phase3,96.5,95.5,1.0,Low,Low,Low,Low
Subject 125,Site 33,0.0,0.0,0.0,0.0,Study 2,oncology_phase3,96.5,95.5,1.0,Low,Low,Low,Low
Subject 126,Site 33,0.0,0.0,0.0,0.0,Study 2,oncology_phase3,96.5,95.5,1.0,Low,Low,Low,Low
Subject 127,Site 33,0.0,0.0,0.0,0.0,Study 2,oncology_phase3,96.5,95.5,1.0,Low,Low,Low,Low
Subject 128,Site 33,0.0,0.0,0.0,0.0,Study 2,oncology_phase3,96.5,95.5,1.0,Low,Low,Low,Low
Subject 129,Site 33,0.0,0.0,0.0,0.0,Study 2,oncology_phase3,96.5,95.5,1.0,Low,Low,Low,Low
Subject 130,Site 33,0.0,0.0,0.0,0.0,Study 2,oncology_phase3,96.5,95.5,1.0,Low,Low,Low,Low
Subject 131,Site 33,0.0,0.0,0.0,0.0,Study 2,oncology_phase3,96.5,95.5,1.0,Low,Low,Low,Low
Subject 132,Site 33,0.0,0.0,0.0,0.0,Study 2,oncology_phase3,96.5,95.5,1.0,Low,Low,Low,Low
Subject 133,Site 34,0.0,0.0,0.0,0.0,Study 2,oncology_phase3,96.5,95.5,1.0,Low,Low,Low,Low
Subject 134,Site 34,0.0,0.0,0.0,0.0,Study 2,oncology_phase3,96.5,95.5,1.0,Low,Low,Low,Low
Subject 135,Site 35,0.0,0.0,0.0,0.0,Study 2,oncology_phase3,96.5,95.5,1.0,Low,Low,Low,Low
Subject 136,Site 35,0.0,0.0,0.0,0.0,Study 2,oncology_phase3,96.5,95.5,1.0,Low,Low,Low,Low
Subject 137,Site 36,0.0,0.0,0.0,0.0,Study 2,oncology_phase3,96.5,95.5,1.0,Low,Low,Low,Low
Subject 138,Site 36,0.0,0.0,0.0,0.0,Study 2,oncology_phase3,96.5,95.5,1.0,Low,Low,Low,Low
Subject 139,Site 36,0.0,0.0,0.0,0.0,Study 2,oncology_phase3,96.5,95.5,1.0,Low,Low,Low,Low
Subject 140,Site 37,0.0,0.0,0.0,0.0,Study 2,oncology_phase3,96.5,95.5,1.0,Low,Low,Low,Low
Subject 141,Site 37,0.0,0.0,0.0,0.0,Study 2,oncology_phase3,96.5,95.5,1.0,Low,Low,Low,Low
Subject 142,Site 38,0.0,0.0,0.0,0.0,Study 2,oncology_phase3,96.5,95.5,1.0,Low,Low,Low,Low
Subject 143,Site 38,0.0,0.0,0.0,0.0,Study 2,oncology_phase3,96.5,95.5,1.0,Low,Low,Low,Low
Subject 144,Site 38,0.0,0.0,0.0,0.0,Study 2,oncology_phase3,96.5,95.5,1.0,Low,Low,Low,Low
Subject 145,Site 38,0.0,0.0,0.0,0.0,Study 2,oncology_phase3,96.5,95.5,1.0,Low,Low,Low,Low
Subject 146,Site 38,0.0,0.0,0.0,0.0,Study 2,oncology_phase3,96.5,95.5,1.0,Low,Low,Low,Low
Subject 147,Site 38,0.0,0.0,0.0,0.0,Study 2,oncology_phase3,96.5,95.5,1.0,Low,Low,Low,Low
Subject 148,Site 38,0.0,0.0,1.0,0.0,Study 2,oncology_phase3,94.6,93.0,1.6,Low,Low,Low,Low
Subject 149,Site 38,0.0,0.0,1.0,0.0,Study 2,oncology_phase3,94.6,93.0,1.6,Low,Low,Low,Low
Subject 150,Site 38,0.0,0.0,0.0,0.0,Study 2,oncology_phase3,96.5,95.5,1.0,Low,Low,Low,Low
Subject 151,Site 38,0.0,0.0,0.0,0.0,Study 2,oncology_phase3,96.5,95.5,1.0,Low,Low,Low,Low
Subject 152,Site 38,0.0,0.0,0.0,0.0,Study 2,oncology_phase3,96.5,95.5,1.0,Low,Low,Low,Low
Subject 153,Site 38,0.0,0.0,0.0,0.0,Study 2,oncology_phase3,96.5,95.5,1.0,Low,Low,Low,Low
Subject 154,Site 38,0.0,0.0,0.0,0.0,Study 2,oncology_phase3,96.5,95.5,1.0,Low,Low,Low,Low
Subject 155,Site 39,0.0,0.0,0.0,0.0,Study 2,oncology_phase3,96.5,95.5,1.0,Low,Low,Low,Low
Subject 156,Site 39,0.0,0.0,0.0,0.0,Study 2,oncology_phase3,96.5,95.5,1.0,Low,Low,Low,Low
Subject 157,Site 40,0.0,0.0,0.0,0.0,Study 2,oncology_phase3,96.5,95.5,1.0,Low,Low,Low,Low
Subject 158,Site 40,0.0,0.0,0.0,0.0,Study 2,oncology_phase3,96.5,95.5,1.0,Low,Low,Low,Low
Subject 159,Site 40,0.0,0.0,0.0,0.0,Study 2,oncology_phase3,96.5,95.5,1.0,Low,Low,Low,Low
Subject 160,Site 40,0.0,0.0,0.0,0.0,Study 2,oncology_phase3,96.5,95.5,1.0,Low,Low,Low,Low
Subject 161,Site 40,0.0,0.0,0.0,0.0,Study 2,oncology_phase3,96.5,95.5,1.0,Low,Low,Low,Low
Subject 162,Site 41,0.0,0.0,0.0,0.0,Study 2,oncology_phase3,96.5,95.5,1.0,Low,Low,Low,Low
Subject 163,Site 41,0.0,0.0,0.0,0.0,Study 2,oncology_phase3,96.5,95.5,1.0,Low,Low,Low,Low
Subject 164,Site 42,0.0,0.0,0.0,0.0,Study 2,oncology_phase3,96.5,95.5,1.0,Low,Low,Low,Low
Subject 165,Site 42,0.0,0.0,0.0,0.0,Study 2,oncology_phase3,96.5,95.5,1.0,Low,Low,Low,Low
Subject 166,Site 42,0.0,0.0,0.0,0.0,Study 2,oncology_phase3,96.5,95.5,1.0,Low,Low,Low,Low
Subject 167,Site 42,0.0,0.0,0.0,0.0,Study 2,oncology_phase3,96.5,95.5,1.0,Low,Low,Low,Low
Subject 168,Site 42,0.0,0.0,0.0,0.0,Study 2,oncology_phase3,96.5,95.5,1.0,Low,Low,Low,Low
79,18,0.0,0.0,0.0,0.0,Study 2,oncology_phase3,96.5,95.5,1.0,Low,Low,Low,Low
Subject 1,Site 1,0.0,0.0,0.0,1.0,Study 4,cardiology_phase2,94.2,94.5,-0.3,Low,Low,Low,Low
Subject 169,Site 1,0.0,0.0,0.0,0.0,Study 4,cardiology_phase2,96.1,95.5,0.6,Low,Low,Low,Low
Subject 752,Site 1,0.0,0.0,0.0,2.0,Study 4,cardiology_phase2,92.3,93.5,-1.2,Low,Low,Low,Low
Subject 753,Site 1,0.0,0.0,0.0,0.0,Study 4,cardiology_phase2,96.1,95.5,0.6,Low,Low,Low,Low
Subject 754,Site 1,0.0,0.0,0.0,0.0,Study 4,cardiology_phase2,96.1,95.5,0.6,Low,Low,Low,Low
Subject 755,Site 1,0.0,0.0,0.0,0.0,Study 4,cardiology_phase2,96.1,95.5,0.6,Low,Low,Low,Low
Subject 756,Site 1,0.0,0.0,0.0,1.0,Study 4,cardiology_phase2,94.2,94.5,-0.3,Low,Low,Low,Low
Subject 757,Site 1,0.0,0.0,0.0,0.0,Study 4,cardiology_phase2,96.1,95.5,0.6,Low,Low,Low,Low
Subject 758,Site 1,0.0,0.0,0.0,0.0,Study 4,cardiology_phase2,96.1,95.5,0.6,Low,Low,Low,Low
Subject 759,Site 1,0.0,0.0,0.0,0.0,Study 4,cardiology_phase2,96.1,95.5,0.6,Low,Low,Low,Low
Subject 760,Site 1,0.0,0.0,0.0,0.0,Study 4,cardiology_phase2,96.1,95.5,0.6,Low,Low,Low,Low
Subject 761,Site 1,0.0,0.0,0.0,0.0,Study 4,cardiology_phase2,96.1,95.5,0.6,Low,Low,Low,Low
Subject 762,Site 1,0.0,0.0,0.0,0.0,Study 4,cardiology_phase2,96.1,95.5,0.6,Low,Low,Low,Low
Subject 763,Site 1,0.0,0.0,0.0,0.0,Study 4,cardiology_phase2,96.1,95.5,0.6,Low,Low,Low,Low
Subject 764,Site 1,0.0,0.0,0.0,0.0,Study 4,cardiology_phase2,96.1,95.5,0.6,Low,Low,Low,Low
Subject 765,Site 1,0.0,0.0,0.0,0.0,Study 4,cardiology_phase2,96.1,95.5,0.6,Low,Low,Low,Low
Subject 766,Site 1,0.0,0.0,0.0,0.0,Study 4,cardiology_phase2,96.1,95.5,0.6,Low,Low,Low,Low
Subject 767,Site 1,0.0,0.0,0.0,6.0,Study 4,cardiology_phase2,84.6,89.5,-4.9,Medium,Low,Medium,Medium
Subject 768,Site 1,0.0,0.0,0.0,0.0,Study 4,cardiology_phase2,96.1,95.5,0.6,Low,Low,Low,Low
Subject 769,Site 1,0.0,0.0,0.0,0.0,Study 4,cardiology_phase2,96.1,95.5,0.6,Low,Low,Low,Low
Subject 770,Site 1,0.0,0.0,0.0,0.0,Study 4,cardiology_phase2,96.1,95.5,0.6,Low,Low,Low,Low
Subject 771,Site 1,0.0,0.0,0.0,0.0,Study 4,cardiology_phase2,96.1,95.5,0.6,Low,Low,Low,Low
Subject 772,Site 1,0.0,0.0,0.0,0.0,Study 4,cardiology_phase2,96.1,95.5,0.6,Low,Low,Low,Low
Subject 773,Site 1,0.0,0.0,0.0,0.0,Study 4,cardiology_phase2,96.1,95.5,0.6,Low,Low,Low,Low
Subject 6,Site 3,0.0,0.0,0.0,0.0,Study 4,cardiology_phase2,96.1,95.5,0.6,Low,Low,Low,Low
Subject 7,Site 3,0.0,0.0,0.0,2.0,Study 4,cardiology_phase2,92.3,93.5,-1.2,Low,Low,Low,Low
Subject 8,Site 3,0.0,0.0,0.0,0.0,Study 4,cardiology_phase2,96.1,95.5,0.6,Low,Low,Low,Low
Subject 102,Site 3,0.0,0.0,0.0,1.0,Study 4,cardiology_phase2,94.2,94.5,-0.3,Low,Low,Low,Low
Subject 103,Site 3,0.0,0.0,0.0,3.0,Study 4,cardiology_phase2,90.4,92.5,-2.1,Low,Low,Low,Low
Subject 104,Site 3,0.0,0.0,0.0,0.0,Study 4,cardiology_phase2,96.1,95.5,0.6,Low,Low,Low,Low
Subject 774,Site 3,0.0,0.0,0.0,0.0,Study 4,cardiology_phase2,96.1,95.5,0.6,Low,Low,Low,Low
Subject 775,Site 3,0.0,0.0,0.0,0.0,Study 4,cardiology_phase2,96.1,95.5,0.6,Low,Low,Low,Low
Subject 776,Site 3,0.0,0.0,0.0,2.0,Study 4,cardiology_phase2,92.3,93.5,-1.2,Low,Low,Low,Low
Subject 777,Site 3,0.0,0.0,0.0,19.0,Study 4,cardiology_phase2,76.9,85.5,-8.6,Medium,Low,Medium,Medium
Subject 778,Site 3,0.0,0.0,0.0,8.0,Study 4,cardiology_phase2,80.8,87.5,-6.7,Medium,Low,Medium,Medium
Subject 779,Site 3,0.0,0.0,0.0,2.0,Study 4,cardiology_phase2,92.3,93.5,-1.2,Low,Low,Low,Low
Subject 780,Site 3,0.0,0.0,0.0,10.0,Study 4,cardiology_phase2,76.9,85.5,-8.6,Medium,Low,Medium,Medium
Subject 781,Site 3,0.0,0.0,0.0,13.0,Study 4,cardiology_phase2,76.9,85.5,-8.6,Medium,Low,Medium,Medium
Subject 782,Site 3,0.0,0.0,0.0,3.0,Study 4,cardiology_phase2,90.4,92.5,-2.1,Low,Low,Low,Low
Subject 783,Site 3,0.0,0.0,0.0,0.0,Study 4,cardiology_phase2,96.1,95.5,0.6,Low,Low,Low,Low
Subject 784,Site 3,0.0,0.0,0.0,4.0,Study 4,cardiology_phase2,88.4,91.5,-3.1,Low,Low,Low,Low
Subject 785,Site 3,0.0,0.0,0.0,4.0,Study 4,cardiology_phase2,88.4,91.5,-3.1,Low,Low,Low,Low
Subject 786,Site 3,0.0,0.0,0.0,0.0,Study 4,cardiology_phase2,96.1,95.5,0.6,Low,Low,Low,Low
Subject 9,Site 4,0.0,0.0,0.0,1.0,Study 4,cardiology_phase2,94.2,94.5,-0.3,Low,Low,Low,Low
Subject 10,Site 4,0.0,0.0,0.0,0.0,Study 4,cardiology_phase2,96.1,95.5,0.6,Low,Low,Low,Low
Subject 105,Site 4,0.0,0.0,0.0,0.0,Study 4,cardiology_phase2,96.1,95.5,0.6,Low,Low,Low,Low
Subject 106,Site 4,0.0,0.0,0.0,0.0,Study 4,cardiology_phase2,96.1,95.5,0.6,Low,Low,Low,Low
Subject 787,Site 4,0.0,0.0,0.0,0.0,Study 4,cardiology_phase2,96.1,95.5,0.6,Low,Low,Low,Low
Subject 788,Site 4,0.0,0.0,0.0,0.0,Study 4,cardiology_phase2,96.1,95.5,0.6,Low,Low,Low,Low
Subject 789,Site 4,0.0,0.0,0.0,0.0,Study 4,cardiology_phase2,96.1,95.5,0.6,Low,Low,Low,Low
Subject 790,Site 4,0.0,0.0,0.0,7.0,Study 4,cardiology_phase2,82.7,88.5,-5.8,Medium,Low,Medium,Medium
Subject 791,Site 4,0.0,0.0,0.0,0.0,Study 4,cardiology_phase2,96.1,95.5,0.6,Low,Low,Low,Low
Subject 792,Site 4,0.0,0.0,0.0,0.0,Study 4,cardiology_phase2,96.1,95.5,0.6,Low,Low,Low,Low
Subject 793,Site 4,0.0,0.0,0.0,2.0,Study 4,cardiology_phase2,92.3,93.5,-1.2,Low,Low,Low,Low
Subject 794,Site 4,0.0,0.0,0.0,0.0,Study 4,cardiology_phase2,96.1,95.5,0.6,Low,Low,Low,Low
Subject 795,Site 4,0.0,0.0,0.0,2.0,Study 4,cardiology_phase2,92.3,93.5,-1.2,Low,Low,Low,Low
Subject 796,Site 4,0.0,0.0,0.0,7.0,Study 4,cardiology_phase2,82.7,88.5,-5.8,Medium,Low,Medium,Medium
Subject 797,Site 4,0.0,0.0,0.0,0.0,Study 4,cardiology_phase2,96.1,95.5,0.6,Low,Low,Low,Low
Subject 798,Site 4,0.0,0.0,0.0,0.0,Study 4,cardiology_phase2,96.1,95.5,0.6,Low,Low,Low,Low
Subject 799,Site 4,0.0,0.0,0.0,0.0,Study 4,cardiology_phase2,96.1,95.5,0.6,Low,Low,Low,Low
Subject 800,Site 4,0.0,0.0,0.0,6.0,Study 4,cardiology_phase2,84.6,89.5,-4.9,Medium,Low,Medium,Medium
Subject 801,Site 4,0.0,0.0,0.0,0.0,Study 4,cardiology_phase2,96.1,95.5,0.6,Low,Low,Low,Low
Subject 170,Site 43,0.0,0.0,0.0,11.0,Study 4,cardiology_phase2,76.9,85.5,-8.6,Medium,Low,Medium,Medium
Subject 171,Site 43,0.0,0.0,0.0,0.0,Study 4,cardiology_phase2,96.1,95.5,0.6,Low,Low,Low,Low
Subject 172,Site 43,0.0,0.0,0.0,0.0,Study 4,cardiology_phase2,96.1,95.5,0.6,Low,Low,Low,Low
Subject 802,Site 43,0.0,0.0,0.0,0.0,Study 4,cardiology_phase2,96.1,95.5,0.6,Low,Low,Low,Low
Subject 803,Site 43,0.0,0.0,0.0,4.0,Study 4,cardiology_phase2,88.4,91.5,-3.1,Low,Low,Low,Low
Subject 804,Site 43,0.0,0.0,0.0,2.0,Study 4,cardiology_phase2,92.3,93.5,-1.2,Low,Low,Low,Low
Subject 805,Site 43,0.0,0.0,0.0,21.0,Study 4,cardiology_phase2,76.9,85.5,-8.6,Medium,Low,Medium,Medium
Subject 806,Site 43,0.0,0.0,0.0,2.0,Study 4,cardiology_phase2,92.3,93.5,-1.2,Low,Low,Low,Low
Subject 807,Site 43,0.0,0.0,0.0,3.0,Study 4,cardiology_phase2,90.4,92.5,-2.1,Low,Low,Low,Low
Subject 808,Site 108,0.0,0.0,0.0,0.0,Study 4,cardiology_phase2,96.1,95.5,0.6,Low,Low,Low,Low
Subject 809,Site 108,0.0,0.0,0.0,9.0,Study 4,cardiology_phase2,78.8,86.5,-7.7,Medium,Low,Medium,Medium
Subject 810,Site 108,0.0,0.0,0.0,0.0,Study 4,cardiology_phase2,96.1,95.5,0.6,Low,Low,Low,Low
Subject 811,Site 108,0.0,0.0,0.0,0.0,Study 4,cardiology_phase2,96.1,95.5,0.6,Low,Low,Low,Low
Subject 812,Site 108,0.0,0.0,0.0,0.0,Study 4,cardiology_phase2,96.1,95.5,0.6,Low,Low,Low,Low
Subject 813,Site 108,0.0,0.0,0.0,0.0,Study 4,cardiology_phase2,96.1,95.5,0.6,Low,Low,Low,Low
Subject 814,Site 108,0.0,0.0,0.0,24.0,Study 4,cardiology_phase2,76.9,85.5,-8.6,Medium,Low,Medium,Medium
Subject 815,Site 108,0.0,0.0,0.0,0.0,Study 4,cardiology_phase2,96.1,95.5,0.6,Low,Low,Low,Low
Subject 816,Site 108,0.0,0.0,0.0,6.0,Study 4,cardiology_phase2,84.6,89.5,-4.9,Medium,Low,Medium,Medium
Subject 817,Site 108,0.0,0.0,0.0,1.0,Study 4,cardiology_phase2,94.2,94.5,-0.3,Low,Low,Low,Low
Subject 818,Site 108,0.0,0.0,0.0,13.0,Study 4,cardiology_phase2,76.9,85.5,-8.6,Medium,Low,Medium,Medium
Subject 819,Site 108,0.0,0.0,0.0,0.0,Study 4,cardiology_phase2,96.1,95.5,0.6,Low,Low,Low,Low
Subject 820,Site 108,0.0,0.0,0.0,0.0,Study 4,cardiology_phase2,96.1,95.5,0.6,Low,Low,Low,Low
Subject 821,Site 108,0.0,0.0,0.0,0.0,Study 4,cardiology_phase2,96.1,95.5,0.6,Low,Low,Low,Low
Subject 822,Site 108,0.0,0.0,0.0,2.0,Study 4,cardiology_phase2,92.3,93.5,-1.2,Low,Low,Low,Low
Subject 823,Site 108,0.0,0.0,0.0,5.0,Study 4,cardiology_phase2,86.5,90.5,-4.0,Low,Low,Low,Low
Subject 824,Site 108,0.0,0.0,0.0,0.0,Study 4,cardiology_phase2,96.1,95.5,0.6,Low,Low,Low,Low
Subject 825,Site 108,0.0,0.0,0.0,30.0,Study 4,cardiology_phase2,76.9,85.5,-8.6,Medium,Low,Medium,Medium
Subject 826,Site 108,0.0,0.0,0.0,0.0,Study 4,cardiology_phase2,96.1,95.5,0.6,Low,Low,Low,Low
Subject 827,Site 108,0.0,0.0,0.0,1.0,Study 4,cardiology_phase2,94.2,94.5,-0.3,Low,Low,Low,Low
Subject 828,Site 108,0.0,0.0,0.0,12.0,Study 4,cardiology_phase2,76.9,85.5,-8.6,Medium,Low,Medium,Medium
Subject 829,Site 108,0.0,0.0,0.0,0.0,Study 4,cardiology_phase2,96.1,95.5,0.6,Low,Low,Low,Low
Subject 830,Site 108,0.0,0.0,0.0,2.0,Study 4,cardiology_phase2,92.3,93.5,-1.2,Low,Low,Low,Low
Subject 831,Site 108,0.0,0.0,0.0,0.0,Study 4,cardiology_phase2,96.1,95.5,0.6,Low,Low,Low,Low
Subject 832,Site 108,0.0,0.0,0.0,7.0,Study 4,cardiology_phase2,82.7,88.5,-5.8,Medium,Low,Medium,Medium
Subject 833,Site 108,0.0,0.0,0.0,0.0,Study 4,cardiology_phase2,96.1,95.5,0.6,Low,Low,Low,Low
Subject 834,Site 108,0.0,0.0,0.0,0.0,Study 4,cardiology_phase2,96.1,95.5,0.6,Low,Low,Low,Low
Subject 190,Site 47,0.0,0.0,0.0,13.0,Study 4,cardiology_phase2,76.9,85.5,-8.6,Medium,Low,Medium,Medium
Subject 191,Site 47,0.0,0.0,0.0,12.0,Study 4,cardiology_phase2,76.9,85.5,-8.6,Medium,Low,Medium,Medium
Subject 192,Site 47,0.0,0.0,0.0,5.0,Study 4,cardiology_phase2,86.5,90.5,-4.0,Low,Low,Low,Low
Subject 193,Site 47,0.0,0.0,0.0,28.0,Study 4,cardiology_phase2,76.9,85.5,-8.6,Medium,Low,Medium,Medium
Subject 194,Site 47,0.0,0.0,0.0,2.0,Study 4,cardiology_phase2,92.3,93.5,-1.2,Low,Low,Low,Low
Subject 195,Site 47,0.0,0.0,0.0,1.0,Study 4,cardiology_phase2,94.2,94.5,-0.3,Low,Low,Low,Low
Subject 196,Site 47,0.0,0.0,0.0,1.0,Study 4,cardiology_phase2,94.2,94.5,-0.3,Low,Low,Low,Low
Subject 197,Site 47,0.0,0.0,0.0,0.0,Study 4,cardiology_phase2,96.1,95.5,0.6,Low,Low,Low,Low
Subject 198,Site 47,0.0,0.0,0.0,10.0,Study 4,cardiology_phase2,76.9,85.5,-8.6,Medium,Low,Medium,Medium
Subject 199,Site 47,0.0,0.0,0.0,0.0,Study 4,cardiology_phase2,96.1,95.5,0.6,Low,Low,Low,Low
Subject 200,Site 47,0.0,0.0,0.0,19.0,Study 4,cardiology_phase2,76.9,85.5,-8.6,Medium,Low,Medium,Medium
Subject 835,Site 109,0.0,0.0,0.0,9.0,Study 4,cardiology_phase2,78.8,86.5,-7.7,Medium,Low,Medium,Medium
Subject 836,Site 109,0.0,0.0,0.0,0.0,Study 4,cardiology_phase2,96.1,95.5,0.6,Low,Low,Low,Low
Subject 837,Site 109,0.0,0.0,0.0,0.0,Study 4,cardiology_phase2,96.1,95.5,0.6,Low,Low,Low,Low
Subject 838,Site 109,0.0,0.0,0.0,9.0,Study 4,cardiology_phase2,78.8,86.5,-7.7,Medium,Low,Medium,Medium
Subject 839,Site 109,0.0,0.0,0.0,0.0,Study 4,cardiology_phase2,96.1,95.5,0.6,Low,Low,Low,Low
Subject 840,Site 109,0.0,0.0,0.0,0.0,Study 4,cardiology_phase2,96.1,95.5,0.6,Low,Low,Low,Low
Subject 841,Site 109,0.0,0.0,0.0,2.0,Study 4,cardiology_phase2,92.3,93.5,-1.2,Low,Low,Low,Low
Subject 842,Site 109,0.0,0.0,0.0,0.0,Study 4,cardiology_phase2,96.1,95.5,0.6,Low,Low,Low,Low
Subject 843,Site 109,0.0,0.0,0.0,14.0,Study 4,cardiology_phase2,76.9,85.5,-8.6,Medium,Low,Medium,Medium
Subject 844,Site 109,0.0,0.0,0.0,0.0,Study 4,cardiology_phase2,96.1,95.5,0.6,Low,Low,Low,Low
Subject 845,Site 109,0.0,0.0,0.0,0.0,Study 4,cardiology_phase2,96.1,95.5,0.6,Low,Low,Low,Low
Subject 846,Site 109,0.0,0.0,0.0,0.0,Study 4,cardiology_phase2,96.1,95.5,0.6,Low,Low,Low,Low
Subject 847,Site 109,0.0,0.0,0.0,0.0,Study 4,cardiology_phase2,96.1,95.5,0.6,Low,Low,Low,Low
Subject 848,Site 109,0.0,0.0,0.0,0.0,Study 4,cardiology_phase2,96.1,95.5,0.6,Low,Low,Low,Low
Subject 849,Site 109,0.0,0.0,0.0,2.0,Study 4,cardiology_phase2,92.3,93.5,-1.2,Low,Low,Low,Low
Subject 850,Site 109,0.0,0.0,0.0,0.0,Study 4,cardiology_phase2,96.1,95.5,0.6,Low,Low,Low,Low
Subject 17,Site 10,0.0,0.0,0.0,0.0,Study 4,cardiology_phase2,96.1,95.5,0.6,Low,Low,Low,Low
Subject 18,Site 10,0.0,0.0,0.0,1.0,Study 4,cardiology_phase2,94.2,94.5,-0.3,Low,Low,Low,Low
Subject 19,Site 10,0.0,0.0,0.0,9.0,Study 4,cardiology_phase2,78.8,86.5,-7.7,Medium,Low,Medium,Medium
Subject 851,Site 10,0.0,0.0,0.0,19.0,Study 4,cardiology_phase2,76.9,85.5,-8.6,Medium,Low,Medium,Medium
Subject 852,Site 10,0.0,0.0,0.0,15.0,Study 4,cardiology_phase2,76.9,85.5,-8.6,Medium,Low,Medium,Medium
Subject 853,Site 10,0.0,0.0,0.0,0.0,Study 4,cardiology_phase2,96.1,95.5,0.6,Low,Low,Low,Low
Subject 854,Site 10,0.0,0.0,0.0,23.0,Study 4,cardiology_phase2,76.9,85.5,-8.6,Medium,Low,Medium,Medium
Subject 855,Site 10,0.0,0.0,0.0,12.0,Study 4,cardiology_phase2,76.9,85.5,-8.6,Medium,Low,Medium,Medium
Subject 856,Site 10,0.0,0.0,0.0,9.0,Study 4,cardiology_phase2,78.8,86.5,-7.7,Medium,Low,Medium,Medium
Subject 857,Site 10,0.0,0.0,0.0,0.0,Study 4,cardiology_phase2,96.1,95.5,0.6,Low,Low,Low,Low
Subject 858,Site 10,0.0,0.0,0.0,0.0,Study 4,cardiology_phase2,96.1,95.5,0.6,Low,Low,Low,Low
Subject 859,Site 10,0.0,0.0,0.0,0.0,Study 4,cardiology_phase2,96.1,95.5,0.6,Low,Low,Low,Low
Subject 860,Site 10,0.0,0.0,0.0,13.0,Study 4,cardiology_phase2,76.9,85.5,-8.6,Medium,Low,Medium,Medium
Subject 861,Site 10,0.0,0.0,0.0,5.0,Study 4,cardiology_phase2,86.5,90.5,-4.0,Low,Low,Low,Low
Subject 862,Site 10,0.0,0.0,0.0,4.0,Study 4,cardiology_phase2,88.4,91.5,-3.1,Low,Low,Low,Low
Subject 627,Site 87,0.0,0.0,0.0,25.0,Study 4,cardiology_phase2,76.9,85.5,-8.6,Medium,Low,Medium,Medium
Subject 628,Site 87,0.0,0.0,0.0,3.0,Study 4,cardiology_phase2,90.4,92.5,-2.1,Low,Low,Low,Low
Subject 629,Site 87,0.0,0.0,0.0,7.0,Study 4,cardiology_phase2,82.7,88.5,-5.8,Medium,Low,Medium,Medium
Subject 630,Site 87,0.0,0.0,0.0,13.0,Study 4,cardiology_phase2,76.9,85.5,-8.6,Medium,Low,Medium,Medium
Subject 631,Site 87,0.0,0.0,0.0,6.0,Study 4,cardiology_phase2,84.6,89.5,-4.9,Medium,Low,Medium,Medium
Subject 863,Site 87,0.0,0.0,0.0,0.0,Study 4,cardiology_phase2,96.1,95.5,0.6,Low,Low,Low,Low
Subject 864,Site 87,0.0,0.0,0.0,0.0,Study 4,cardiology_phase2,96.1,95.5,0.6,Low,Low,Low,Low
Subject 865,Site 87,0.0,0.0,0.0,0.0,Study 4,cardiology_phase2,96.1,95.5,0.6,Low,Low,Low,Low
Subject 866,Site 87,0.0,0.0,0.0,0.0,Study 4,cardiology_phase2,96.1,95.5,0.6,Low,Low,Low,Low
Subject 867,Site 87,0.0,0.0,0.0,0.0,Study 4,cardiology_phase2,96.1,95.5,0.6,Low,Low,Low,Low
Subject 868,Site 87,0.0,0.0,0.0,0.0,Study 4,cardiology_phase2,96.1,95.5,0.6,Low,Low,Low,Low
Subject 869,Site 87,0.0,0.0,0.0,0.0,Study 4,cardiology_phase2,96.1,95.5,0.6,Low,Low,Low,Low
Subject 870,Site 87,0.0,0.0,0.0,0.0,Study 4,cardiology_phase2,96.1,95.5,0.6,Low,Low,Low,Low
Subject 871,Site 87,0.0,0.0,0.0,0.0,Study 4,cardiology_phase2,96.1,95.5,0.6,Low,Low,Low,Low
Subject 872,Site 87,0.0,0.0,0.0,0.0,Study 4,cardiology_phase2,96.1,95.5,0.6,Low,Low,Low,Low
Subject 873,Site 87,0.0,0.0,0.0,7.0,Study 4,cardiology_phase2,82.7,88.5,-5.8,Medium,Low,Medium,Medium
Subject 874,Site 87,0.0,0.0,0.0,2.0,Study 4,cardiology_phase2,92.3,93.5,-1.2,Low,Low,Low,Low
Subject 875,Site 87,0.0,0.0,0.0,4.0,Study 4,cardiology_phase2,88.4,91.5,-3.1,Low,Low,Low,Low
Subject 876,Site 87,0.0,0.0,0.0,15.0,Study 4,cardiology_phase2,76.9,85.5,-8.6,Medium,Low,Medium,Medium
Subject 877,Site 87,0.0,0.0,0.0,0.0,Study 4,cardiology_phase2,96.1,95.5,0.6,Low,Low,Low,Low
Subject 878,Site 87,0.0,0.0,0.0,0.0,Study 4,cardiology_phase2,96.1,95.5,0.6,Low,Low,Low,Low
Subject 879,Site 87,0.0,0.0,0.0,18.0,Study 4,cardiology_phase2,76.9,85.5,-8.6,Medium,Low,Medium,Medium
Subject 880,Site 87,0.0,0.0,0.0,6.0,Study 4,cardiology_phase2,84.6,89.5,-4.9,Medium,Low,Medium,Medium
Subject 881,Site 87,0.0,0.0,0.0,1.0,Study 4,cardiology_phase2,94.2,94.5,-0.3,Low,Low,Low,Low
Subject 882,Site 87,0.0,0.0,0.0,1.0,Study 4,cardiology_phase2,94.2,94.5,-0.3,Low,Low,Low,Low
Subject 883,Site 87,0.0,0.0,0.0,10.0,Study 4,cardiology_phase2,76.9,85.5,-8.6,Medium,Low,Medium,Medium
Subject 884,Site 87,0.0,0.0,0.0,3.0,Study 4,cardiology_phase2,90.4,92.5,-2.1,Low,Low,Low,Low
Subject 885,Site 87,0.0,0.0,0.0,7.0,Study 4,cardiology_phase2,82.7,88.5,-5.8,Medium,Low,Medium,Medium
Subject 886,Site 87,0.0,0.0,0.0,3.0,Study 4,cardiology_phase2,90.4,92.5,-2.1,Low,Low,Low,Low
Subject 887,Site 87,0.0,0.0,0.0,6.0,Study 4,cardiology_phase2,84.6,89.5,-4.9,Medium,Low,Medium,Medium
Subject 888,Site 87,0.0,0.0,0.0,0.0,Study 4,cardiology_phase2,96.1,95.5,0.6,Low,Low,Low,Low
Subject 889,Site 87,0.0,0.0,0.0,8.0,Study 4,cardiology_phase2,80.8,87.5,-6.7,Medium,Low,Medium,Medium
Subject 890,Site 87,0.0,0.0,0.0,2.0,Study 4,cardiology_phase2,92.3,93.5,-1.2,Low,Low,Low,Low
Subject 891,Site 87,0.0,0.0,0.0,0.0,Study 4,cardiology_phase2,96.1,95.5,0.6,Low,Low,Low,Low
Subject 892,Site 87,0.0,0.0,0.0,6.0,Study 4,cardiology_phase2,84.6,89.5,-4.9,Medium,Low,Medium,Medium
Subject 893,Site 110,0.0,0.0,0.0,2.0,Study 4,cardiology_phase2,92.3,93.5,-1.2,Low,Low,Low,Low
Subject 894,Site 110,0.0,0.0,0.0,0.0,Study 4,cardiology_phase2,96.1,95.5,0.6,Low,Low,Low,Low
Subject 895,Site 110,0.0,0.0,0.0,0.0,Study 4,cardiology_phase2,96.1,95.5,0.6,Low,Low,Low,Low
Subject 896,Site 110,0.0,0.0,0.0,2.0,Study 4,cardiology_phase2,92.3,93.5,-1.2,Low,Low,Low,Low
Subject 897,Site 111,0.0,0.0,0.0,2.0,Study 4,cardiology_phase2,92.3,93.5,-1.2,Low,Low,Low,Low
Subject 898,Site 112,0.0,0.0,0.0,9.0,Study 4,cardiology_phase2,78.8,86.5,-7.7,Medium,Low,Medium,Medium
Subject 899,Site 112,0.0,0.0,0.0,27.0,Study 4,cardiology_phase2,76.9,85.5,-8.6,Medium,Low,Medium,Medium
Subject 900,Site 112,0.0,0.0,0.0,4.0,Study 4,cardiology_phase2,88.4,91.5,-3.1,Low,Low,Low,Low
Subject 901,Site 112,0.0,0.0,0.0,15.0,Study 4,cardiology_phase2,76.9,85.5,-8.6,Medium,Low,Medium,Medium
Subject 902,Site 112,0.0,0.0,0.0,0.0,Study 4,cardiology_phase2,96.1,95.5,0.6,Low,Low,Low,Low
Subject 903,Site 112,0.0,0.0,0.0,0.0,Study 4,cardiology_phase2,96.1,95.5,0.6,Low,Low,Low,Low
Subject 904,Site 112,0.0,0.0,0.0,13.0,Study 4,cardiology_phase2,76.9,85.5,-8.6,Medium,Low,Medium,Medium
Subject 905,Site 112,0.0,0.0,0.0,3.0,Study 4,cardiology_phase2,90.4,92.5,-2.1,Low,Low,Low,Low
Subject 906,Site 112,0.0,0.0,0.0,0.0,Study 4,cardiology_phase2,96.1,95.5,0.6,Low,Low,Low,Low
Subject 907,Site 112,0.0,0.0,0.0,9.0,Study 4,cardiology_phase2,78.8,86.5,-7.7,Medium,Low,Medium,Medium
Subject 908,Site 112,0.0,0.0,0.0,6.0,Study 4,cardiology_phase2,84.6,89.5,-4.9,Medium,Low,Medium,Medium
Subject 909,Site 112,0.0,0.0,0.0,0.0,Study 4,cardiology_phase2,96.1,95.5,0.6,Low,Low,Low,Low
Subject 910,Site 112,0.0,0.0,0.0,15.0,Study 4,cardiology_phase2,76.9,85.5,-8.6,Medium,Low,Medium,Medium
Subject 911,Site 113,0.0,0.0,0.0,2.0,Study 4,cardiology_phase2,92.3,93.5,-1.2,Low,Low,Low,Low
Subject 912,Site 113,0.0,0.0,0.0,5.0,Study 4,cardiology_phase2,86.5,90.5,-4.0,Low,Low,Low,Low
Subject 913,Site 113,0.0,0.0,0.0,0.0,Study 4,cardiology_phase2,96.1,95.5,0.6,Low,Low,Low,Low
Subject 914,Site 113,0.0,0.0,0.0,0.0,Study 4,cardiology_phase2,96.1,95.5,0.6,Low,Low,Low,Low
Subject 915,Site 113,0.0,0.0,0.0,26.0,Study 4,cardiology_phase2,76.9,85.5,-8.6,Medium,Low,Medium,Medium
Subject 916,Site 113,0.0,0.0,0.0,17.0,Study 4,cardiology_phase2,76.9,85.5,-8.6,Medium,Low,Medium,Medium
Subject 917,Site 113,0.0,0.0,0.0,0.0,Study 4,cardiology_phase2,96.1,95.5,0.6,Low,Low,Low,Low
Subject 918,Site 114,0.0,0.0,0.0,41.0,Study 4,cardiology_phase2,76.9,85.5,-8.6,Medium,Low,Medium,Medium
Subject 919,Site 114,0.0,0.0,0.0,0.0,Study 4,cardiology_phase2,96.1,95.5,0.6,Low,Low,Low,Low
Subject 920,Site 114,0.0,0.0,0.0,0.0,Study 4,cardiology_phase2,96.1,95.5,0.6,Low,Low,Low,Low
Subject 921,Site 114,0.0,0.0,0.0,0.0,Study 4,cardiology_phase2,96.1,95.5,0.6,Low,Low,Low,Low
Subject 922,Site 114,0.0,0.0,0.0,7.0,Study 4,cardiology_phase2,82.7,88.5,-5.8,Medium,Low,Medium,Medium
Subject 923,Site 114,0.0,0.0,0.0,2.0,Study 4,cardiology_phase2,92.3,93.5,-1.2,Low,Low,Low,Low
Subject 924,Site 114,0.0,0.0,0.0,21.0,Study 4,cardiology_phase2,76.9,85.5,-8.6,Medium,Low,Medium,Medium
Subject 925,Site 114,0.0,0.0,0.0,28.0,Study 4,cardiology_phase2,76.9,85.5,-8.6,Medium,Low,Medium,Medium
Subject 926,Site 114,0.0,0.0,0.0,0.0,Study 4,cardiology_phase2,96.1,95.5,0.6,Low,Low,Low,Low
Subject 927,Site 114,0.0,0.0,0.0,0.0,Study 4,cardiology_phase2,96.1,95.5,0.6,Low,Low,Low,Low
Subject 928,Site 114,0.0,0.0,0.0,0.0,Study 4,cardiology_phase2,96.1,95.5,0.6,Low,Low,Low,Low
Subject 929,Site 114,0.0,0.0,0.0,12.0,Study 4,cardiology_phase2,76.9,85.5,-8.6,Medium,Low,Medium,Medium
Subject 930,Site 114,0.0,0.0,0.0,0.0,Study 4,cardiology_phase2,96.1,95.5,0.6,Low,Low,Low,Low
Subject 931,Site 114,0.0,0.0,0.0,0.0,Study 4,cardiology_phase2,96.1,95.5,0.6,Low,Low,Low,Low
Subject 932,Site 114,0.0,0.0,0.0,4.0,Study 4,cardiology_phase2,88.4,91.5,-3.1,Low,Low,Low,Low
Subject 933,Site 114,0.0,0.0,0.0,22.0,Study 4,cardiology_phase2,76.9,85.5,-8.6,Medium,Low,Medium,Medium
Subject 934,Site 115,0.0,0.0,0.0,0.0,Study 4,cardiology_phase2,96.1,95.5,0.6,Low,Low,Low,Low
Subject 935,Site 115,0.0,0.0,0.0,4.0,Study 4,cardiology_phase2,88.4,91.5,-3.1,Low,Low,Low,Low
Subject 936,Site 115,0.0,0.0,0.0,17.0,Study 4,cardiology_phase2,76.9,85.5,-8.6,Medium,Low,Medium,Medium
Subject 937,Site 115,0.0,0.0,0.0,12.0,Study 4,cardiology_phase2,76.9,85.5,-8.6,Medium,Low,Medium,Medium
Subject 938,Site 115,0.0,0.0,0.0,0.0,Study 4,cardiology_phase2,96.1,95.5,0.6,Low,Low,Low,Low
Subject 939,Site 115,0.0,0.0,0.0,0.0,Study 4,cardiology_phase2,96.1,95.5,0.6,Low,Low,Low,Low
Subject 940,Site 115,0.0,0.0,0.0,6.0,Study 4,cardiology_phase2,84.6,89.5,-4.9,Medium,Low,Medium,Medium
Subject 941,Site 115,0.0,0.0,0.0,0.0,Study 4,cardiology_phase2,96.1,95.5,0.6,Low,Low,Low,Low
Subject 942,Site 115,0.0,0.0,0.0,0.0,Study 4,cardiology_phase2,96.1,95.5,0.6,Low,Low,Low,Low
Subject 943,Site 115,0.0,0.0,0.0,0.0,Study 4,cardiology_phase2,96.1,95.5,0.6,Low,Low,Low,Low
Subject 944,Site 115,0.0,0.0,0.0,11.0,Study 4,cardiology_phase2,76.9,85.5,-8.6,Medium,Low,Medium,Medium
Subject 945,Site 115,0.0,0.0,0.0,0.0,Study 4,cardiology_phase2,96.1,95.5,0.6,Low,Low,Low,Low
Subject 946,Site 115,0.0,0.0,0.0,0.0,Study 4,cardiology_phase2,96.1,95.5,0.6,Low,Low,Low,Low
Subject 947,Site 115,0.0,0.0,0.0,7.0,Study 4,cardiology_phase2,82.7,88.5,-5.8,Medium,Low,Medium,Medium
Subject 948,Site 115,0.0,0.0,0.0,9.0,Study 4,cardiology_phase2,78.8,86.5,-7.7,Medium,Low,Medium,Medium
Subject 949,Site 115,0.0,0.0,0.0,39.0,Study 4,cardiology_phase2,76.9,85.5,-8.6,Medium,Low,Medium,Medium
Subject 950,Site 115,0.0,0.0,0.0,0.0,Study 4,cardiology_phase2,96.1,95.5,0.6,Low,Low,Low,Low
Subject 951,Site 115,0.0,0.0,0.0,0.0,Study 4,cardiology_phase2,96.1,95.5,0.6,Low,Low,Low,Low
Subject 952,Site 115,0.0,0.0,0.0,0.0,Study 4,cardiology_phase2,96.1,95.5,0.6,Low,Low,Low,Low
Subject 953,Site 116,0.0,0.0,0.0,1.0,Study 4,cardiology_phase2,94.2,94.5,-0.3,Low,Low,Low,Low
Subject 954,Site 116,0.0,0.0,0.0,0.0,Study 4,cardiology_phase2,96.1,95.5,0.6,Low,Low,Low,Low
Subject 955,Site 116,0.0,0.0,0.0,0.0,Study 4,cardiology_phase2,96.1,95.5,0.6,Low,Low,Low,Low
Subject 956,Site 116,0.0,0.0,0.0,1.0,Study 4,cardiology_phase2,94.2,94.5,-0.3,Low,Low,Low,Low
Subject 957,Site 116,0.0,0.0,0.0,0.0,Study 4,cardiology_phase2,96.1,95.5,0.6,Low,Low,Low,Low
Subject 958,Site 116,0.0,0.0,0.0,0.0,Study 4,cardiology_phase2,96.1,95.5,0.6,Low,Low,Low,Low
Subject 959,Site 116,0.0,0.0,0.0,0.0,Study 4,cardiology_phase2,96.1,95.5,0.6,Low,Low,Low,Low
Subject 960,Site 116,0.0,0.0,0.0,5.0,Study 4,cardiology_phase2,86.5,90.5,-4.0,Low,Low,Low,Low
Subject 961,Site 116,0.0,0.0,0.0,0.0,Study 4,cardiology_phase2,96.1,95.5,0.6,Low,Low,Low,Low
Subject 962,Site 116,0.0,0.0,0.0,7.0,Study 4,cardiology_phase2,82.7,88.5,-5.8,Medium,Low,Medium,Medium
Subject 963,Site 116,0.0,0.0,0.0,0.0,Study 4,cardiology_phase2,96.1,95.5,0.6,Low,Low,Low,Low
Subject 964,Site 116,0.0,0.0,0.0,7.0,Study 4,cardiology_phase2,82.7,88.5,-5.8,Medium,Low,Medium,Medium
Subject 965,Site 116,0.0,0.0,0.0,0.0,Study 4,cardiology_phase2,96.1,95.5,0.6,Low,Low,Low,Low
Subject 966,Site 116,0.0,0.0,0.0,0.0,Study 4,cardiology_phase2,96.1,95.5,0.6,Low,Low,Low,Low
Subject 967,Site 116,0.0,0.0,0.0,0.0,Study 4,cardiology_phase2,96.1,95.5,0.6,Low,Low,Low,Low
Subject 968,Site 116,0.0,0.0,0.0,1.0,Study 4,cardiology_phase2,94.2,94.5,-0.3,Low,Low,Low,Low
Subject 969,Site 116,0.0,0.0,0.0,5.0,Study 4,cardiology_phase2,86.5,90.5,-4.0,Low,Low,Low,Low
Subject 970,Site 116,0.0,0.0,0.0,3.0,Study 4,cardiology_phase2,90.4,92.5,-2.1,Low,Low,Low,Low
Subject 971,Site 116,0.0,0.0,0.0,0.0,Study 4,cardiology_phase2,96.1,95.5,0.6,Low,Low,Low,Low
Subject 972,Site 116,0.0,0.0,0.0,8.0,Study 4,cardiology_phase2,80.8,87.5,-6.7,Medium,Low,Medium,Medium
Subject 973,Site 116,0.0,0.0,0.0,8.0,Study 4,cardiology_phase2,80.8,87.5,-6.7,Medium,Low,Medium,Medium
Subject 974,Site 116,0.0,0.0,0.0,0.0,Study 4,cardiology_phase2,96.1,95.5,0.6,Low,Low,Low,Low
Subject 975,Site 116,0.0,0.0,0.0,3.0,Study 4,cardiology_phase2,90.4,92.5,-2.1,Low,Low,Low,Low
Subject 976,Site 116,0.0,0.0,0.0,36.0,Study 4,cardiology_phase2,76.9,85.5,-8.6,Medium,Low,Medium,Medium
Subject 977,Site 116,0.0,0.0,0.0,0.0,Study 4,cardiology_phase2,96.1,95.5,0.6,Low,Low,Low,Low
Subject 978,Site 116,0.0,0.0,0.0,0.0,Study 4,cardiology_phase2,96.1,95.5,0.6,Low,Low,Low,Low
Subject 979,Site 116,0.0,0.0,0.0,20.0,Study 4,cardiology_phase2,76.9,85.5,-8.6,Medium,Low,Medium,Medium
Subject 980,Site 116,0.0,0.0,0.0,15.0,Study 4,cardiology_phase2,76.9,85.5,-8.6,Medium,Low,Medium,Medium
Subject 981,Site 116,0.0,0.0,0.0,0.0,Study 4,cardiology_phase2,96.1,95.5,0.6,Low,Low,Low,Low
Subject 982,Site 116,0.0,0.0,0.0,0.0,Study 4,cardiology_phase2,96.1,95.5,0.6,Low,Low,Low,Low
Subject 983,Site 116,0.0,0.0,0.0,0.0,Study 4,cardiology_phase2,96.1,95.5,0.6,Low,Low,Low,Low
Subject 984,Site 116,0.0,0.0,0.0,5.0,Study 4,cardiology_phase2,86.5,90.5,-4.0,Low,Low,Low,Low
Subject 985,Site 116,0.0,0.0,0.0,1.0,Study 4,cardiology_phase2,94.2,94.5,-0.3,Low,Low,Low,Low
Subject 986,Site 116,0.0,0.0,0.0,1.0,Study 4,cardiology_phase2,94.2,94.5,-0.3,Low,Low,Low,Low
Subject 987,Site 116,0.0,0.0,0.0,6.0,Study 4,cardiology_phase2,84.6,89.5,-4.9,Medium,Low,Medium,Medium
Subject 988,Site 116,0.0,0.0,0.0,14.0,Study 4,cardiology_phase2,76.9,85.5,-8.6,Medium,Low,Medium,Medium
Subject 989,Site 116,0.0,0.0,0.0,0.0,Study 4,cardiology_phase2,96.1,95.5,0.6,Low,Low,Low,Low
Subject 990,Site 116,0.0,0.0,0.0,11.0,Study 4,cardiology_phase2,76.9,85.5,-8.6,Medium,Low,Medium,Medium
Subject 991,Site 116,0.0,0.0,0.0,5.0,Study 4,cardiology_phase2,86.5,90.5,-4.0,Low,Low,Low,Low
Subject 992,Site 117,0.0,0.0,0.0,0.0,Study 4,cardiology_phase2,96.1,95.5,0.6,Low,Low,Low,Low
Subject 993,Site 117,0.0,0.0,0.0,0.0,Study 4,cardiology_phase2,96.1,95.5,0.6,Low,Low,Low,Low
Subject 994,Site 117,0.0,0.0,0.0,13.0,Study 4,cardiology_phase2,76.9,85.5,-8.6,Medium,Low,Medium,Medium
Subject 995,Site 117,0.0,0.0,0.0,3.0,Study 4,cardiology_phase2,90.4,92.5,-2.1,Low,Low,Low,Low
Subject 996,Site 117,0.0,0.0,0.0,0.0,Study 4,cardiology_phase2,96.1,95.5,0.6,Low,Low,Low,Low
Subject 997,Site 117,0.0,0.0,0.0,0.0,Study 4,cardiology_phase2,96.1,95.5,0.6,Low,Low,Low,Low
Subject 998,Site 117,0.0,0.0,0.0,0.0,Study 4,cardiology_phase2,96.1,95.5,0.6,Low,Low,Low,Low
Subject 999,Site 117,0.0,0.0,0.0,0.0,Study 4,cardiology_phase2,96.1,95.5,0.6,Low,Low,Low,Low
Subject 1000,Site 118,0.0,0.0,0.0,1.0,Study 4,cardiology_phase2,94.2,94.5,-0.3,Low,Low,Low,Low
Subject 1001,Site 118,0.0,0.0,0.0,0.0,Study 4,cardiology_phase2,96.1,95.5,0.6,Low,Low,Low,Low
Subject 1002,Site 118,0.0,0.0,0.0,26.0,Study 4,cardiology_phase2,76.9,85.5,-8.6,Medium,Low,Medium,Medium
Subject 1003,Site 118,0.0,0.0,0.0,0.0,Study 4,cardiology_phase2,96.1,95.5,0.6,Low,Low,Low,Low
Subject 1004,Site 118,0.0,0.0,0.0,2.0,Study 4,cardiology_phase2,92.3,93.5,-1.2,Low,Low,Low,Low
Subject 1005,Site 118,0.0,0.0,0.0,10.0,Study 4,cardiology_phase2,76.9,85.5,-8.6,Medium,Low,Medium,Medium
Subject 1006,Site 118,0.0,0.0,0.0,18.0,Study 4,cardiology_phase2,76.9,85.5,-8.6,Medium,Low,Medium,Medium
Subject 1007,Site 118,0.0,0.0,0.0,0.0,Study 4,cardiology_phase2,96.1,95.5,0.6,Low,Low,Low,Low
Subject 1008,Site 118,0.0,0.0,0.0,8.0,Study 4,cardiology_phase2,80.8,87.5,-6.7,Medium,Low,Medium,Medium
Subject 1009,Site 118,0.0,0.0,0.0,29.0,Study 4,cardiology_phase2,76.9,85.5,-8.6,Medium,Low,Medium,Medium
Subject 1010,Site 118,0.0,0.0,0.0,7.0,Study 4,cardiology_phase2,82.7,88.5,-5.8,Medium,Low,Medium,Medium
Subject 1011,Site 118,0.0,0.0,0.0,0.0,Study 4,cardiology_phase2,96.1,95.5,0.6,Low,Low,Low,Low
Subject 1012,Site 118,0.0,0.0,0.0,4.0,Study 4,cardiology_phase2,88.4,91.5,-3.1,Low,Low,Low,Low
Subject 1013,Site 118,0.0,0.0,0.0,1.0,Study 4,cardiology_phase2,94.2,94.5,-0.3,Low,Low,Low,Low
Subject 1014,Site 118,0.0,0.0,0.0,25.0,Study 4,cardiology_phase2,76.9,85.5,-8.6,Medium,Low,Medium,Medium
Subject 1015,Site 118,0.0,0.0,0.0,0.0,Study 4,cardiology_phase2,96.1,95.5,0.6,Low,Low,Low,Low
Subject 1016,Site 118,0.0,0.0,0.0,18.0,Study 4,cardiology_phase2,76.9,85.5,-8.6,Medium,Low,Medium,Medium
Subject 1017,Site 118,0.0,0.0,0.0,4.0,Study 4,cardiology_phase2,88.4,91.5,-3.1,Low,Low,Low,Low
Subject 1018,Site 118,0.0,0.0,0.0,8.0,Study 4,cardiology_phase2,80.8,87.5,-6.7,Medium,Low,Medium,Medium
Subject 1019,Site 119,0.0,0.0,0.0,25.0,Study 4,cardiology_phase2,76.9,85.5,-8.6,Medium,Low,Medium,Medium
Subject 1020,Site 119,0.0,0.0,0.0,23.0,Study 4,cardiology_phase2,76.9,85.5,-8.6,Medium,Low,Medium,Medium
Subject 1021,Site 119,0.0,0.0,0.0,21.0,Study 4,cardiology_phase2,76.9,85.5,-8.6,Medium,Low,Medium,Medium
Subject 1022,Site 119,0.0,0.0,0.0,1.0,Study 4,cardiology_phase2,94.2,94.5,-0.3,Low,Low,Low,Low
Subject 1023,Site 119,0.0,0.0,0.0,47.0,Study 4,cardiology_phase2,76.9,85.5,-8.6,Medium,Low,Medium,Medium
Subject 1024,Site 119,0.0,0.0,0.0,0.0,Study 4,cardiology_phase2,96.1,95.5,0.6,Low,Low,Low,Low
Subject 1025,Site 119,0.0,0.0,0.0,50.0,Study 4,cardiology_phase2,76.9,85.5,-8.6,Medium,Low,Medium,Medium
Subject 1026,Site 119,0.0,0.0,0.0,1.0,Study 4,cardiology_phase2,94.2,94.5,-0.3,Low,Low,Low,Low
Subject 1027,Site 119,0.0,0.0,0.0,0.0,Study 4,cardiology_phase2,96.1,95.5,0.6,Low,Low,Low,Low
Subject 1028,Site 119,0.0,0.0,0.0,0.0,Study 4,cardiology_phase2,96.1,95.5,0.6,Low,Low,Low,Low
Subject 1029,Site 119,0.0,0.0,0.0,0.0,Study 4,cardiology_phase2,96.1,95.5,0.6,Low,Low,Low,Low
Subject 1030,Site 120,0.0,0.0,0.0,15.0,Study 4,cardiology_phase2,76.9,85.5,-8.6,Medium,Low,Medium,Medium
Subject 1031,Site 120,0.0,0.0,0.0,12.0,Study 4,cardiology_phase2,76.9,85.5,-8.6,Medium,Low,Medium,Medium
Subject 1032,Site 120,0.0,0.0,0.0,3.0,Study 4,cardiology_phase2,90.4,92.5,-2.1,Low,Low,Low,Low
Subject 1033,Site 120,0.0,0.0,0.0,17.0,Study 4,cardiology_phase2,76.9,85.5,-8.6,Medium,Low,Medium,Medium
Subject 1034,Site 120,0.0,0.0,0.0,0.0,Study 4,cardiology_phase2,96.1,95.5,0.6,Low,Low,Low,Low
Subject 1035,Site 120,0.0,0.0,0.0,18.0,Study 4,cardiology_phase2,76.9,85.5,-8.6,Medium,Low,Medium,Medium
Subject 1036,Site 120,0.0,0.0,0.0,8.0,Study 4,cardiology_phase2,80.8,87.5,-6.7,Medium,Low,Medium,Medium
Subject 1037,Site 120,0.0,0.0,0.0,9.0,Study 4,cardiology_phase2,78.8,86.5,-7.7,Medium,Low,Medium,Medium
Subject 1038,Site 120,0.0,0.0,0.0,12.0,Study 4,cardiology_phase2,76.9,85.5,-8.6,Medium,Low,Medium,Medium
Subject 1039,Site 120,0.0,0.0,0.0,24.0,Study 4,cardiology_phase2,76.9,85.5,-8.6,Medium,Low,Medium,Medium
Subject 1040,Site 120,0.0,0.0,0.0,0.0,Study 4,cardiology_phase2,96.1,95.5,0.6,Low,Low,Low,Low
Subject 1041,Site 120,0.0,0.0,0.0,31.0,Study 4,cardiology_phase2,76.9,85.5,-8.6,Medium,Low,Medium,Medium
Subject 1042,Site 120,0.0,0.0,0.0,16.0,Study 4,cardiology_phase2,76.9,85.5,-8.6,Medium,Low,Medium,Medium
Subject 1043,Site 120,0.0,0.0,0.0,0.0,Study 4,cardiology_phase2,96.1,95.5,0.6,Low,Low,Low,Low
Subject 1044,Site 120,0.0,0.0,0.0,38.0,Study 4,cardiology_phase2,76.9,85.5,-8.6,Medium,Low,Medium,Medium
Subject 1045,Site 120,0.0,0.0,0.0,3.0,Study 4,cardiology_phase2,90.4,92.5,-2.1,Low,Low,Low,Low
Subject 1046,Site 120,0.0,0.0,0.0,20.0,Study 4,cardiology_phase2,76.9,85.5,-8.6,Medium,Low,Medium,Medium
Subject 1047,Site 121,0.0,0.0,0.0,0.0,Study 4,cardiology_phase2,96.1,95.5,0.6,Low,Low,Low,Low
Subject 1048,Site 121,0.0,0.0,0.0,0.0,Study 4,cardiology_phase2,96.1,95.5,0.6,Low,Low,Low,Low
Subject 1049,Site 121,0.0,0.0,0.0,2.0,Study 4,cardiology_phase2,92.3,93.5,-1.2,Low,Low,Low,Low
Subject 1050,Site 121,0.0,0.0,0.0,0.0,Study 4,cardiology_phase2,96.1,95.5,0.6,Low,Low,Low,Low
Subject 1051,Site 121,0.0,0.0,0.0,0.0,Study 4,cardiology_phase2,96.1,95.5,0.6,Low,Low,Low,Low
Subject 1052,Site 121,0.0,0.0,0.0,0.0,Study 4,cardiology_phase2,96.1,95.5,0.6,Low,Low,Low,Low
Subject 1053,Site 121,0.0,0.0,0.0,0.0,Study 4,cardiology_phase2,96.1,95.5,0.6,Low,Low,Low,Low
Subject 1054,Site 121,0.0,0.0,0.0,0.0,Study 4,cardiology_phase2,96.1,95.5,0.6,Low,Low,Low,Low
Subject 1055,Site 122,0.0,0.0,0.0,0.0,Study 4,cardiology_phase2,96.1,95.5,0.6,Low,Low,Low,Low
Subject 1056,Site 122,0.0,0.0,0.0,0.0,Study 4,cardiology_phase2,96.1,95.5,0.6,Low,Low,Low,Low
Subject 1057,Site 122,0.0,0.0,0.0,0.0,Study 4,cardiology_phase2,96.1,95.5,0.6,Low,Low,Low,Low
Subject 1058,Site 122,0.0,0.0,0.0,4.0,Study 4,cardiology_phase2,88.4,91.5,-3.1,Low,Low,Low,Low
Subject 1059,Site 122,0.0,0.0,0.0,0.0,Study 4,cardiology_phase2,96.1,95.5,0.6,Low,Low,Low,Low
Subject 1060,Site 122,0.0,0.0,0.0,0.0,Study 4,cardiology_phase2,96.1,95.5,0.6,Low,Low,Low,Low
Subject 1061,Site 122,0.0,0.0,0.0,0.0,Study 4,cardiology_phase2,96.1,95.5,0.6,Low,Low,Low,Low
Subject 1062,Site 122,0.0,0.0,0.0,2.0,Study 4,cardiology_phase2,92.3,93.5,-1.2,Low,Low,Low,Low
Subject 1063,Site 122,0.0,0.0,0.0,0.0,Study 4,cardiology_phase2,96.1,95.5,0.6,Low,Low,Low,Low
Subject 1064,Site 123,0.0,0.0,0.0,0.0,Study 4,cardiology_phase2,96.1,95.5,0.6,Low,Low,Low,Low
Subject 1065,Site 123,0.0,0.0,0.0,0.0,Study 4,cardiology_phase2,96.1,95.5,0.6,Low,Low,Low,Low
Subject 1066,Site 123,0.0,0.0,0.0,7.0,Study 4,cardiology_phase2,82.7,88.5,-5.8,Medium,Low,Medium,Medium
Subject 1067,Site 124,0.0,0.0,0.0,10.0,Study 4,cardiology_phase2,76.9,85.5,-8.6,Medium,Low,Medium,Medium
Subject 1068,Site 124,0.0,0.0,0.0,3.0,Study 4,cardiology_phase2,90.4,92.5,-2.1,Low,Low,Low,Low
Subject 1069,Site 124,0.0,0.0,0.0,0.0,Study 4,cardiology_phase2,96.1,95.5,0.6,Low,Low,Low,Low
Subject 1070,Site 124,0.0,0.0,0.0,11.0,Study 4,cardiology_phase2,76.9,85.5,-8.6,Medium,Low,Medium,Medium
Subject 1071,Site 124,0.0,0.0,0.0,11.0,Study 4,cardiology_phase2,76.9,85.5,-8.6,Medium,Low,Medium,Medium
Subject 1072,Site 125,0.0,0.0,0.0,3.0,Study 4,cardiology_phase2,90.4,92.5,-2.1,Low,Low,Low,Low
Subject 1073,Site 125,0.0,0.0,0.0,13.0,Study 4,cardiology_phase2,76.9,85.5,-8.6,Medium,Low,Medium,Medium
Subject 1074,Site 125,0.0,0.0,0.0,0.0,Study 4,cardiology_phase2,96.1,95.5,0.6,Low,Low,Low,Low
Subject 1075,Site 125,0.0,0.0,0.0,0.0,Study 4,cardiology_phase2,96.1,95.5,0.6,Low,Low,Low,Low
Subject 1076,Site 125,0.0,0.0,0.0,0.0,Study 4,cardiology_phase2,96.1,95.5,0.6,Low,Low,Low,Low
Subject 1077,Site 125,0.0,0.0,0.0,0.0,Study 4,cardiology_phase2,96.1,95.5,0.6,Low,Low,Low,Low
Subject 1078,Site 125,0.0,0.0,0.0,12.0,Study 4,cardiology_phase2,76.9,85.5,-8.6,Medium,Low,Medium,Medium
Subject 1079,Site 125,0.0,0.0,0.0,0.0,Study 4,cardiology_phase2,96.1,95.5,0.6,Low,Low,Low,Low
Subject 1080,Site 125,0.0,0.0,0.0,0.0,Study 4,cardiology_phase2,96.1,95.5,0.6,Low,Low,Low,Low
Subject 1081,Site 125,0.0,0.0,0.0,2.0,Study 4,cardiology_phase2,92.3,93.5,-1.2,Low,Low,Low,Low
Subject 1082,Site 125,0.0,0.0,0.0,0.0,Study 4,cardiology_phase2,96.1,95.5,0.6,Low,Low,Low,Low
Subject 1083,Site 125,0.0,0.0,0.0,3.0,Study 4,cardiology_phase2,90.4,92.5,-2.1,Low,Low,Low,Low
Subject 1084,Site 125,0.0,0.0,0.0,0.0,Study 4,cardiology_phase2,96.1,95.5,0.6,Low,Low,Low,Low
Subject 1085,Site 125,0.0,0.0,0.0,0.0,Study 4,cardiology_phase2,96.1,95.5,0.6,Low,Low,Low,Low
Subject 1086,Site 125,0.0,0.0,0.0,0.0,Study 4,cardiology_phase2,96.1,95.5,0.6,Low,Low,Low,Low
Subject 1087,Site 125,0.0,0.0,0.0,0.0,Study 4,cardiology_phase2,96.1,95.5,0.6,Low,Low,Low,Low
Subject 1088,Site 125,0.0,0.0,0.0,0.0,Study 4,cardiology_phase2,96.1,95.5,0.6,Low,Low,Low,Low
Subject 1089,Site 125,0.0,0.0,0.0,0.0,Study 4,cardiology_phase2,96.1,95.5,0.6,Low,Low,Low,Low
Subject 1090,Site 125,0.0,0.0,0.0,0.0,Study 4,cardiology_phase2,96.1,95.5,0.6,Low,Low,Low,Low
Subject 1091,Site 126,0.0,0.0,0.0,23.0,Study 4,cardiology_phase2,76.9,85.5,-8.6,Medium,Low,Medium,Medium
Subject 1092,Site 126,0.0,0.0,0.0,5.0,Study 4,cardiology_phase2,86.5,90.5,-4.0,Low,Low,Low,Low
Subject 1093,Site 126,0.0,0.0,0.0,9.0,Study 4,cardiology_phase2,78.8,86.5,-7.7,Medium,Low,Medium,Medium
Subject 1094,Site 126,0.0,0.0,0.0,1.0,Study 4,cardiology_phase2,94.2,94.5,-0.3,Low,Low,Low,Low
Subject 1095,Site 126,0.0,0.0,0.0,17.0,Study 4,cardiology_phase2,76.9,85.5,-8.6,Medium,Low,Medium,Medium
Subject 1096,Site 126,0.0,0.0,0.0,17.0,Study 4,cardiology_phase2,76.9,85.5,-8.6,Medium,Low,Medium,Medium
Subject 1097,Site 126,0.0,0.0,0.0,7.0,Study 4,cardiology_phase2,82.7,88.5,-5.8,Medium,Low,Medium,Medium
Subject 1098,Site 126,0.0,0.0,0.0,7.0,Study 4,cardiology_phase2,82.7,88.5,-5.8,Medium,Low,Medium,Medium
Subject 1099,Site 126,0.0,0.0,0.0,2.0,Study 4,cardiology_phase2,92.3,93.5,-1.2,Low,Low,Low,Low
Subject 1100,Site 126,0.0,0.0,0.0,12.0,Study 4,cardiology_phase2,76.9,85.5,-8.6,Medium,Low,Medium,Medium
Subject 1101,Site 126,0.0,0.0,0.0,46.0,Study 4,cardiology_phase2,76.9,85.5,-8.6,Medium,Low,Medium,Medium
Subject 1102,Site 126,0.0,0.0,0.0,1.0,Study 4,cardiology_phase2,94.2,94.5,-0.3,Low,Low,Low,Low
Subject 1103,Site 126,0.0,0.0,0.0,7.0,Study 4,cardiology_phase2,82.7,88.5,-5.8,Medium,Low,Medium,Medium
Subject 1104,Site 126,0.0,0.0,0.0,0.0,Study 4,cardiology_phase2,96.1,95.5,0.6,Low,Low,Low,Low
Subject 1105,Site 126,0.0,0.0,0.0,39.0,Study 4,cardiology_phase2,76.9,85.5,-8.6,Medium,Low,Medium,Medium
Subject 1106,Site 126,0.0,0.0,0.0,0.0,Study 4,cardiology_phase2,96.1,95.5,0.6,Low,Low,Low,Low
Subject 1107,Site 126,0.0,0.0,0.0,41.0,Study 4,cardiology_phase2,76.9,85.5,-8.6,Medium,Low,Medium,Medium
Subject 1108,Site 126,0.0,0.0,0.0,5.0,Study 4,cardiology_phase2,86.5,90.5,-4.0,Low,Low,Low,Low
Subject 1109,Site 126,0.0,0.0,0.0,22.0,Study 4,cardiology_phase2,76.9,85.5,-8.6,Medium,Low,Medium,Medium
Subject 1110,Site 126,0.0,0.0,0.0,5.0,Study 4,cardiology_phase2,86.5,90.5,-4.0,Low,Low,Low,Low
Subject 1111,Site 126,0.0,0.0,0.0,19.0,Study 4,cardiology_phase2,76.9,85.5,-8.6,Medium,Low,Medium,Medium
Subject 1112,Site 126,0.0,0.0,0.0,5.0,Study 4,cardiology_phase2,86.5,90.5,-4.0,Low,Low,Low,Low
Subject 1113,Site 126,0.0,0.0,0.0,4.0,Study 4,cardiology_phase2,88.4,91.5,-3.1,Low,Low,Low,Low
Subject 1114,Site 126,0.0,0.0,0.0,26.0,Study 4,cardiology_phase2,76.9,85.5,-8.6,Medium,Low,Medium,Medium
Subject 1115,Site 126,0.0,0.0,0.0,9.0,Study 4,cardiology_phase2,78.8,86.5,-7.7,Medium,Low,Medium,Medium
Subject 1116,Site 126,0.0,0.0,0.0,7.0,Study 4,cardiology_phase2,82.7,88.5,-5.8,Medium,Low,Medium,Medium
Subject 1117,Site 127,0.0,0.0,0.0,0.0,Study 4,cardiology_phase2,96.1,95.5,0.6,Low,Low,Low,Low
Subject 1118,Site 127,0.0,0.0,0.0,0.0,Study 4,cardiology_phase2,96.1,95.5,0.6,Low,Low,Low,Low
Subject 1119,Site 127,0.0,0.0,0.0,8.0,Study 4,cardiology_phase2,80.8,87.5,-6.7,Medium,Low,Medium,Medium
Subject 1120,Site 127,0.0,0.0,0.0,5.0,Study 4,cardiology_phase2,86.5,90.5,-4.0,Low,Low,Low,Low
Subject 1121,Site 128,0.0,0.0,0.0,8.0,Study 4,cardiology_phase2,80.8,87.5,-6.7,Medium,Low,Medium,Medium
Subject 1122,Site 128,0.0,0.0,0.0,0.0,Study 4,cardiology_phase2,96.1,95.5,0.6,Low,Low,Low,Low
Subject 1123,Site 128,0.0,0.0,0.0,17.0,Study 4,cardiology_phase2,76.9,85.5,-8.6,Medium,Low,Medium,Medium
Subject 1124,Site 129,0.0,0.0,0.0,30.0,Study 4,cardiology_phase2,76.9,85.5,-8.6,Medium,Low,Medium,Medium
Subject 20,Site 11,0.0,0.0,0.0,9.0,Study 4,cardiology_phase2,78.8,86.5,-7.7,Medium,Low,Medium,Medium
Subject 21,Site 11,0.0,0.0,0.0,28.0,Study 4,cardiology_phase2,76.9,85.5,-8.6,Medium,Low,Medium,Medium
Subject 1125,Site 11,0.0,0.0,0.0,13.0,Study 4,cardiology_phase2,76.9,85.5,-8.6,Medium,Low,Medium,Medium
Subject 1126,Site 11,0.0,0.0,0.0,5.0,Study 4,cardiology_phase2,86.5,90.5,-4.0,Low,Low,Low,Low
Subject 1127,Site 11,0.0,0.0,0.0,0.0,Study 4,cardiology_phase2,96.1,95.5,0.6,Low,Low,Low,Low
Subject 1128,Site 11,0.0,0.0,0.0,3.0,Study 4,cardiology_phase2,90.4,92.5,-2.1,Low,Low,Low,Low
Subject 1129,Site 11,0.0,0.0,0.0,10.0,Study 4,cardiology_phase2,76.9,85.5,-8.6,Medium,Low,Medium,Medium
Subject 1130,Site 11,0.0,0.0,0.0,19.0,Study 4,cardiology_phase2,76.9,85.5,-8.6,Medium,Low,Medium,Medium
Subject 1131,Site 11,0.0,0.0,0.0,24.0,Study 4,cardiology_phase2,76.9,85.5,-8.6,Medium,Low,Medium,Medium
Subject 1132,Site 11,0.0,0.0,0.0,7.0,Study 4,cardiology_phase2,82.7,88.5,-5.8,Medium,Low,Medium,Medium
Subject 1133,Site 11,0.0,0.0,0.0,4.0,Study 4,cardiology_phase2,88.4,91.5,-3.1,Low,Low,Low,Low
Subject 1134,Site 11,0.0,0.0,0.0,0.0,Study 4,cardiology_phase2,96.1,95.5,0.6,Low,Low,Low,Low
Subject 1135,Site 11,0.0,0.0,0.0,0.0,Study 4,cardiology_phase2,96.1,95.5,0.6,Low,Low,Low,Low
Subject 1136,Site 11,0.0,0.0,0.0,12.0,Study 4,cardiology_phase2,76.9,85.5,-8.6,Medium,Low,Medium,Medium
Subject 1137,Site 130,0.0,0.0,0.0,0.0,Study 4,cardiology_phase2,96.1,95.5,0.6,Low,Low,Low,Low
Subject 1138,Site 130,0.0,0.0,0.0,14.0,Study 4,cardiology_phase2,76.9,85.5,-8.6,Medium,Low,Medium,Medium
Subject 1139,Site 130,0.0,0.0,0.0,8.0,Study 4,cardiology_phase2,80.8,87.5,-6.7,Medium,Low,Medium,Medium
Subject 1140,Site 130,0.0,0.0,0.0,0.0,Study 4,cardiology_phase2,96.1,95.5,0.6,Low,Low,Low,Low
Subject 1141,Site 130,0.0,0.0,0.0,6.0,Study 4,cardiology_phase2,84.6,89.5,-4.9,Medium,Low,Medium,Medium
Subject 1142,Site 130,0.0,0.0,0.0,9.0,Study 4,cardiology_phase2,78.8,86.5,-7.7,Medium,Low,Medium,Medium
Subject 1143,Site 130,0.0,0.0,0.0,0.0,Study 4,cardiology_phase2,96.1,95.5,0.6,Low,Low,Low,Low
Subject 1144,Site 130,0.0,0.0,0.0,20.0,Study 4,cardiology_phase2,76.9,85.5,-8.6,Medium,Low,Medium,Medium
Subject 1145,Site 131,0.0,0.0,0.0,0.0,Study 4,cardiology_phase2,96.1,95.5,0.6,Low,Low,Low,Low
Subject 1146,Site 131,0.0,0.0,0.0,0.0,Study 4,cardiology_phase2,96.1,95.5,0.6,Low,Low,Low,Low
Subject 1147,Site 131,0.0,0.0,0.0,57.0,Study 4,cardiology_phase2,76.9,85.5,-8.6,Medium,Low,Medium,Medium
Subject 1148,Site 132,0.0,0.0,0.0,7.0,Study 4,cardiology_phase2,82.7,88.5,-5.8,Medium,Low,Medium,Medium
Subject 1149,Site 132,0.0,0.0,0.0,14.0,Study 4,cardiology_phase2,76.9,85.5,-8.6,Medium,Low,Medium,Medium
Subject 1150,Site 132,0.0,0.0,0.0,0.0,Study 4,cardiology_phase2,96.1,95.5,0.6,Low,Low,Low,Low
Subject 1151,Site 132,0.0,0.0,0.0,0.0,Study 4,cardiology_phase2,96.1,95.5,0.6,Low,Low,Low,Low
Subject 1152,Site 132,0.0,0.0,0.0,3.0,Study 4,cardiology_phase2,90.4,92.5,-2.1,Low,Low,Low,Low
Subject 1153,Site 132,0.0,0.0,0.0,13.0,Study 4,cardiology_phase2,76.9,85.5,-8.6,Medium,Low,Medium,Medium
Subject 1154,Site 132,0.0,0.0,0.0,5.0,Study 4,cardiology_phase2,86.5,90.5,-4.0,Low,Low,Low,Low
Subject 1155,Site 133,0.0,0.0,0.0,0.0,Study 4,cardiology_phase2,96.1,95.5,0.6,Low,Low,Low,Low
Subject 1156,Site 133,0.0,0.0,0.0,32.0,Study 4,cardiology_phase2,76.9,85.5,-8.6,Medium,Low,Medium,Medium
Subject 1157,Site 133,0.0,0.0,0.0,0.0,Study 4,cardiology_phase2,96.1,95.5,0.6,Low,Low,Low,Low
Subject 1158,Site 133,0.0,0.0,0.0,6.0,Study 4,cardiology_phase2,84.6,89.5,-4.9,Medium,Low,Medium,Medium
Subject 1159,Site 133,0.0,0.0,0.0,0.0,Study 4,cardiology_phase2,96.1,95.5,0.6,Low,Low,Low,Low
Subject 1160,Site 133,0.0,0.0,0.0,0.0,Study 4,cardiology_phase2,96.1,95.5,0.6,Low,Low,Low,Low
Subject 1161,Site 133,0.0,0.0,0.0,0.0,Study 4,cardiology_phase2,96.1,95.5,0.6,Low,Low,Low,Low
Subject 1162,Site 133,0.0,0.0,0.0,2.0,Study 4,cardiology_phase2,92.3,93.5,-1.2,Low,Low,Low,Low
Subject 1163,Site 133,0.0,0.0,0.0,0.0,Study 4,cardiology_phase2,96.1,95.5,0.6,Low,Low,Low,Low
Subject 1164,Site 133,0.0,0.0,0.0,9.0,Study 4,cardiology_phase2,78.8,86.5,-7.7,Medium,Low,Medium,Medium
Subject 1165,Site 133,0.0,0.0,0.0,0.0,Study 4,cardiology_phase2,96.1,95.5,0.6,Low,Low,Low,Low
Subject 1166,Site 133,0.0,0.0,0.0,3.0,Study 4,cardiology_phase2,90.4,92.5,-2.1,Low,Low,Low,Low
Subject 1167,Site 133,0.0,0.0,0.0,0.0,Study 4,cardiology_phase2,96.1,95.5,0.6,Low,Low,Low,Low
Subject 1168,Site 133,0.0,0.0,0.0,1.0,Study 4,cardiology_phase2,94.2,94.5,-0.3,Low,Low,Low,Low
Subject 1169,Site 133,0.0,0.0,0.0,0.0,Study 4,cardiology_phase2,96.1,95.5,0.6,Low,Low,Low,Low
Subject 1170,Site 133,0.0,0.0,0.0,5.0,Study 4,cardiology_phase2,86.5,90.5,-4.0,Low,Low,Low,Low
Subject 1171,Site 133,0.0,0.0,0.0,0.0,Study 4,cardiology_phase2,96.1,95.5,0.6,Low,Low,Low,Low
Subject 1172,Site 133,0.0,0.0,0.0,0.0,Study 4,cardiology_phase2,96.1,95.5,0.6,Low,Low,Low,Low
Subject 1173,Site 133,0.0,0.0,0.0,0.0,Study 4,cardiology_phase2,96.1,95.5,0.6,Low,Low,Low,Low
Subject 1174,Site 133,0.0,0.0,0.0,5.0,Study 4,cardiology_phase2,86.5,90.5,-4.0,Low,Low,Low,Low
Subject 1175,Site 133,0.0,0.0,0.0,0.0,Study 4,cardiology_phase2,96.1,95.5,0.6,Low,Low,Low,Low
Subject 1176,Site 133,0.0,0.0,0.0,0.0,Study 4,cardiology_phase2,96.1,95.5,0.6,Low,Low,Low,Low
Subject 1177,Site 133,0.0,0.0,0.0,0.0,Study 4,cardiology_phase2,96.1,95.5,0.6,Low,Low,Low,Low
Subject 1178,Site 133,0.0,0.0,0.0,0.0,Study 4,cardiology_phase2,96.1,95.5,0.6,Low,Low,Low,Low
Subject 1179,Site 134,0.0,0.0,0.0,14.0,Study 4,cardiology_phase2,76.9,85.5,-8.6,Medium,Low,Medium,Medium
Subject 1180,Site 134,0.0,0.0,0.0,0.0,Study 4,cardiology_phase2,96.1,95.5,0.6,Low,Low,Low,Low
Subject 1181,Site 134,0.0,0.0,0.0,10.0,Study 4,cardiology_phase2,76.9,85.5,-8.6,Medium,Low,Medium,Medium
Subject 1182,Site 134,0.0,0.0,1.0,4.0,Study 4,cardiology_phase2,85.6,89.0,-3.4,Low,Low,Low,Low
Subject 1183,Site 134,0.0,0.0,0.0,0.0,Study 4,cardiology_phase2,96.1,95.5,0.6,Low,Low,Low,Low
Subject 1184,Site 134,0.0,0.0,0.0,0.0,Study 4,cardiology_phase2,96.1,95.5,0.6,Low,Low,Low,Low
Subject 1185,Site 135,0.0,0.0,0.0,0.0,Study 4,cardiology_phase2,96.1,95.5,0.6,Low,Low,Low,Low
Subject 1186,Site 135,0.0,0.0,0.0,44.0,Study 4,cardiology_phase2,76.9,85.5,-8.6,Medium,Low,Medium,Medium
Subject 1187,Site 135,0.0,0.0,0.0,0.0,Study 4,cardiology_phase2,96.1,95.5,0.6,Low,Low,Low,Low
Subject 1188,Site 135,0.0,0.0,0.0,0.0,Study 4,cardiology_phase2,96.1,95.5,0.6,Low,Low,Low,Low
Subject 1189,Site 135,0.0,0.0,0.0,0.0,Study 4,cardiology_phase2,96.1,95.5,0.6,Low,Low,Low,Low
Subject 1190,Site 135,0.0,0.0,0.0,0.0,Study 4,cardiology_phase2,96.1,95.5,0.6,Low,Low,Low,Low
Subject 1191,Site 135,0.0,0.0,0.0,0.0,Study 4,cardiology_phase2,96.1,95.5,0.6,Low,Low,Low,Low
Subject 1192,Site 135,0.0,0.0,0.0,0.0,Study 4,cardiology_phase2,96.1,95.5,0.6,Low,Low,Low,Low
Subject 1193,Site 135,0.0,0.0,0.0,0.0,Study 4,cardiology_phase2,96.1,95.5,0.6,Low,Low,Low,Low
Subject 1194,Site 135,0.0,0.0,0.0,2.0,Study 4,cardiology_phase2,92.3,93.5,-1.2,Low,Low,Low,Low
Subject 1195,Site 136,0.0,0.0,0.0,11.0,Study 4,cardiology_phase2,76.9,85.5,-8.6,Medium,Low,Medium,Medium
Subject 1196,Site 136,0.0,0.0,0.0,0.0,Study 4,cardiology_phase2,96.1,95.5,0.6,Low,Low,Low,Low
Subject 1197,Site 136,0.0,0.0,0.0,0.0,Study 4,cardiology_phase2,96.1,95.5,0.6,Low,Low,Low,Low
Subject 1198,Site 136,0.0,0.0,0.0,0.0,Study 4,cardiology_phase2,96.1,95.5,0.6,Low,Low,Low,Low
Subject 1199,Site 136,0.0,0.0,0.0,1.0,Study 4,cardiology_phase2,94.2,94.5,-0.3,Low,Low,Low,Low
Subject 1200,Site 136,0.0,0.0,0.0,0.0,Study 4,cardiology_phase2,96.1,95.5,0.6,Low,Low,Low,Low
Subject 1201,Site 136,0.0,0.0,0.0,0.0,Study 4,cardiology_phase2,96.1,95.5,0.6,Low,Low,Low,Low
Subject 1202,Site 136,0.0,0.0,0.0,0.0,Study 4,cardiology_phase2,96.1,95.5,0.6,Low,Low,Low,Low
Subject 1203,Site 136,0.0,0.0,0.0,0.0,Study 4,cardiology_phase2,96.1,95.5,0.6,Low,Low,Low,Low
Subject 1204,Site 136,0.0,0.0,0.0,0.0,Study 4,cardiology_phase2,96.1,95.5,0.6,Low,Low,Low,Low
Subject 1205,Site 137,0.0,0.0,0.0,0.0,Study 4,cardiology_phase2,96.1,95.5,0.6,Low,Low,Low,Low
Subject 1206,Site 137,0.0,0.0,0.0,0.0,Study 4,cardiology_phase2,96.1,95.5,0.6,Low,Low,Low,Low
Subject 1207,Site 137,0.0,0.0,0.0,4.0,Study 4,cardiology_phase2,88.4,91.5,-3.1,Low,Low,Low,Low
Subject 1208,Site 137,0.0,0.0,0.0,15.0,Study 4,cardiology_phase2,76.9,85.5,-8.6,Medium,Low,Medium,Medium
Subject 1209,Site 137,0.0,0.0,0.0,21.0,Study 4,cardiology_phase2,76.9,85.5,-8.6,Medium,Low,Medium,Medium
Subject 1210,Site 137,0.0,0.0,0.0,0.0,Study 4,cardiology_phase2,96.1,95.5,0.6,Low,Low,Low,Low
Subject 1211,Site 137,0.0,0.0,0.0,0.0,Study 4,cardiology_phase2,96.1,95.5,0.6,Low,Low,Low,Low
Subject 1212,Site 137,0.0,0.0,0.0,0.0,Study 4,cardiology_phase2,96.1,95.5,0.6,Low,Low,Low,Low
Subject 1213,Site 137,0.0,0.0,0.0,25.0,Study 4,cardiology_phase2,76.9,85.5,-8.6,Medium,Low,Medium,Medium
Subject 1214,Site 137,0.0,0.0,0.0,8.0,Study 4,cardiology_phase2,80.8,87.5,-6.7,Medium,Low,Medium,Medium
Subject 1215,Site 137,0.0,0.0,0.0,0.0,Study 4,cardiology_phase2,96.1,95.5,0.6,Low,Low,Low,Low
Subject 1216,Site 137,0.0,0.0,0.0,13.0,Study 4,cardiology_phase2,76.9,85.5,-8.6,Medium,Low,Medium,Medium
Subject 1217,Site 137,0.0,0.0,0.0,0.0,Study 4,cardiology_phase2,96.1,95.5,0.6,Low,Low,Low,Low
Subject 1218,Site 138,0.0,0.0,0.0,4.0,Study 4,cardiology_phase2,88.4,91.5,-3.1,Low,Low,Low,Low
Subject 1219,Site 138,0.0,0.0,0.0,12.0,Study 4,cardiology_phase2,76.9,85.5,-8.6,Medium,Low,Medium,Medium
Subject 1220,Site 138,0.0,0.0,0.0,0.0,Study 4,cardiology_phase2,96.1,95.5,0.6,Low,Low,Low,Low
Subject 1221,Site 138,0.0,0.0,0.0,6.0,Study 4,cardiology_phase2,84.6,89.5,-4.9,Medium,Low,Medium,Medium
Subject 1222,Site 138,0.0,0.0,0.0,22.0,Study 4,cardiology_phase2,76.9,85.5,-8.6,Medium,Low,Medium,Medium
Subject 1223,Site 138,0.0,0.0,0.0,5.0,Study 4,cardiology_phase2,86.5,90.5,-4.0,Low,Low,Low,Low
Subject 1224,Site 138,0.0,0.0,0.0,0.0,Study 4,cardiology_phase2,96.1,95.5,0.6,Low,Low,Low,Low
Subject 1225,Site 138,0.0,0.0,0.0,0.0,Study 4,cardiology_phase2,96.1,95.5,0.6,Low,Low,Low,Low
Subject 1226,Site 138,0.0,0.0,0.0,0.0,Study 4,cardiology_phase2,96.1,95.5,0.6,Low,Low,Low,Low
Subject 1227,Site 138,0.0,0.0,0.0,0.0,Study 4,cardiology_phase2,96.1,95.5,0.6,Low,Low,Low,Low
Subject 1228,Site 138,0.0,0.0,0.0,29.0,Study 4,cardiology_phase2,76.9,85.5,-8.6,Medium,Low,Medium,Medium
Subject 1229,Site 138,0.0,0.0,0.0,0.0,Study 4,cardiology_phase2,96.1,95.5,0.6,Low,Low,Low,Low
Subject 1230,Site 138,0.0,0.0,0.0,0.0,Study 4,cardiology_phase2,96.1,95.5,0.6,Low,Low,Low,Low
Subject 1231,Site 138,0.0,0.0,0.0,0.0,Study 4,cardiology_phase2,96.1,95.5,0.6,Low,Low,Low,Low
Subject 1232,Site 138,0.0,0.0,0.0,28.0,Study 4,cardiology_phase2,76.9,85.5,-8.6,Medium,Low,Medium,Medium
Subject 1233,Site 138,0.0,0.0,0.0,6.0,Study 4,cardiology_phase2,84.6,89.5,-4.9,Medium,Low,Medium,Medium
Subject 1234,Site 138,0.0,0.0,0.0,0.0,Study 4,cardiology_phase2,96.1,95.5,0.6,Low,Low,Low,Low
Subject 1235,Site 138,0.0,0.0,0.0,26.0,Study 4,cardiology_phase2,76.9,85.5,-8.6,Medium,Low,Medium,Medium
Subject 1236,Site 138,0.0,0.0,0.0,15.0,Study 4,cardiology_phase2,76.9,85.5,-8.6,Medium,Low,Medium,Medium
Subject 1237,Site 138,0.0,0.0,0.0,12.0,Study 4,cardiology_phase2,76.9,85.5,-8.6,Medium,Low,Medium,Medium
Subject 1238,Site 138,0.0,0.0,0.0,86.0,Study 4,cardiology_phase2,76.9,85.5,-8.6,Medium,Low,Medium,Medium
Subject 1239,Site 138,0.0,0.0,0.0,3.0,Study 4,cardiology_phase2,90.4,92.5,-2.1,Low,Low,Low,Low
Subject 1240,Site 138,0.0,0.0,0.0,11.0,Study 4,cardiology_phase2,76.9,85.5,-8.6,Medium,Low,Medium,Medium
Subject 1241,Site 139,0.0,0.0,0.0,6.0,Study 4,cardiology_phase2,84.6,89.5,-4.9,Medium,Low,Medium,Medium
Subject 1242,Site 139,0.0,0.0,0.0,0.0,Study 4,cardiology_phase2,96.1,95.5,0.6,Low,Low,Low,Low
Subject 1243,Site 139,0.0,0.0,0.0,8.0,Study 4,cardiology_phase2,80.8,87.5,-6.7,Medium,Low,Medium,Medium
Subject 1244,Site 139,0.0,0.0,0.0,43.0,Study 4,cardiology_phase2,76.9,85.5,-8.6,Medium,Low,Medium,Medium
Subject 1245,Site 139,0.0,0.0,0.0,0.0,Study 4,cardiology_phase2,96.1,95.5,0.6,Low,Low,Low,Low
Subject 1246,Site 139,0.0,0.0,0.0,0.0,Study 4,cardiology_phase2,96.1,95.5,0.6,Low,Low,Low,Low
Subject 1247,Site 139,0.0,0.0,0.0,0.0,Study 4,cardiology_phase2,96.1,95.5,0.6,Low,Low,Low,Low
Subject 1248,Site 139,0.0,0.0,0.0,0.0,Study 4,cardiology_phase2,96.1,95.5,0.6,Low,Low,Low,Low
Subject 1249,Site 139,0.0,0.0,0.0,4.0,Study 4,cardiology_phase2,88.4,91.5,-3.1,Low,Low,Low,Low
Subject 1250,Site 139,0.0,0.0,0.0,0.0,Study 4,cardiology_phase2,96.1,95.5,0.6,Low,Low,Low,Low
Subject 1251,Site 139,0.0,0.0,0.0,8.0,Study 4,cardiology_phase2,80.8,87.5,-6.7,Medium,Low,Medium,Medium
Subject 1252,Site 139,0.0,0.0,0.0,2.0,Study 4,cardiology_phase2,92.3,93.5,-1.2,Low,Low,Low,Low
Subject 1253,Site 139,0.0,0.0,0.0,0.0,Study 4,cardiology_phase2,96.1,95.5,0.6,Low,Low,Low,Low
Subject 1254,Site 139,0.0,0.0,0.0,0.0,Study 4,cardiology_phase2,96.1,95.5,0.6,Low,Low,Low,Low
Subject 1255,Site 139,0.0,0.0,0.0,5.0,Study 4,cardiology_phase2,86.5,90.5,-4.0,Low,Low,Low,Low
Subject 1256,Site 139,0.0,0.0,0.0,6.0,Study 4,cardiology_phase2,84.6,89.5,-4.9,Medium,Low,Medium,Medium
Subject 1257,Site 139,0.0,0.0,0.0,6.0,Study 4,cardiology_phase2,84.6,89.5,-4.9,Medium,Low,Medium,Medium
Subject 1258,Site 139,0.0,0.0,0.0,6.0,Study 4,cardiology_phase2,84.6,89.5,-4.9,Medium,Low,Medium,Medium
Subject 1259,Site 139,0.0,0.0,0.0,1.0,Study 4,cardiology_phase2,94.2,94.5,-0.3,Low,Low,Low,Low
Subject 1260,Site 139,0.0,0.0,0.0,0.0,Study 4,cardiology_phase2,96.1,95.5,0.6,Low,Low,Low,Low
Subject 1261,Site 139,0.0,0.0,0.0,8.0,Study 4,cardiology_phase2,80.8,87.5,-6.7,Medium,Low,Medium,Medium
Subject 1262,Site 139,0.0,0.0,0.0,2.0,Study 4,cardiology_phase2,92.3,93.5,-1.2,Low,Low,Low,Low
Subject 1263,Site 139,0.0,0.0,0.0,1.0,Study 4,cardiology_phase2,94.2,94.5,-0.3,Low,Low,Low,Low
Subject 1264,Site 139,0.0,0.0,0.0,0.0,Study 4,cardiology_phase2,96.1,95.5,0.6,Low,Low,Low,Low
Subject 1265,Site 139,0.0,0.0,0.0,0.0,Study 4,cardiology_phase2,96.1,95.5,0.6,Low,Low,Low,Low
Subject 1266,Site 139,0.0,0.0,0.0,1.0,Study 4,cardiology_phase2,94.2,94.5,-0.3,Low,Low,Low,Low
Subject 1267,Site 139,0.0,0.0,0.0,1.0,Study 4,cardiology_phase2,94.2,94.5,-0.3,Low,Low,Low,Low
Subject 1268,Site 139,0.0,0.0,0.0,3.0,Study 4,cardiology_phase2,90.4,92.5,-2.1,Low,Low,Low,Low
Subject 1269,Site 139,0.0,0.0,0.0,0.0,Study 4,cardiology_phase2,96.1,95.5,0.6,Low,Low,Low,Low
Subject 1270,Site 139,0.0,0.0,0.0,18.0,Study 4,cardiology_phase2,76.9,85.5,-8.6,Medium,Low,Medium,Medium
Subject 1271,Site 139,0.0,0.0,0.0,0.0,Study 4,cardiology_phase2,96.1,95.5,0.6,Low,Low,Low,Low
Subject 1272,Site 139,0.0,0.0,0.0,13.0,Study 4,cardiology_phase2,76.9,85.5,-8.6,Medium,Low,Medium,Medium
Subject 1273,Site 139,0.0,0.0,0.0,0.0,Study 4,cardiology_phase2,96.1,95.5,0.6,Low,Low,Low,Low
Subject 1274,Site 139,0.0,0.0,0.0,1.0,Study 4,cardiology_phase2,94.2,94.5,-0.3,Low,Low,Low,Low
Subject 1275,Site 139,0.0,0.0,0.0,1.0,Study 4,cardiology_phase2,94.2,94.5,-0.3,Low,Low,Low,Low
Subject 1276,Site 139,0.0,0.0,0.0,0.0,Study 4,cardiology_phase2,96.1,95.5,0.6,Low,Low,Low,Low
Subject 1277,Site 139,0.0,0.0,0.0,3.0,Study 4,cardiology_phase2,90.4,92.5,-2.1,Low,Low,Low,Low
Subject 1278,Site 139,0.0,0.0,0.0,0.0,Study 4,cardiology_phase2,96.1,95.5,0.6,Low,Low,Low,Low
Subject 1279,Site 139,0.0,0.0,0.0,1.0,Study 4,cardiology_phase2,94.2,94.5,-0.3,Low,Low,Low,Low
Subject 1280,Site 139,0.0,0.0,0.0,0.0,Study 4,cardiology_phase2,96.1,95.5,0.6,Low,Low,Low,Low
Subject 1281,Site 139,0.0,0.0,0.0,21.0,Study 4,cardiology_phase2,76.9,85.5,-8.6,Medium,Low,Medium,Medium
Subject 1282,Site 139,0.0,0.0,0.0,1.0,Study 4,cardiology_phase2,94.2,94.5,-0.3,Low,Low,Low,Low
Subject 1283,Site 139,0.0,0.0,0.0,5.0,Study 4,cardiology_phase2,86.5,90.5,-4.0,Low,Low,Low,Low
Subject 1284,Site 139,0.0,0.0,0.0,0.0,Study 4,cardiology_phase2,96.1,95.5,0.6,Low,Low,Low,Low
Subject 1285,Site 139,0.0,0.0,0.0,0.0,Study 4,cardiology_phase2,96.1,95.5,0.6,Low,Low,Low,Low
Subject 1286,Site 139,0.0,0.0,0.0,13.0,Study 4,cardiology_phase2,76.9,85.5,-8.6,Medium,Low,Medium,Medium
Subject 1287,Site 139,0.0,0.0,0.0,1.0,Study 4,cardiology_phase2,94.2,94.5,-0.3,Low,Low,Low,Low
Subject 1288,Site 139,0.0,0.0,0.0,0.0,Study 4,cardiology_phase2,96.1,95.5,0.6,Low,Low,Low,Low
Subject 1289,Site 139,0.0,0.0,0.0,14.0,Study 4,cardiology_phase2,76.9,85.5,-8.6,Medium,Low,Medium,Medium
Subject 1290,Site 139,0.0,0.0,0.0,0.0,Study 4,cardiology_phase2,96.1,95.5,0.6,Low,Low,Low,Low
Subject 1291,Site 139,0.0,0.0,0.0,6.0,Study 4,cardiology_phase2,84.6,89.5,-4.9,Medium,Low,Medium,Medium
Subject 1292,Site 139,0.0,0.0,0.0,0.0,Study 4,cardiology_phase2,96.1,95.5,0.6,Low,Low,Low,Low
Subject 1293,Site 139,0.0,0.0,0.0,0.0,Study 4,cardiology_phase2,96.1,95.5,0.6,Low,Low,Low,Low
Subject 1294,Site 140,0.0,0.0,0.0,0.0,Study 4,cardiology_phase2,96.1,95.5,0.6,Low,Low,Low,Low
Subject 1295,Site 140,0.0,0.0,0.0,57.0,Study 4,cardiology_phase2,76.9,85.5,-8.6,Medium,Low,Medium,Medium
Subject 1296,Site 140,0.0,0.0,0.0,3.0,Study 4,cardiology_phase2,90.4,92.5,-2.1,Low,Low,Low,Low
Subject 1297,Site 140,0.0,0.0,0.0,0.0,Study 4,cardiology_phase2,96.1,95.5,0.6,Low,Low,Low,Low
Subject 1298,Site 140,0.0,0.0,0.0,7.0,Study 4,cardiology_phase2,82.7,88.5,-5.8,Medium,Low,Medium,Medium
Subject 1299,Site 140,0.0,0.0,0.0,1.0,Study 4,cardiology_phase2,94.2,94.5,-0.3,Low,Low,Low,Low
Subject 1300,Site 140,0.0,0.0,0.0,2.0,Study 4,cardiology_phase2,92.3,93.5,-1.2,Low,Low,Low,Low
Subject 1301,Site 140,0.0,0.0,0.0,0.0,Study 4,cardiology_phase2,96.1,95.5,0.6,Low,Low,Low,Low
Subject 1302,Site 140,0.0,0.0,0.0,22.0,Study 4,cardiology_phase2,76.9,85.5,-8.6,Medium,Low,Medium,Medium
Subject 1303,Site 140,0.0,0.0,0.0,4.0,Study 4,cardiology_phase2,88.4,91.5,-3.1,Low,Low,Low,Low
Subject 1304,Site 141,0.0,0.0,0.0,1.0,Study 4,cardiology_phase2,94.2,94.5,-0.3,Low,Low,Low,Low
Subject 1305,Site 140,0.0,0.0,0.0,0.0,Study 4,cardiology_phase2,96.1,95.5,0.6,Low,Low,Low,Low
Subject 1306,Site 140,0.0,0.0,0.0,22.0,Study 4,cardiology_phase2,76.9,85.5,-8.6,Medium,Low,Medium,Medium
Subject 1307,Site 140,0.0,0.0,0.0,5.0,Study 4,cardiology_phase2,86.5,90.5,-4.0,Low,Low,Low,Low
Subject 1308,Site 140,0.0,0.0,0.0,12.0,Study 4,cardiology_phase2,76.9,85.5,-8.6,Medium,Low,Medium,Medium
Subject 1309,Site 140,0.0,0.0,0.0,0.0,Study 4,cardiology_phase2,96.1,95.5,0.6,Low,Low,Low,Low
Subject 1310,Site 140,0.0,0.0,0.0,0.0,Study 4,cardiology_phase2,96.1,95.5,0.6,Low,Low,Low,Low
Subject 1311,Site 140,0.0,0.0,0.0,37.0,Study 4,cardiology_phase2,76.9,85.5,-8.6,Medium,Low,Medium,Medium
Subject 1312,Site 140,0.0,0.0,0.0,6.0,Study 4,cardiology_phase2,84.6,89.5,-4.9,Medium,Low,Medium,Medium
Subject 1313,Site 140,0.0,0.0,0.0,0.0,Study 4,cardiology_phase2,96.1,95.5,0.6,Low,Low,Low,Low
Subject 1314,Site 140,0.0,0.0,0.0,0.0,Study 4,cardiology_phase2,96.1,95.5,0.6,Low,Low,Low,Low
Subject 1315,Site 140,0.0,0.0,0.0,6.0,Study 4,cardiology_phase2,84.6,89.5,-4.9,Medium,Low,Medium,Medium
Subject 1316,Site 140,0.0,0.0,0.0,0.0,Study 4,cardiology_phase2,96.1,95.5,0.6,Low,Low,Low,Low
Subject 1317,Site 140,0.0,0.0,0.0,4.0,Study 4,cardiology_phase2,88.4,91.5,-3.1,Low,Low,Low,Low
Subject 1318,Site 140,0.0,0.0,0.0,0.0,Study 4,cardiology_phase2,96.1,95.5,0.6,Low,Low,Low,Low
Subject 1319,Site 140,0.0,0.0,0.0,0.0,Study 4,cardiology_phase2,96.1,95.5,0.6,Low,Low,Low,Low
Subject 1320,Site 140,0.0,0.0,0.0,0.0,Study 4,cardiology_phase2,96.1,95.5,0.6,Low,Low,Low,Low
Subject 1321,Site 140,0.0,0.0,0.0,9.0,Study 4,cardiology_phase2,78.8,86.5,-7.7,Medium,Low,Medium,Medium
Subject 1322,Site 142,0.0,0.0,0.0,14.0,Study 4,cardiology_phase2,76.9,85.5,-8.6,Medium,Low,Medium,Medium
Subject 1323,Site 142,0.0,0.0,0.0,57.0,Study 4,cardiology_phase2,76.9,85.5,-8.6,Medium,Low,Medium,Medium
Subject 1324,Site 142,0.0,0.0,0.0,28.0,Study 4,cardiology_phase2,76.9,85.5,-8.6,Medium,Low,Medium,Medium
Subject 1325,Site 142,0.0,0.0,0.0,24.0,Study 4,cardiology_phase2,76.9,85.5,-8.6,Medium,Low,Medium,Medium
Subject 1326,Site 142,0.0,0.0,0.0,25.0,Study 4,cardiology_phase2,76.9,85.5,-8.6,Medium,Low,Medium,Medium
Subject 1327,Site 142,0.0,0.0,0.0,23.0,Study 4,cardiology_phase2,76.9,85.5,-8.6,Medium,Low,Medium,Medium
Subject 1328,Site 142,0.0,0.0,0.0,39.0,Study 4,cardiology_phase2,76.9,85.5,-8.6,Medium,Low,Medium,Medium
Subject 1329,Site 142,0.0,0.0,0.0,5.0,Study 4,cardiology_phase2,86.5,90.5,-4.0,Low,Low,Low,Low
Subject 1330,Site 142,0.0,0.0,0.0,8.0,Study 4,cardiology_phase2,80.8,87.5,-6.7,Medium,Low,Medium,Medium
Subject 1331,Site 142,0.0,0.0,0.0,0.0,Study 4,cardiology_phase2,96.1,95.5,0.6,Low,Low,Low,Low
Subject 1332,Site 142,0.0,0.0,0.0,0.0,Study 4,cardiology_phase2,96.1,95.5,0.6,Low,Low,Low,Low
Subject 1333,Site 142,0.0,0.0,0.0,0.0,Study 4,cardiology_phase2,96.1,95.5,0.6,Low,Low,Low,Low
Subject 1334,Site 142,0.0,0.0,0.0,4.0,Study 4,cardiology_phase2,88.4,91.5,-3.1,Low,Low,Low,Low
Subject 1335,Site 143,0.0,0.0,0.0,3.0,Study 4,cardiology_phase2,90.4,92.5,-2.1,Low,Low,Low,Low
Subject 1336,Site 143,0.0,0.0,0.0,0.0,Study 4,cardiology_phase2,96.1,95.5,0.6,Low,Low,Low,Low
Subject 1337,Site 143,0.0,0.0,0.0,0.0,Study 4,cardiology_phase2,96.1,95.5,0.6,Low,Low,Low,Low
Subject 1338,Site 143,0.0,0.0,0.0,0.0,Study 4,cardiology_phase2,96.1,95.5,0.6,Low,Low,Low,Low
Subject 1339,Site 143,0.0,0.0,0.0,0.0,Study 4,cardiology_phase2,96.1,95.5,0.6,Low,Low,Low,Low
Subject 1340,Site 143,0.0,0.0,0.0,0.0,Study 4,cardiology_phase2,96.1,95.5,0.6,Low,Low,Low,Low
Subject 1341,Site 143,0.0,0.0,0.0,0.0,Study 4,cardiology_phase2,96.1,95.5,0.6,Low,Low,Low,Low
Subject 1342,Site 143,0.0,0.0,0.0,37.0,Study 4,cardiology_phase2,76.9,85.5,-8.6,Medium,Low,Medium,Medium
Subject 1343,Site 143,0.0,0.0,0.0,21.0,Study 4,cardiology_phase2,76.9,85.5,-8.6,Medium,Low,Medium,Medium
Subject 1344,Site 143,0.0,0.0,0.0,0.0,Study 4,cardiology_phase2,96.1,95.5,0.6,Low,Low,Low,Low
Subject 1345,Site 143,0.0,0.0,0.0,2.0,Study 4,cardiology_phase2,92.3,93.5,-1.2,Low,Low,Low,Low
Subject 1346,Site 143,0.0,0.0,0.0,0.0,Study 4,cardiology_phase2,96.1,95.5,0.6,Low,Low,Low,Low
Subject 1347,Site 143,0.0,0.0,0.0,0.0,Study 4,cardiology_phase2,96.1,95.5,0.6,Low,Low,Low,Low
Subject 1348,Site 143,0.0,0.0,0.0,4.0,Study 4,cardiology_phase2,88.4,91.5,-3.1,Low,Low,Low,Low
Subject 1349,Site 143,0.0,0.0,0.0,0.0,Study 4,cardiology_phase2,96.1,95.5,0.6,Low,Low,Low,Low
Subject 1350,Site 143,0.0,0.0,0.0,0.0,Study 4,cardiology_phase2,96.1,95.5,0.6,Low,Low,Low,Low
Subject 1351,Site 143,0.0,0.0,0.0,0.0,Study 4,cardiology_phase2,96.1,95.5,0.6,Low,Low,Low,Low
Subject 1352,Site 141,0.0,0.0,0.0,0.0,Study 4,cardiology_phase2,96.1,95.5,0.6,Low,Low,Low,Low
Subject 1353,Site 141,0.0,0.0,0.0,5.0,Study 4,cardiology_phase2,86.5,90.5,-4.0,Low,Low,Low,Low
Subject 1354,Site 141,0.0,0.0,0.0,0.0,Study 4,cardiology_phase2,96.1,95.5,0.6,Low,Low,Low,Low
Subject 1355,Site 144,0.0,0.0,0.0,0.0,Study 4,cardiology_phase2,96.1,95.5,0.6,Low,Low,Low,Low
Subject 1356,Site 144,0.0,0.0,0.0,0.0,Study 4,cardiology_phase2,96.1,95.5,0.6,Low,Low,Low,Low
Subject 1357,Site 144,0.0,0.0,0.0,0.0,Study 4,cardiology_phase2,96.1,95.5,0.6,Low,Low,Low,Low
Subject 1358,Site 144,0.0,0.0,0.0,0.0,Study 4,cardiology_phase2,96.1,95.5,0.6,Low,Low,Low,Low
Subject 1359,Site 144,0.0,0.0,0.0,0.0,Study 4,cardiology_phase2,96.1,95.5,0.6,Low,Low,Low,Low
Subject 1360,Site 144,0.0,0.0,0.0,0.0,Study 4,cardiology_phase2,96.1,95.5,0.6,Low,Low,Low,Low
Subject 1361,Site 144,0.0,0.0,0.0,0.0,Study 4,cardiology_phase2,96.1,95.5,0.6,Low,Low,Low,Low
Subject 1362,Site 144,0.0,0.0,0.0,0.0,Study 4,cardiology_phase2,96.1,95.5,0.6,Low,Low,Low,Low
Subject 1363,Site 144,0.0,0.0,0.0,0.0,Study 4,cardiology_phase2,96.1,95.5,0.6,Low,Low,Low,Low
Subject 1364,Site 144,0.0,0.0,0.0,0.0,Study 4,cardiology_phase2,96.1,95.5,0.6,Low,Low,Low,Low
Subject 1365,Site 145,0.0,0.0,0.0,0.0,Study 4,cardiology_phase2,96.1,95.5,0.6,Low,Low,Low,Low
Subject 1366,Site 145,0.0,0.0,0.0,0.0,Study 4,cardiology_phase2,96.1,95.5,0.6,Low,Low,Low,Low
Subject 1367,Site 145,0.0,0.0,0.0,0.0,Study 4,cardiology_phase2,96.1,95.5,0.6,Low,Low,Low,Low
Subject 1368,Site 145,0.0,0.0,0.0,5.0,Study 4,cardiology_phase2,86.5,90.5,-4.0,Low,Low,Low,Low
Subject 1369,Site 145,0.0,0.0,0.0,1.0,Study 4,cardiology_phase2,94.2,94.5,-0.3,Low,Low,Low,Low
Subject 1370,Site 145,0.0,0.0,0.0,5.0,Study 4,cardiology_phase2,86.5,90.5,-4.0,Low,Low,Low,Low
Subject 1371,Site 145,0.0,0.0,0.0,0.0,Study 4,cardiology_phase2,96.1,95.5,0.6,Low,Low,Low,Low
Subject 1372,Site 145,0.0,0.0,0.0,0.0,Study 4,cardiology_phase2,96.1,95.5,0.6,Low,Low,Low,Low
Subject 1373,Site 146,0.0,0.0,0.0,30.0,Study 4,cardiology_phase2,76.9,85.5,-8.6,Medium,Low,Medium,Medium
Subject 1374,Site 146,0.0,0.0,0.0,0.0,Study 4,cardiology_phase2,96.1,95.5,0.6,Low,Low,Low,Low
Subject 1375,Site 146,0.0,0.0,0.0,0.0,Study 4,cardiology_phase2,96.1,95.5,0.6,Low,Low,Low,Low
Subject 1376,Site 146,0.0,0.0,0.0,30.0,Study 4,cardiology_phase2,76.9,85.5,-8.6,Medium,Low,Medium,Medium
Subject 1377,Site 146,0.0,0.0,0.0,0.0,Study 4,cardiology_phase2,96.1,95.5,0.6,Low,Low,Low,Low
Subject 1378,Site 146,0.0,0.0,0.0,0.0,Study 4,cardiology_phase2,96.1,95.5,0.6,Low,Low,Low,Low
Subject 1379,Site 146,0.0,0.0,0.0,2.0,Study 4,cardiology_phase2,92.3,93.5,-1.2,Low,Low,Low,Low
Subject 1380,Site 146,0.0,0.0,0.0,18.0,Study 4,cardiology_phase2,76.9,85.5,-8.6,Medium,Low,Medium,Medium
Subject 1381,Site 146,0.0,0.0,0.0,0.0,Study 4,cardiology_phase2,96.1,95.5,0.6,Low,Low,Low,Low
Subject 1382,Site 146,0.0,0.0,0.0,0.0,Study 4,cardiology_phase2,96.1,95.5,0.6,Low,Low,Low,Low
Subject 1383,Site 146,0.0,0.0,0.0,0.0,Study 4,cardiology_phase2,96.1,95.5,0.6,Low,Low,Low,Low
Subject 1384,Site 146,0.0,0.0,0.0,0.0,Study 4,cardiology_phase2,96.1,95.5,0.6,Low,Low,Low,Low
Subject 1385,Site 146,0.0,0.0,0.0,29.0,Study 4,cardiology_phase2,76.9,85.5,-8.6,Medium,Low,Medium,Medium
Subject 1386,Site 146,0.0,0.0,0.0,0.0,Study 4,cardiology_phase2,96.1,95.5,0.6,Low,Low,Low,Low
Subject 1387,Site 146,0.0,0.0,0.0,0.0,Study 4,cardiology_phase2,96.1,95.5,0.6,Low,Low,Low,Low
Subject 1388,Site 146,0.0,0.0,0.0,0.0,Study 4,cardiology_phase2,96.1,95.5,0.6,Low,Low,Low,Low
Subject 1389,Site 147,0.0,0.0,0.0,7.0,Study 4,cardiology_phase2,82.7,88.5,-5.8,Medium,Low,Medium,Medium
Subject 1390,Site 147,0.0,0.0,0.0,0.0,Study 4,cardiology_phase2,96.1,95.5,0.6,Low,Low,Low,Low
Subject 1391,Site 147,0.0,0.0,0.0,0.0,Study 4,cardiology_phase2,96.1,95.5,0.6,Low,Low,Low,Low
Subject 1392,Site 147,0.0,0.0,0.0,2.0,Study 4,cardiology_phase2,92.3,93.5,-1.2,Low,Low,Low,Low
Subject 1393,Site 148,0.0,0.0,0.0,27.0,Study 4,cardiology_phase2,76.9,85.5,-8.6,Medium,Low,Medium,Medium
Subject 1394,Site 148,0.0,0.0,0.0,20.0,Study 4,cardiology_phase2,76.9,85.5,-8.6,Medium,Low,Medium,Medium
Subject 1395,Site 148,0.0,0.0,0.0,0.0,Study 4,cardiology_phase2,96.1,95.5,0.6,Low,Low,Low,Low
Subject 1396,Site 148,0.0,0.0,0.0,11.0,Study 4,cardiology_phase2,76.9,85.5,-8.6,Medium,Low,Medium,Medium
Subject 1397,Site 148,0.0,0.0,0.0,0.0,Study 4,cardiology_phase2,96.1,95.5,0.6,Low,Low,Low,Low
Subject 1398,Site 148,0.0,0.0,0.0,4.0,Study 4,cardiology_phase2,88.4,91.5,-3.1,Low,Low,Low,Low
Subject 1399,Site 148,0.0,0.0,0.0,0.0,Study 4,cardiology_phase2,96.1,95.5,0.6,Low,Low,Low,Low
Subject 1400,Site 148,0.0,0.0,0.0,41.0,Study 4,cardiology_phase2,76.9,85.5,-8.6,Medium,Low,Medium,Medium
Subject 1401,Site 149,0.0,0.0,0.0,6.0,Study 4,cardiology_phase2,84.6,89.5,-4.9,Medium,Low,Medium,Medium
Subject 1402,Site 149,0.0,0.0,0.0,11.0,Study 4,cardiology_phase2,76.9,85.5,-8.6,Medium,Low,Medium,Medium
Subject 1403,Site 149,0.0,0.0,0.0,19.0,Study 4,cardiology_phase2,76.9,85.5,-8.6,Medium,Low,Medium,Medium
Subject 1404,Site 149,0.0,0.0,0.0,22.0,Study 4,cardiology_phase2,76.9,85.5,-8.6,Medium,Low,Medium,Medium
Subject 1405,Site 149,0.0,0.0,0.0,7.0,Study 4,cardiology_phase2,82.7,88.5,-5.8,Medium,Low,Medium,Medium
Subject 1406,Site 149,0.0,0.0,0.0,7.0,Study 4,cardiology_phase2,82.7,88.5,-5.8,Medium,Low,Medium,Medium
Subject 1407,Site 149,0.0,0.0,0.0,6.0,Study 4,cardiology_phase2,84.6,89.5,-4.9,Medium,Low,Medium,Medium
Subject 1408,Site 150,0.0,0.0,0.0,36.0,Study 4,cardiology_phase2,76.9,85.5,-8.6,Medium,Low,Medium,Medium
Subject 1409,Site 150,0.0,0.0,0.0,95.0,Study 4,cardiology_phase2,76.9,85.5,-8.6,Medium,Low,Medium,Medium
Subject 1410,Site 150,0.0,0.0,0.0,20.0,Study 4,cardiology_phase2,76.9,85.5,-8.6,Medium,Low,Medium,Medium
Subject 1411,Site 150,0.0,0.0,0.0,33.0,Study 4,cardiology_phase2,76.9,85.5,-8.6,Medium,Low,Medium,Medium
Subject 1412,Site 151,0.0,0.0,0.0,0.0,Study 4,cardiology_phase2,96.1,95.5,0.6,Low,Low,Low,Low
Subject 1413,Site 151,0.0,0.0,0.0,6.0,Study 4,cardiology_phase2,84.6,89.5,-4.9,Medium,Low,Medium,Medium
Subject 1414,Site 151,0.0,0.0,0.0,1.0,Study 4,cardiology_phase2,94.2,94.5,-0.3,Low,Low,Low,Low
Subject 1415,Site 151,0.0,0.0,0.0,13.0,Study 4,cardiology_phase2,76.9,85.5,-8.6,Medium,Low,Medium,Medium
Subject 1416,Site 152,0.0,0.0,0.0,0.0,Study 4,cardiology_phase2,96.1,95.5,0.6,Low,Low,Low,Low
Subject 1417,Site 153,0.0,0.0,0.0,4.0,Study 4,cardiology_phase2,88.4,91.5,-3.1,Low,Low,Low,Low
Subject 1418,Site 153,0.0,0.0,0.0,0.0,Study 4,cardiology_phase2,96.1,95.5,0.6,Low,Low,Low,Low
Subject 1419,Site 153,0.0,0.0,0.0,0.0,Study 4,cardiology_phase2,96.1,95.5,0.6,Low,Low,Low,Low
Subject 1420,Site 153,0.0,0.0,0.0,0.0,Study 4,cardiology_phase2,96.1,95.5,0.6,Low,Low,Low,Low
Subject 1421,Site 154,0.0,0.0,0.0,0.0,Study 4,cardiology_phase2,96.1,95.5,0.6,Low,Low,Low,Low
Subject 1422,Site 154,0.0,0.0,0.0,0.0,Study 4,cardiology_phase2,96.1,95.5,0.6,Low,Low,Low,Low
Subject 1423,Site 154,0.0,0.0,0.0,15.0,Study 4,cardiology_phase2,76.9,85.5,-8.6,Medium,Low,Medium,Medium
Subject 1424,Site 154,0.0,0.0,0.0,2.0,Study 4,cardiology_phase2,92.3,93.5,-1.2,Low,Low,Low,Low
Subject 1425,Site 154,0.0,0.0,0.0,19.0,Study 4,cardiology_phase2,76.9,85.5,-8.6,Medium,Low,Medium,Medium
Subject 1426,Site 154,0.0,0.0,0.0,0.0,Study 4,cardiology_phase2,96.1,95.5,0.6,Low,Low,Low,Low
Subject 1427,Site 155,0.0,0.0,0.0,0.0,Study 4,cardiology_phase2,96.1,95.5,0.6,Low,Low,Low,Low
Subject 1428,Site 155,0.0,0.0,0.0,7.0,Study 4,cardiology_phase2,82.7,88.5,-5.8,Medium,Low,Medium,Medium
Subject 1429,Site 155,0.0,0.0,0.0,0.0,Study 4,cardiology_phase2,96.1,95.5,0.6,Low,Low,Low,Low
Subject 1430,Site 155,0.0,0.0,0.0,0.0,Study 4,cardiology_phase2,96.1,95.5,0.6,Low,Low,Low,Low
Subject 1431,Site 156,0.0,0.0,0.0,9.0,Study 4,cardiology_phase2,78.8,86.5,-7.7,Medium,Low,Medium,Medium
Subject 1432,Site 156,0.0,0.0,0.0,1.0,Study 4,cardiology_phase2,94.2,94.5,-0.3,Low,Low,Low,Low
Subject 1433,Site 156,0.0,0.0,0.0,8.0,Study 4,cardiology_phase2,80.8,87.5,-6.7,Medium,Low,Medium,Medium
Subject 1434,Site 156,0.0,0.0,0.0,0.0,Study 4,cardiology_phase2,96.1,95.5,0.6,Low,Low,Low,Low
Subject 1435,Site 156,0.0,0.0,0.0,0.0,Study 4,cardiology_phase2,96.1,95.5,0.6,Low,Low,Low,Low
Subject 1436,Site 156,0.0,0.0,0.0,4.0,Study 4,cardiology_phase2,88.4,91.5,-3.1,Low,Low,Low,Low
Subject 1437,Site 156,0.0,0.0,0.0,0.0,Study 4,cardiology_phase2,96.1,95.5,0.6,Low,Low,Low,Low
Subject 1438,Site 156,0.0,0.0,0.0,0.0,Study 4,cardiology_phase2,96.1,95.5,0.6,Low,Low,Low,Low
Subject 1439,Site 157,0.0,0.0,0.0,4.0,Study 4,cardiology_phase2,88.4,91.5,-3.1,Low,Low,Low,Low
Subject 1440,Site 157,0.0,0.0,0.0,6.0,Study 4,cardiology_phase2,84.6,89.5,-4.9,Medium,Low,Medium,Medium
Subject 1441,Site 157,0.0,0.0,0.0,3.0,Study 4,cardiology_phase2,90.4,92.5,-2.1,Low,Low,Low,Low
Subject 1442,Site 158,0.0,0.0,0.0,10.0,Study 4,cardiology_phase2,76.9,85.5,-8.6,Medium,Low,Medium,Medium
Subject 1443,Site 158,0.0,0.0,0.0,1.0,Study 4,cardiology_phase2,94.2,94.5,-0.3,Low,Low,Low,Low
Subject 1444,Site 158,0.0,0.0,0.0,0.0,Study 4,cardiology_phase2,96.1,95.5,0.6,Low,Low,Low,Low
Subject 1445,Site 158,0.0,0.0,0.0,12.0,Study 4,cardiology_phase2,76.9,85.5,-8.6,Medium,Low,Medium,Medium
Subject 1446,Site 158,0.0,0.0,0.0,0.0,Study 4,cardiology_phase2,96.1,95.5,0.6,Low,Low,Low,Low
Subject 1447,Site 158,0.0,0.0,0.0,2.0,Study 4,cardiology_phase2,92.3,93.5,-1.2,Low,Low,Low,Low
Subject 1448,Site 159,0.0,0.0,0.0,0.0,Study 4,cardiology_phase2,96.1,95.5,0.6,Low,Low,Low,Low
Subject 1449,Site 159,0.0,0.0,0.0,8.0,Study 4,cardiology_phase2,80.8,87.5,-6.7,Medium,Low,Medium,Medium
Subject 1450,Site 159,0.0,0.0,0.0,5.0,Study 4,cardiology_phase2,86.5,90.5,-4.0,Low,Low,Low,Low
Subject 1451,Site 159,0.0,0.0,0.0,0.0,Study 4,cardiology_phase2,96.1,95.5,0.6,Low,Low,Low,Low
Subject 1452,Site 159,0.0,0.0,0.0,6.0,Study 4,cardiology_phase2,84.6,89.5,-4.9,Medium,Low,Medium,Medium
Subject 1453,Site 160,0.0,0.0,0.0,0.0,Study 4,cardiology_phase2,96.1,95.5,0.6,Low,Low,Low,Low
Subject 1454,Site 160,0.0,0.0,0.0,0.0,Study 4,cardiology_phase2,96.1,95.5,0.6,Low,Low,Low,Low
Subject 1455,Site 160,0.0,0.0,0.0,0.0,Study 4,cardiology_phase2,96.1,95.5,0.6,Low,Low,Low,Low
Subject 1456,Site 161,0.0,0.0,0.0,2.0,Study 4,cardiology_phase2,92.3,93.5,-1.2,Low,Low,Low,Low
Subject 1457,Site 161,0.0,0.0,0.0,7.0,Study 4,cardiology_phase2,82.7,88.5,-5.8,Medium,Low,Medium,Medium
Subject 1458,Site 161,0.0,0.0,0.0,15.0,Study 4,cardiology_phase2,76.9,85.5,-8.6,Medium,Low,Medium,Medium
Subject 1459,Site 162,0.0,0.0,0.0,7.0,Study 4,cardiology_phase2,82.7,88.5,-5.8,Medium,Low,Medium,Medium
Subject 1460,Site 162,0.0,0.0,0.0,0.0,Study 4,cardiology_phase2,96.1,95.5,0.6,Low,Low,Low,Low
Subject 1461,Site 162,0.0,0.0,0.0,0.0,Study 4,cardiology_phase2,96.1,95.5,0.6,Low,Low,Low,Low
Subject 1462,Site 162,0.0,0.0,0.0,0.0,Study 4,cardiology_phase2,96.1,95.5,0.6,Low,Low,Low,Low
Subject 1463,Site 162,0.0,0.0,0.0,0.0,Study 4,cardiology_phase2,96.1,95.5,0.6,Low,Low,Low,Low
Subject 1464,Site 162,0.0,0.0,0.0,0.0,Study 4,cardiology_phase2,96.1,95.5,0.6,Low,Low,Low,Low
Subject 1465,Site 162,0.0,0.0,0.0,1.0,Study 4,cardiology_phase2,94.2,94.5,-0.3,Low,Low,Low,Low
Subject 1466,Site 162,0.0,0.0,0.0,0.0,Study 4,cardiology_phase2,96.1,95.5,0.6,Low,Low,Low,Low
Subject 1467,Site 162,0.0,0.0,0.0,0.0,Study 4,cardiology_phase2,96.1,95.5,0.6,Low,Low,Low,Low
Subject 1468,Site 162,0.0,0.0,0.0,0.0,Study 4,cardiology_phase2,96.1,95.5,0.6,Low,Low,Low,Low
Subject 1469,Site 162,0.0,0.0,0.0,0.0,Study 4,cardiology_phase2,96.1,95.5,0.6,Low,Low,Low,Low
Subject 1470,Site 162,0.0,0.0,0.0,0.0,Study 4,cardiology_phase2,96.1,95.5,0.6,Low,Low,Low,Low
Subject 1471,Site 162,0.0,0.0,0.0,9.0,Study 4,cardiology_phase2,78.8,86.5,-7.7,Medium,Low,Medium,Medium
Subject 1472,Site 162,0.0,0.0,0.0,0.0,Study 4,cardiology_phase2,96.1,95.5,0.6,Low,Low,Low,Low
Subject 1473,Site 162,0.0,0.0,0.0,0.0,Study 4,cardiology_phase2,96.1,95.5,0.6,Low,Low,Low,Low
Subject 1474,Site 162,0.0,0.0,0.0,0.0,Study 4,cardiology_phase2,96.1,95.5,0.6,Low,Low,Low,Low
Subject 1475,Site 162,0.0,0.0,0.0,1.0,Study 4,cardiology_phase2,94.2,94.5,-0.3,Low,Low,Low,Low
Subject 1476,Site 162,0.0,0.0,0.0,0.0,Study 4,cardiology_phase2,96.1,95.5,0.6,Low,Low,Low,Low
Subject 23,Site 13,0.0,0.0,0.0,0.0,Study 4,cardiology_phase2,96.1,95.5,0.6,Low,Low,Low,Low
Subject 24,Site 13,0.0,0.0,0.0,25.0,Study 4,cardiology_phase2,76.9,85.5,-8.6,Medium,Low,Medium,Medium
Subject 637,Site 13,0.0,0.0,0.0,5.0,Study 4,cardiology_phase2,86.5,90.5,-4.0,Low,Low,Low,Low
Subject 1477,Site 13,0.0,0.0,0.0,0.0,Study 4,cardiology_phase2,96.1,95.5,0.6,Low,Low,Low,Low
Subject 1478,Site 13,0.0,0.0,0.0,3.0,Study 4,cardiology_phase2,90.4,92.5,-2.1,Low,Low,Low,Low
Subject 1479,Site 13,0.0,0.0,0.0,0.0,Study 4,cardiology_phase2,96.1,95.5,0.6,Low,Low,Low,Low
Subject 1480,Site 13,0.0,0.0,0.0,41.0,Study 4,cardiology_phase2,76.9,85.5,-8.6,Medium,Low,Medium,Medium
Subject 1481,Site 13,0.0,0.0,0.0,0.0,Study 4,cardiology_phase2,96.1,95.5,0.6,Low,Low,Low,Low
Subject 1482,Site 13,0.0,0.0,0.0,13.0,Study 4,cardiology_phase2,76.9,85.5,-8.6,Medium,Low,Medium,Medium
Subject 1483,Site 13,0.0,0.0,0.0,2.0,Study 4,cardiology_phase2,92.3,93.5,-1.2,Low,Low,Low,Low
Subject 1484,Site 13,0.0,0.0,0.0,5.0,Study 4,cardiology_phase2,86.5,90.5,-4.0,Low,Low,Low,Low
Subject 1485,Site 13,0.0,0.0,0.0,17.0,Study 4,cardiology_phase2,76.9,85.5,-8.6,Medium,Low,Medium,Medium
Subject 25,Site 14,0.0,0.0,0.0,1.0,Study 4,cardiology_phase2,94.2,94.5,-0.3,Low,Low,Low,Low
Subject 26,Site 14,0.0,0.0,0.0,0.0,Study 4,cardiology_phase2,96.1,95.5,0.6,Low,Low,Low,Low
Subject 27,Site 14,0.0,0.0,0.0,0.0,Study 4,cardiology_phase2,96.1,95.5,0.6,Low,Low,Low,Low
Subject 39,Site 15,0.0,0.0,0.0,16.0,Study 4,cardiology_phase2,76.9,85.5,-8.6,Medium,Low,Medium,Medium
Subject 40,Site 15,0.0,0.0,0.0,0.0,Study 4,cardiology_phase2,96.1,95.5,0.6,Low,Low,Low,Low
Subject 41,Site 15,0.0,0.0,0.0,0.0,Study 4,cardiology_phase2,96.1,95.5,0.6,Low,Low,Low,Low
Subject 55,Site 16,0.0,0.0,0.0,7.0,Study 4,cardiology_phase2,82.7,88.5,-5.8,Medium,Low,Medium,Medium
Subject 56,Site 16,0.0,0.0,0.0,0.0,Study 4,cardiology_phase2,96.1,95.5,0.6,Low,Low,Low,Low
Subject 57,Site 16,0.0,0.0,0.0,2.0,Study 4,cardiology_phase2,92.3,93.5,-1.2,Low,Low,Low,Low
Subject 58,Site 16,0.0,0.0,0.0,2.0,Study 4,cardiology_phase2,92.3,93.5,-1.2,Low,Low,Low,Low
Subject 59,Site 16,0.0,0.0,0.0,0.0,Study 4,cardiology_phase2,96.1,95.5,0.6,Low,Low,Low,Low
Subject 647,Site 91,0.0,0.0,0.0,9.0,Study 4,cardiology_phase2,78.8,86.5,-7.7,Medium,Low,Medium,Medium
Subject 648,Site 91,0.0,0.0,0.0,8.0,Study 4,cardiology_phase2,80.8,87.5,-6.7,Medium,Low,Medium,Medium
Subject 649,Site 91,0.0,0.0,0.0,3.0,Study 4,cardiology_phase2,90.4,92.5,-2.1,Low,Low,Low,Low
Subject 1486,Site 91,0.0,0.0,0.0,0.0,Study 4,cardiology_phase2,96.1,95.5,0.6,Low,Low,Low,Low
Subject 1487,Site 91,0.0,0.0,0.0,0.0,Study 4,cardiology_phase2,96.1,95.5,0.6,Low,Low,Low,Low
Subject 1488,Site 91,0.0,0.0,0.0,23.0,Study 4,cardiology_phase2,76.9,85.5,-8.6,Medium,Low,Medium,Medium
Subject 1489,Site 91,0.0,0.0,0.0,2.0,Study 4,cardiology_phase2,92.3,93.5,-1.2,Low,Low,Low,Low
Subject 1490,Site 91,0.0,0.0,0.0,0.0,Study 4,cardiology_phase2,96.1,95.5,0.6,Low,Low,Low,Low
Subject 1491,Site 91,0.0,0.0,0.0,0.0,Study 4,cardiology_phase2,96.1,95.5,0.6,Low,Low,Low,Low
Subject 1492,Site 91,0.0,0.0,0.0,15.0,Study 4,cardiology_phase2,76.9,85.5,-8.6,Medium,Low,Medium,Medium
Subject 1493,Site 91,0.0,0.0,0.0,8.0,Study 4,cardiology_phase2,80.8,87.5,-6.7,Medium,Low,Medium,Medium
Subject 1494,Site 91,0.0,0.0,0.0,0.0,Study 4,cardiology_phase2,96.1,95.5,0.6,Low,Low,Low,Low
Subject 1495,Site 91,0.0,0.0,0.0,7.0,Study 4,cardiology_phase2,82.7,88.5,-5.8,Medium,Low,Medium,Medium
Subject 650,Site 92,0.0,0.0,0.0,7.0,Study 4,cardiology_phase2,82.7,88.5,-5.8,Medium,Low,Medium,Medium
Subject 651,Site 92,0.0,0.0,0.0,0.0,Study 4,cardiology_phase2,96.1,95.5,0.6,Low,Low,Low,Low
Subject 652,Site 92,0.0,0.0,0.0,0.0,Study 4,cardiology_phase2,96.1,95.5,0.6,Low,Low,Low,Low
Subject 653,Site 92,0.0,0.0,0.0,6.0,Study 4,cardiology_phase2,84.6,89.5,-4.9,Medium,Low,Medium,Medium
Subject 654,Site 92,0.0,0.0,0.0,5.0,Study 4,cardiology_phase2,86.5,90.5,-4.0,Low,Low,Low,Low
Subject 655,Site 92,0.0,0.0,0.0,0.0,Study 4,cardiology_phase2,96.1,95.5,0.6,Low,Low,Low,Low
Subject 656,Site 92,0.0,0.0,0.0,0.0,Study 4,cardiology_phase2,96.1,95.5,0.6,Low,Low,Low,Low
Subject 657,Site 92,0.0,0.0,0.0,0.0,Study 4,cardiology_phase2,96.1,95.5,0.6,Low,Low,Low,Low
Subject 658,Site 92,0.0,0.0,0.0,2.0,Study 4,cardiology_phase2,92.3,93.5,-1.2,Low,Low,Low,Low
Subject 659,Site 92,0.0,0.0,0.0,0.0,Study 4,cardiology_phase2,96.1,95.5,0.6,Low,Low,Low,Low
Subject 660,Site 92,0.0,0.0,0.0,0.0,Study 4,cardiology_phase2,96.1,95.5,0.6,Low,Low,Low,Low
Subject 661,Site 92,0.0,0.0,0.0,1.0,Study 4,cardiology_phase2,94.2,94.5,-0.3,Low,Low,Low,Low
Subject 662,Site 92,0.0,0.0,0.0,0.0,Study 4,cardiology_phase2,96.1,95.5,0.6,Low,Low,Low,Low
Subject 663,Site 92,0.0,0.0,0.0,0.0,Study 4,cardiology_phase2,96.1,95.5,0.6,Low,Low,Low,Low
Subject 1496,Site 163,0.0,0.0,0.0,1.0,Study 4,cardiology_phase2,94.2,94.5,-0.3,Low,Low,Low,Low
Subject 1497,Site 163,0.0,0.0,0.0,24.0,Study 4,cardiology_phase2,76.9,85.5,-8.6,Medium,Low,Medium,Medium
Subject 1498,Site 164,0.0,0.0,0.0,3.0,Study 4,cardiology_phase2,90.4,92.5,-2.1,Low,Low,Low,Low
Subject 1499,Site 164,0.0,0.0,0.0,31.0,Study 4,cardiology_phase2,76.9,85.5,-8.6,Medium,Low,Medium,Medium
Subject 1500,Site 164,0.0,0.0,0.0,9.0,Study 4,cardiology_phase2,78.8,86.5,-7.7,Medium,Low,Medium,Medium
Subject 1501,Site 164,0.0,0.0,0.0,0.0,Study 4,cardiology_phase2,96.1,95.5,0.6,Low,Low,Low,Low
Subject 1502,Site 164,0.0,0.0,0.0,16.0,Study 4,cardiology_phase2,76.9,85.5,-8.6,Medium,Low,Medium,Medium
Subject 1503,Site 164,0.0,0.0,0.0,63.0,Study 4,cardiology_phase2,76.9,85.5,-8.6,Medium,Low,Medium,Medium
Subject 1504,Site 164,0.0,0.0,0.0,16.0,Study 4,cardiology_phase2,76.9,85.5,-8.6,Medium,Low,Medium,Medium
Subject 1505,Site 164,0.0,0.0,0.0,20.0,Study 4,cardiology_phase2,76.9,85.5,-8.6,Medium,Low,Medium,Medium
Subject 1506,Site 164,0.0,0.0,0.0,3.0,Study 4,cardiology_phase2,90.4,92.5,-2.1,Low,Low,Low,Low
Subject 1507,Site 164,0.0,0.0,0.0,12.0,Study 4,cardiology_phase2,76.9,85.5,-8.6,Medium,Low,Medium,Medium
Subject 1508,Site 164,0.0,0.0,0.0,30.0,Study 4,cardiology_phase2,76.9,85.5,-8.6,Medium,Low,Medium,Medium
Subject 1509,Site 164,0.0,0.0,0.0,9.0,Study 4,cardiology_phase2,78.8,86.5,-7.7,Medium,Low,Medium,Medium
Subject 1510,Site 164,0.0,0.0,0.0,0.0,Study 4,cardiology_phase2,96.1,95.5,0.6,Low,Low,Low,Low
Subject 1511,Site 164,0.0,0.0,0.0,5.0,Study 4,cardiology_phase2,86.5,90.5,-4.0,Low,Low,Low,Low
Subject 1512,Site 165,0.0,0.0,0.0,0.0,Study 4,cardiology_phase2,96.1,95.5,0.6,Low,Low,Low,Low
Subject 1513,Site 165,0.0,0.0,0.0,0.0,Study 4,cardiology_phase2,96.1,95.5,0.6,Low,Low,Low,Low
Subject 1514,Site 166,0.0,0.0,0.0,3.0,Study 4,cardiology_phase2,90.4,92.5,-2.1,Low,Low,Low,Low
Subject 1515,Site 166,0.0,0.0,0.0,28.0,Study 4,cardiology_phase2,76.9,85.5,-8.6,Medium,Low,Medium,Medium
Subject 1516,Site 166,0.0,0.0,0.0,3.0,Study 4,cardiology_phase2,90.4,92.5,-2.1,Low,Low,Low,Low
Subject 1517,Site 166,0.0,0.0,0.0,23.0,Study 4,cardiology_phase2,76.9,85.5,-8.6,Medium,Low,Medium,Medium
Subject 1518,Site 166,0.0,0.0,0.0,16.0,Study 4,cardiology_phase2,76.9,85.5,-8.6,Medium,Low,Medium,Medium
Subject 1519,Site 167,0.0,0.0,0.0,1.0,Study 4,cardiology_phase2,94.2,94.5,-0.3,Low,Low,Low,Low
Subject 1520,Site 168,0.0,0.0,0.0,0.0,Study 4,cardiology_phase2,96.1,95.5,0.6,Low,Low,Low,Low
Subject 1521,Site 168,0.0,0.0,0.0,0.0,Study 4,cardiology_phase2,96.1,95.5,0.6,Low,Low,Low,Low
Subject 1522,Site 168,0.0,0.0,0.0,2.0,Study 4,cardiology_phase2,92.3,93.5,-1.2,Low,Low,Low,Low
Subject 1523,Site 168,0.0,0.0,0.0,0.0,Study 4,cardiology_phase2,96.1,95.5,0.6,Low,Low,Low,Low
Subject 1524,Site 168,0.0,0.0,0.0,0.0,Study 4,cardiology_phase2,96.1,95.5,0.6,Low,Low,Low,Low
Subject 1525,Site 168,0.0,0.0,0.0,3.0,Study 4,cardiology_phase2,90.4,92.5,-2.1,Low,Low,Low,Low
Subject 1526,Site 168,0.0,0.0,0.0,0.0,Study 4,cardiology_phase2,96.1,95.5,0.6,Low,Low,Low,Low
Subject 1527,Site 168,0.0,0.0,0.0,0.0,Study 4,cardiology_phase2,96.1,95.5,0.6,Low,Low,Low,Low
Subject 1528,Site 168,0.0,0.0,0.0,0.0,Study 4,cardiology_phase2,96.1,95.5,0.6,Low,Low,Low,Low
Subject 1529,Site 168,0.0,0.0,0.0,0.0,Study 4,cardiology_phase2,96.1,95.5,0.6,Low,Low,Low,Low
Subject 1530,Site 168,0.0,0.0,0.0,7.0,Study 4,cardiology_phase2,82.7,88.5,-5.8,Medium,Low,Medium,Medium
Subject 1531,Site 168,0.0,0.0,0.0,0.0,Study 4,cardiology_phase2,96.1,95.5,0.6,Low,Low,Low,Low
Subject 1532,Site 168,0.0,0.0,0.0,5.0,Study 4,cardiology_phase2,86.5,90.5,-4.0,Low,Low,Low,Low
Subject 1533,Site 168,0.0,0.0,0.0,8.0,Study 4,cardiology_phase2,80.8,87.5,-6.7,Medium,Low,Medium,Medium
Subject 1534,Site 168,0.0,0.0,0.0,0.0,Study 4,cardiology_phase2,96.1,95.5,0.6,Low,Low,Low,Low
Subject 1535,Site 168,0.0,0.0,0.0,0.0,Study 4,cardiology_phase2,96.1,95.5,0.6,Low,Low,Low,Low
Subject 1536,Site 168,0.0,0.0,0.0,0.0,Study 4,cardiology_phase2,96.1,95.5,0.6,Low,Low,Low,Low
Subject 1537,Site 169,0.0,0.0,0.0,0.0,Study 4,cardiology_phase2,96.1,95.5,0.6,Low,Low,Low,Low
Subject 1538,Site 169,0.0,0.0,0.0,0.0,Study 4,cardiology_phase2,96.1,95.5,0.6,Low,Low,Low,Low
Subject 1539,Site 170,0.0,0.0,0.0,0.0,Study 4,cardiology_phase2,96.1,95.5,0.6,Low,Low,Low,Low
Subject 1540,Site 170,0.0,0.0,0.0,0.0,Study 4,cardiology_phase2,96.1,95.5,0.6,Low,Low,Low,Low
Subject 1541,Site 170,0.0,0.0,0.0,18.0,Study 4,cardiology_phase2,76.9,85.5,-8.6,Medium,Low,Medium,Medium
Subject 1542,Site 170,0.0,0.0,0.0,4.0,Study 4,cardiology_phase2,88.4,91.5,-3.1,Low,Low,Low,Low
Subject 1543,Site 170,0.0,0.0,0.0,16.0,Study 4,cardiology_phase2,76.9,85.5,-8.6,Medium,Low,Medium,Medium
Subject 1544,Site 170,0.0,0.0,0.0,8.0,Study 4,cardiology_phase2,80.8,87.5,-6.7,Medium,Low,Medium,Medium
Subject 1545,Site 170,0.0,0.0,0.0,0.0,Study 4,cardiology_phase2,96.1,95.5,0.6,Low,Low,Low,Low
Subject 1546,Site 170,0.0,0.0,0.0,3.0,Study 4,cardiology_phase2,90.4,92.5,-2.1,Low,Low,Low,Low
Subject 1547,Site 171,0.0,0.0,0.0,10.0,Study 4,cardiology_phase2,76.9,85.5,-8.6,Medium,Low,Medium,Medium
Subject 1548,Site 171,0.0,0.0,0.0,2.0,Study 4,cardiology_phase2,92.3,93.5,-1.2,Low,Low,Low,Low
Subject 1549,Site 171,0.0,0.0,0.0,0.0,Study 4,cardiology_phase2,96.1,95.5,0.6,Low,Low,Low,Low
Subject 1550,Site 171,0.0,0.0,0.0,0.0,Study 4,cardiology_phase2,96.1,95.5,0.6,Low,Low,Low,Low
Subject 1551,Site 171,0.0,0.0,0.0,4.0,Study 4,cardiology_phase2,88.4,91.5,-3.1,Low,Low,Low,Low
Subject 1552,Site 171,0.0,0.0,0.0,0.0,Study 4,cardiology_phase2,96.1,95.5,0.6,Low,Low,Low,Low
Subject 1553,Site 171,0.0,0.0,0.0,0.0,Study 4,cardiology_phase2,96.1,95.5,0.6,Low,Low,Low,Low
Subject 1554,Site 171,0.0,0.0,0.0,0.0,Study 4,cardiology_phase2,96.1,95.5,0.6,Low,Low,Low,Low
Subject 1555,Site 171,0.0,0.0,0.0,3.0,Study 4,cardiology_phase2,90.4,92.5,-2.1,Low,Low,Low,Low
Subject 1556,Site 171,0.0,0.0,0.0,0.0,Study 4,cardiology_phase2,96.1,95.5,0.6,Low,Low,Low,Low
Subject 1557,Site 171,0.0,0.0,0.0,0.0,Study 4,cardiology_phase2,96.1,95.5,0.6,Low,Low,Low,Low
Subject 1558,Site 171,0.0,0.0,0.0,0.0,Study 4,cardiology_phase2,96.1,95.5,0.6,Low,Low,Low,Low
Subject 1559,Site 171,0.0,0.0,0.0,3.0,Study 4,cardiology_phase2,90.4,92.5,-2.1,Low,Low,Low,Low
Subject 1560,Site 171,0.0,0.0,0.0,0.0,Study 4,cardiology_phase2,96.1,95.5,0.6,Low,Low,Low,Low
Subject 1561,Site 171,0.0,0.0,0.0,0.0,Study 4,cardiology_phase2,96.1,95.5,0.6,Low,Low,Low,Low
Subject 1562,Site 171,0.0,0.0,0.0,0.0,Study 4,cardiology_phase2,96.1,95.5,0.6,Low,Low,Low,Low
Subject 1563,Site 171,0.0,0.0,0.0,0.0,Study 4,cardiology_phase2,96.1,95.5,0.6,Low,Low,Low,Low
Subject 1564,Site 171,0.0,0.0,0.0,0.0,Study 4,cardiology_phase2,96.1,95.5,0.6,Low,Low,Low,Low
Subject 1565,Site 171,0.0,0.0,0.0,0.0,Study 4,cardiology_phase2,96.1,95.5,0.6,Low,Low,Low,Low
Subject 1566,Site 172,0.0,0.0,0.0,0.0,Study 4,cardiology_phase2,96.1,95.5,0.6,Low,Low,Low,Low
Subject 1567,Site 172,0.0,0.0,0.0,1.0,Study 4,cardiology_phase2,94.2,94.5,-0.3,Low,Low,Low,Low
Subject 1568,Site 172,0.0,0.0,0.0,5.0,Study 4,cardiology_phase2,86.5,90.5,-4.0,Low,Low,Low,Low
Subject 1569,Site 172,0.0,0.0,0.0,0.0,Study 4,cardiology_phase2,96.1,95.5,0.6,Low,Low,Low,Low
Subject 1570,Site 173,0.0,0.0,0.0,4.0,Study 4,cardiology_phase2,88.4,91.5,-3.1,Low,Low,Low,Low
Subject 1571,Site 173,0.0,0.0,0.0,15.0,Study 4,cardiology_phase2,76.9,85.5,-8.6,Medium,Low,Medium,Medium
Subject 1572,Site 173,0.0,0.0,0.0,16.0,Study 4,cardiology_phase2,76.9,85.5,-8.6,Medium,Low,Medium,Medium
Subject 1573,Site 173,0.0,0.0,0.0,15.0,Study 4,cardiology_phase2,76.9,85.5,-8.6,Medium,Low,Medium,Medium
Subject 1574,Site 173,0.0,0.0,0.0,2.0,Study 4,cardiology_phase2,92.3,93.5,-1.2,Low,Low,Low,Low
Subject 1575,Site 173,0.0,0.0,0.0,2.0,Study 4,cardiology_phase2,92.3,93.5,-1.2,Low,Low,Low,Low
Subject 1576,Site 173,0.0,0.0,0.0,22.0,Study 4,cardiology_phase2,76.9,85.5,-8.6,Medium,Low,Medium,Medium
Subject 1577,Site 174,0.0,0.0,0.0,0.0,Study 4,cardiology_phase2,96.1,95.5,0.6,Low,Low,Low,Low
Subject 1578,Site 174,0.0,0.0,0.0,0.0,Study 4,cardiology_phase2,96.1,95.5,0.6,Low,Low,Low,Low
Subject 1579,Site 174,0.0,0.0,0.0,44.0,Study 4,cardiology_phase2,76.9,85.5,-8.6,Medium,Low,Medium,Medium
Subject 1580,Site 174,0.0,0.0,0.0,5.0,Study 4,cardiology_phase2,86.5,90.5,-4.0,Low,Low,Low,Low
Subject 1581,Site 174,0.0,0.0,0.0,4.0,Study 4,cardiology_phase2,88.4,91.5,-3.1,Low,Low,Low,Low
Subject 1582,Site 174,0.0,0.0,0.0,26.0,Study 4,cardiology_phase2,76.9,85.5,-8.6,Medium,Low,Medium,Medium
Subject 1583,Site 174,0.0,0.0,0.0,0.0,Study 4,cardiology_phase2,96.1,95.5,0.6,Low,Low,Low,Low
Subject 1584,Site 174,0.0,0.0,0.0,1.0,Study 4,cardiology_phase2,94.2,94.5,-0.3,Low,Low,Low,Low
Subject 1585,Site 174,0.0,0.0,0.0,0.0,Study 4,cardiology_phase2,96.1,95.5,0.6,Low,Low,Low,Low
Subject 1586,Site 174,0.0,0.0,0.0,5.0,Study 4,cardiology_phase2,86.5,90.5,-4.0,Low,Low,Low,Low
Subject 1587,Site 174,0.0,0.0,0.0,21.0,Study 4,cardiology_phase2,76.9,85.5,-8.6,Medium,Low,Medium,Medium
Subject 1588,Site 174,0.0,0.0,0.0,5.0,Study 4,cardiology_phase2,86.5,90.5,-4.0,Low,Low,Low,Low
Subject 1589,Site 174,0.0,0.0,0.0,7.0,Study 4,cardiology_phase2,82.7,88.5,-5.8,Medium,Low,Medium,Medium
Subject 1590,Site 174,0.0,0.0,0.0,18.0,Study 4,cardiology_phase2,76.9,85.5,-8.6,Medium,Low,Medium,Medium
Subject 1591,Site 175,0.0,0.0,0.0,75.0,Study 4,cardiology_phase2,76.9,85.5,-8.6,Medium,Low,Medium,Medium
Subject 1592,Site 176,0.0,0.0,0.0,0.0,Study 4,cardiology_phase2,96.1,95.5,0.6,Low,Low,Low,Low
Subject 1593,Site 177,0.0,0.0,0.0,6.0,Study 4,cardiology_phase2,84.6,89.5,-4.9,Medium,Low,Medium,Medium
Subject 1594,Site 177,0.0,0.0,0.0,17.0,Study 4,cardiology_phase2,76.9,85.5,-8.6,Medium,Low,Medium,Medium
Subject 1595,Site 177,0.0,0.0,0.0,7.0,Study 4,cardiology_phase2,82.7,88.5,-5.8,Medium,Low,Medium,Medium
Subject 1596,Site 177,0.0,0.0,0.0,7.0,Study 4,cardiology_phase2,82.7,88.5,-5.8,Medium,Low,Medium,Medium
Subject 1597,Site 177,0.0,0.0,0.0,0.0,Study 4,cardiology_phase2,96.1,95.5,0.6,Low,Low,Low,Low
Subject 1598,Site 177,0.0,0.0,0.0,21.0,Study 4,cardiology_phase2,76.9,85.5,-8.6,Medium,Low,Medium,Medium
Subject 1599,Site 177,0.0,0.0,0.0,0.0,Study 4,cardiology_phase2,96.1,95.5,0.6,Low,Low,Low,Low
Subject 63,Site 18,0.0,0.0,0.0,3.0,Study 4,cardiology_phase2,90.4,92.5,-2.1,Low,Low,Low,Low
Subject 64,Site 18,0.0,0.0,0.0,18.0,Study 4,cardiology_phase2,76.9,85.5,-8.6,Medium,Low,Medium,Medium
Subject 1600,Site 178,0.0,0.0,0.0,0.0,Study 4,cardiology_phase2,96.1,95.5,0.6,Low,Low,Low,Low
Subject 82,Site 20,0.0,0.0,0.0,0.0,Study 4,cardiology_phase2,96.1,95.5,0.6,Low,Low,Low,Low
Subject 1601,Site 20,0.0,0.0,0.0,10.0,Study 4,cardiology_phase2,76.9,85.5,-8.6,Medium,Low,Medium,Medium
Subject 1602,Site 20,0.0,0.0,0.0,2.0,Study 4,cardiology_phase2,92.3,93.5,-1.2,Low,Low,Low,Low
Subject 1603,Site 20,0.0,0.0,0.0,0.0,Study 4,cardiology_phase2,96.1,95.5,0.6,Low,Low,Low,Low
Subject 1604,Site 179,0.0,0.0,0.0,0.0,Study 4,cardiology_phase2,96.1,95.5,0.6,Low,Low,Low,Low
Subject 1605,Site 179,0.0,0.0,0.0,0.0,Study 4,cardiology_phase2,96.1,95.5,0.6,Low,Low,Low,Low
Subject 1606,Site 179,0.0,0.0,0.0,0.0,Study 4,cardiology_phase2,96.1,95.5,0.6,Low,Low,Low,Low
Subject 1607,Site 179,0.0,0.0,0.0,12.0,Study 4,cardiology_phase2,76.9,85.5,-8.6,Medium,Low,Medium,Medium
Subject 1608,Site 179,0.0,0.0,0.0,1.0,Study 4,cardiology_phase2,94.2,94.5,-0.3,Low,Low,Low,Low
Subject 1609,Site 179,0.0,0.0,0.0,0.0,Study 4,cardiology_phase2,96.1,95.5,0.6,Low,Low,Low,Low
Subject 1610,Site 180,0.0,0.0,0.0,4.0,Study 4,cardiology_phase2,88.4,91.5,-3.1,Low,Low,Low,Low
Subject 1611,Site 180,0.0,0.0,0.0,25.0,Study 4,cardiology_phase2,76.9,85.5,-8.6,Medium,Low,Medium,Medium
Subject 1612,Site 180,0.0,0.0,0.0,0.0,Study 4,cardiology_phase2,96.1,95.5,0.6,Low,Low,Low,Low
Subject 1613,Site 180,0.0,0.0,0.0,0.0,Study 4,cardiology_phase2,96.1,95.5,0.6,Low,Low,Low,Low
Subject 1614,Site 181,0.0,0.0,0.0,0.0,Study 4,cardiology_phase2,96.1,95.5,0.6,Low,Low,Low,Low
Subject 1615,Site 182,0.0,0.0,0.0,3.0,Study 4,cardiology_phase2,90.4,92.5,-2.1,Low,Low,Low,Low
Subject 1616,Site 183,0.0,0.0,0.0,3.0,Study 4,cardiology_phase2,90.4,92.5,-2.1,Low,Low,Low,Low
Subject 1617,Site 183,0.0,0.0,0.0,1.0,Study 4,cardiology_phase2,94.2,94.5,-0.3,Low,Low,Low,Low
Subject 1618,Site 183,0.0,0.0,0.0,3.0,Study 4,cardiology_phase2,90.4,92.5,-2.1,Low,Low,Low,Low
Subject 86,Site 22,0.0,0.0,0.0,0.0,Study 4,cardiology_phase2,96.1,95.5,0.6,Low,Low,Low,Low
Subject 1619,Site 22,0.0,0.0,0.0,2.0,Study 4,cardiology_phase2,92.3,93.5,-1.2,Low,Low,Low,Low
Subject 1620,Site 22,0.0,0.0,0.0,5.0,Study 4,cardiology_phase2,86.5,90.5,-4.0,Low,Low,Low,Low
Subject 1621,Site 22,0.0,0.0,0.0,0.0,Study 4,cardiology_phase2,96.1,95.5,0.6,Low,Low,Low,Low
Subject 1622,Site 22,0.0,0.0,0.0,2.0,Study 4,cardiology_phase2,92.3,93.5,-1.2,Low,Low,Low,Low
Subject 1623,Site 22,0.0,0.0,0.0,0.0,Study 4,cardiology_phase2,96.1,95.5,0.6,Low,Low,Low,Low
Subject 1624,Site 184,0.0,0.0,0.0,15.0,Study 4,cardiology_phase2,76.9,85.5,-8.6,Medium,Low,Medium,Medium
Subject 1625,Site 184,0.0,0.0,0.0,0.0,Study 4,cardiology_phase2,96.1,95.5,0.6,Low,Low,Low,Low
Subject 1626,Site 184,0.0,0.0,0.0,24.0,Study 4,cardiology_phase2,76.9,85.5,-8.6,Medium,Low,Medium,Medium
Subject 1627,Site 184,0.0,0.0,0.0,0.0,Study 4,cardiology_phase2,96.1,95.5,0.6,Low,Low,Low,Low
Subject 1628,Site 185,0.0,0.0,0.0,0.0,Study 4,cardiology_phase2,96.1,95.5,0.6,Low,Low,Low,Low
Subject 1629,Site 185,0.0,0.0,0.0,13.0,Study 4,cardiology_phase2,76.9,85.5,-8.6,Medium,Low,Medium,Medium
Subject 1630,Site 185,0.0,0.0,0.0,0.0,Study 4,cardiology_phase2,96.1,95.5,0.6,Low,Low,Low,Low
Subject 1631,Site 185,0.0,0.0,0.0,7.0,Study 4,cardiology_phase2,82.7,88.5,-5.8,Medium,Low,Medium,Medium
Subject 1632,Site 185,0.0,0.0,0.0,24.0,Study 4,cardiology_phase2,76.9,85.5,-8.6,Medium,Low,Medium,Medium
Subject 1633,Site 185,0.0,0.0,0.0,10.0,Study 4,cardiology_phase2,76.9,85.5,-8.6,Medium,Low,Medium,Medium
Subject 1634,Site 186,0.0,0.0,0.0,0.0,Study 4,cardiology_phase2,96.1,95.5,0.6,Low,Low,Low,Low
Subject 1635,Site 187,0.0,0.0,0.0,1.0,Study 4,cardiology_phase2,94.2,94.5,-0.3,Low,Low,Low,Low
Subject 1636,Site 187,0.0,0.0,0.0,0.0,Study 4,cardiology_phase2,96.1,95.5,0.6,Low,Low,Low,Low
Subject 1637,Site 188,0.0,0.0,0.0,15.0,Study 4,cardiology_phase2,76.9,85.5,-8.6,Medium,Low,Medium,Medium
Subject 1638,Site 188,0.0,0.0,0.0,22.0,Study 4,cardiology_phase2,76.9,85.5,-8.6,Medium,Low,Medium,Medium
Subject 1639,Site 189,0.0,0.0,0.0,34.0,Study 4,cardiology_phase2,76.9,85.5,-8.6,Medium,Low,Medium,Medium
Subject 1640,Site 189,0.0,0.0,0.0,13.0,Study 4,cardiology_phase2,76.9,85.5,-8.6,Medium,Low,Medium,Medium
Subject 1641,Site 190,0.0,0.0,0.0,12.0,Study 4,cardiology_phase2,76.9,85.5,-8.6,Medium,Low,Medium,Medium
Subject 1642,Site 190,0.0,0.0,0.0,3.0,Study 4,cardiology_phase2,90.4,92.5,-2.1,Low,Low,Low,Low
Subject 1643,Site 190,0.0,0.0,0.0,32.0,Study 4,cardiology_phase2,76.9,85.5,-8.6,Medium,Low,Medium,Medium
Subject 1644,Site 190,0.0,0.0,0.0,0.0,Study 4,cardiology_phase2,96.1,95.5,0.6,Low,Low,Low,Low
Subject 1645,Site 190,0.0,0.0,0.0,3.0,Study 4,cardiology_phase2,90.4,92.5,-2.1,Low,Low,Low,Low
Subject 1646,Site 190,0.0,0.0,0.0,4.0,Study 4,cardiology_phase2,88.4,91.5,-3.1,Low,Low,Low,Low
Subject 1647,Site 190,0.0,0.0,0.0,0.0,Study 4,cardiology_phase2,96.1,95.5,0.6,Low,Low,Low,Low
Subject 1648,Site 190,0.0,0.0,0.0,8.0,Study 4,cardiology_phase2,80.8,87.5,-6.7,Medium,Low,Medium,Medium
Subject 1649,Site 190,0.0,0.0,0.0,38.0,Study 4,cardiology_phase2,76.9,85.5,-8.6,Medium,Low,Medium,Medium
Subject 1650,Site 190,0.0,0.0,0.0,0.0,Study 4,cardiology_phase2,96.1,95.5,0.6,Low,Low,Low,Low
Subject 1651,Site 190,0.0,0.0,0.0,6.0,Study 4,cardiology_phase2,84.6,89.5,-4.9,Medium,Low,Medium,Medium
Subject 1652,Site 190,0.0,0.0,0.0,0.0,Study 4,cardiology_phase2,96.1,95.5,0.6,Low,Low,Low,Low
Subject 1653,Site 190,0.0,0.0,0.0,0.0,Study 4,cardiology_phase2,96.1,95.5,0.6,Low,Low,Low,Low
Subject 1654,Site 190,0.0,0.0,0.0,0.0,Study 4,cardiology_phase2,96.1,95.5,0.6,Low,Low,Low,Low
Subject 1655,Site 190,0.0,0.0,0.0,0.0,Study 4,cardiology_phase2,96.1,95.5,0.6,Low,Low,Low,Low
Subject 1656,Site 190,0.0,0.0,0.0,0.0,Study 4,cardiology_phase2,96.1,95.5,0.6,Low,Low,Low,Low
Subject 1657,Site 190,0.0,0.0,0.0,10.0,Study 4,cardiology_phase2,76.9,85.5,-8.6,Medium,Low,Medium,Medium
Subject 1658,Site 190,0.0,0.0,0.0,53.0,Study 4,cardiology_phase2,76.9,85.5,-8.6,Medium,Low,Medium,Medium
Subject 1659,Site 190,0.0,0.0,0.0,2.0,Study 4,cardiology_phase2,92.3,93.5,-1.2,Low,Low,Low,Low
Subject 1660,Site 190,0.0,0.0,0.0,1.0,Study 4,cardiology_phase2,94.2,94.5,-0.3,Low,Low,Low,Low
Subject 1661,Site 190,0.0,0.0,0.0,8.0,Study 4,cardiology_phase2,80.8,87.5,-6.7,Medium,Low,Medium,Medium
Subject 1662,Site 190,0.0,0.0,0.0,20.0,Study 4,cardiology_phase2,76.9,85.5,-8.6,Medium,Low,Medium,Medium
Subject 1663,Site 190,0.0,0.0,0.0,1.0,Study 4,cardiology_phase2,94.2,94.5,-0.3,Low,Low,Low,Low
Subject 1664,Site 190,0.0,0.0,0.0,1.0,Study 4,cardiology_phase2,94.2,94.5,-0.3,Low,Low,Low,Low
Subject 1665,Site 190,0.0,0.0,0.0,14.0,Study 4,cardiology_phase2,76.9,85.5,-8.6,Medium,Low,Medium,Medium
Subject 1666,Site 190,0.0,0.0,0.0,13.0,Study 4,cardiology_phase2,76.9,85.5,-8.6,Medium,Low,Medium,Medium
Subject 1667,Site 190,0.0,0.0,0.0,6.0,Study 4,cardiology_phase2,84.6,89.5,-4.9,Medium,Low,Medium,Medium
Subject 1668,Site 191,0.0,0.0,0.0,0.0,Study 4,cardiology_phase2,96.1,95.5,0.6,Low,Low,Low,Low
Subject 1669,Site 191,0.0,0.0,0.0,0.0,Study 4,cardiology_phase2,96.1,95.5,0.6,Low,Low,Low,Low
Subject 1670,Site 191,0.0,0.0,0.0,0.0,Study 4,cardiology_phase2,96.1,95.5,0.6,Low,Low,Low,Low
Subject 1671,Site 191,0.0,0.0,0.0,0.0,Study 4,cardiology_phase2,96.1,95.5,0.6,Low,Low,Low,Low
Subject 1672,Site 191,0.0,0.0,0.0,0.0,Study 4,cardiology_phase2,96.1,95.5,0.6,Low,Low,Low,Low
Subject 1673,Site 191,0.0,0.0,0.0,22.0,Study 4,cardiology_phase2,76.9,85.5,-8.6,Medium,Low,Medium,Medium
Subject 1674,Site 191,0.0,0.0,0.0,0.0,Study 4,cardiology_phase2,96.1,95.5,0.6,Low,Low,Low,Low
Subject 1675,Site 191,0.0,0.0,0.0,0.0,Study 4,cardiology_phase2,96.1,95.5,0.6,Low,Low,Low,Low
Subject 1676,Site 191,0.0,0.0,0.0,0.0,Study 4,cardiology_phase2,96.1,95.5,0.6,Low,Low,Low,Low
Subject 1677,Site 191,0.0,0.0,0.0,0.0,Study 4,cardiology_phase2,96.1,95.5,0.6,Low,Low,Low,Low
Subject 1678,Site 191,0.0,0.0,0.0,0.0,Study 4,cardiology_phase2,96.1,95.5,0.6,Low,Low,Low,Low
Subject 1679,Site 191,0.0,0.0,0.0,12.0,Study 4,cardiology_phase2,76.9,85.5,-8.6,Medium,Low,Medium,Medium
Subject 1680,Site 191,0.0,0.0,0.0,0.0,Study 4,cardiology_phase2,96.1,95.5,0.6,Low,Low,Low,Low
Subject 1681,Site 191,0.0,0.0,0.0,0.0,Study 4,cardiology_phase2,96.1,95.5,0.6,Low,Low,Low,Low
Subject 1682,Site 191,0.0,0.0,0.0,14.0,Study 4,cardiology_phase2,76.9,85.5,-8.6,Medium,Low,Medium,Medium
Subject 1683,Site 191,0.0,0.0,0.0,6.0,Study 4,cardiology_phase2,84.6,89.5,-4.9,Medium,Low,Medium,Medium
Subject 1684,Site 191,0.0,0.0,0.0,0.0,Study 4,cardiology_phase2,96.1,95.5,0.6,Low,Low,Low,Low
Subject 1685,Site 191,0.0,0.0,0.0,16.0,Study 4,cardiology_phase2,76.9,85.5,-8.6,Medium,Low,Medium,Medium
Subject 1686,Site 191,0.0,0.0,0.0,0.0,Study 4,cardiology_phase2,96.1,95.5,0.6,Low,Low,Low,Low
Subject 1687,Site 191,0.0,0.0,0.0,0.0,Study 4,cardiology_phase2,96.1,95.5,0.6,Low,Low,Low,Low
Subject 1688,Site 191,0.0,0.0,0.0,0.0,Study 4,cardiology_phase2,96.1,95.5,0.6,Low,Low,Low,Low
Subject 1689,Site 192,0.0,0.0,0.0,7.0,Study 4,cardiology_phase2,82.7,88.5,-5.8,Medium,Low,Medium,Medium
Subject 1690,Site 192,0.0,0.0,0.0,0.0,Study 4,cardiology_phase2,96.1,95.5,0.6,Low,Low,Low,Low
Subject 1691,Site 192,0.0,0.0,0.0,5.0,Study 4,cardiology_phase2,86.5,90.5,-4.0,Low,Low,Low,Low
Subject 1692,Site 192,0.0,0.0,0.0,0.0,Study 4,cardiology_phase2,96.1,95.5,0.6,Low,Low,Low,Low
Subject 1693,Site 192,0.0,0.0,0.0,0.0,Study 4,cardiology_phase2,96.1,95.5,0.6,Low,Low,Low,Low
Subject 91,Site 25,0.0,0.0,0.0,0.0,Study 4,cardiology_phase2,96.1,95.5,0.6,Low,Low,Low,Low
Subject 92,Site 25,0.0,0.0,0.0,1.0,Study 4,cardiology_phase2,94.2,94.5,-0.3,Low,Low,Low,Low
Subject 1694,Site 25,0.0,0.0,0.0,0.0,Study 4,cardiology_phase2,96.1,95.5,0.6,Low,Low,Low,Low
Subject 1695,Site 25,0.0,0.0,0.0,0.0,Study 4,cardiology_phase2,96.1,95.5,0.6,Low,Low,Low,Low
Subject 1696,Site 25,0.0,0.0,0.0,0.0,Study 4,cardiology_phase2,96.1,95.5,0.6,Low,Low,Low,Low
Subject 1697,Site 25,0.0,0.0,0.0,0.0,Study 4,cardiology_phase2,96.1,95.5,0.6,Low,Low,Low,Low
Subject 1698,Site 193,0.0,0.0,0.0,15.0,Study 4,cardiology_phase2,76.9,85.5,-8.6,Medium,Low,Medium,Medium
Subject 1699,Site 194,0.0,0.0,0.0,29.0,Study 4,cardiology_phase2,76.9,85.5,-8.6,Medium,Low,Medium,Medium
Subject 1700,Site 194,0.0,0.0,0.0,2.0,Study 4,cardiology_phase2,92.3,93.5,-1.2,Low,Low,Low,Low
Subject 1701,Site 194,0.0,0.0,0.0,11.0,Study 4,cardiology_phase2,76.9,85.5,-8.6,Medium,Low,Medium,Medium
Subject 1702,Site 194,0.0,0.0,0.0,9.0,Study 4,cardiology_phase2,78.8,86.5,-7.7,Medium,Low,Medium,Medium
Subject 1703,Site 194,0.0,0.0,0.0,2.0,Study 4,cardiology_phase2,92.3,93.5,-1.2,Low,Low,Low,Low
Subject 1704,Site 194,0.0,0.0,0.0,0.0,Study 4,cardiology_phase2,96.1,95.5,0.6,Low,Low,Low,Low
Subject 1705,Site 194,0.0,0.0,0.0,6.0,Study 4,cardiology_phase2,84.6,89.5,-4.9,Medium,Low,Medium,Medium
Subject 1706,Site 194,0.0,0.0,0.0,1.0,Study 4,cardiology_phase2,94.2,94.5,-0.3,Low,Low,Low,Low
Subject 1707,Site 194,0.0,0.0,0.0,4.0,Study 4,cardiology_phase2,88.4,91.5,-3.1,Low,Low,Low,Low
Subject 1708,Site 194,0.0,0.0,0.0,0.0,Study 4,cardiology_phase2,96.1,95.5,0.6,Low,Low,Low,Low
Subject 1709,Site 194,0.0,0.0,0.0,6.0,Study 4,cardiology_phase2,84.6,89.5,-4.9,Medium,Low,Medium,Medium
Subject 1710,Site 194,0.0,0.0,0.0,5.0,Study 4,cardiology_phase2,86.5,90.5,-4.0,Low,Low,Low,Low
Subject 1711,Site 194,0.0,0.0,0.0,8.0,Study 4,cardiology_phase2,80.8,87.5,-6.7,Medium,Low,Medium,Medium
Subject 1712,Site 195,0.0,0.0,0.0,7.0,Study 4,cardiology_phase2,82.7,88.5,-5.8,Medium,Low,Medium,Medium
Subject 1713,Site 196,0.0,0.0,0.0,52.0,Study 4,cardiology_phase2,76.9,85.5,-8.6,Medium,Low,Medium,Medium
Subject 1714,Site 196,0.0,0.0,0.0,21.0,Study 4,cardiology_phase2,76.9,85.5,-8.6,Medium,Low,Medium,Medium
Subject 1715,Site 196,0.0,0.0,0.0,0.0,Study 4,cardiology_phase2,96.1,95.5,0.6,Low,Low,Low,Low
Subject 1716,Site 196,0.0,0.0,0.0,3.0,Study 4,cardiology_phase2,90.4,92.5,-2.1,Low,Low,Low,Low
Subject 1717,Site 197,0.0,0.0,0.0,0.0,Study 4,cardiology_phase2,96.1,95.5,0.6,Low,Low,Low,Low
Subject 1718,Site 197,0.0,0.0,0.0,3.0,Study 4,cardiology_phase2,90.4,92.5,-2.1,Low,Low,Low,Low
Subject 1719,Site 197,0.0,0.0,0.0,3.0,Study 4,cardiology_phase2,90.4,92.5,-2.1,Low,Low,Low,Low
Subject 1720,Site 197,0.0,0.0,0.0,0.0,Study 4,cardiology_phase2,96.1,95.5,0.6,Low,Low,Low,Low
Subject 1721,Site 197,0.0,0.0,0.0,0.0,Study 4,cardiology_phase2,96.1,95.5,0.6,Low,Low,Low,Low
Subject 1722,Site 197,0.0,0.0,0.0,0.0,Study 4,cardiology_phase2,96.1,95.5,0.6,Low,Low,Low,Low
Subject 1723,Site 198,0.0,0.0,0.0,35.0,Study 4,cardiology_phase2,76.9,85.5,-8.6,Medium,Low,Medium,Medium
Subject 1724,Site 198,0.0,0.0,0.0,14.0,Study 4,cardiology_phase2,76.9,85.5,-8.6,Medium,Low,Medium,Medium
Subject 1725,Site 199,0.0,0.0,0.0,2.0,Study 4,cardiology_phase2,92.3,93.5,-1.2,Low,Low,Low,Low
Subject 1726,Site 198,0.0,0.0,0.0,22.0,Study 4,cardiology_phase2,76.9,85.5,-8.6,Medium,Low,Medium,Medium
Subject 1727,Site 198,0.0,0.0,0.0,0.0,Study 4,cardiology_phase2,96.1,95.5,0.6,Low,Low,Low,Low
Subject 1728,Site 198,0.0,0.0,0.0,11.0,Study 4,cardiology_phase2,76.9,85.5,-8.6,Medium,Low,Medium,Medium
Subject 1729,Site 198,0.0,0.0,0.0,8.0,Study 4,cardiology_phase2,80.8,87.5,-6.7,Medium,Low,Medium,Medium
Subject 1730,Site 198,0.0,0.0,0.0,12.0,Study 4,cardiology_phase2,76.9,85.5,-8.6,Medium,Low,Medium,Medium
Subject 1731,Site 198,0.0,0.0,0.0,0.0,Study 4,cardiology_phase2,96.1,95.5,0.6,Low,Low,Low,Low
Subject 1732,Site 198,0.0,0.0,0.0,15.0,Study 4,cardiology_phase2,76.9,85.5,-8.6,Medium,Low,Medium,Medium
Subject 1733,Site 198,0.0,0.0,0.0,0.0,Study 4,cardiology_phase2,96.1,95.5,0.6,Low,Low,Low,Low
Subject 1734,Site 198,0.0,0.0,0.0,3.0,Study 4,cardiology_phase2,90.4,92.5,-2.1,Low,Low,Low,Low
Subject 1735,Site 198,0.0,0.0,0.0,1.0,Study 4,cardiology_phase2,94.2,94.5,-0.3,Low,Low,Low,Low
Subject 1736,Site 198,0.0,0.0,0.0,6.0,Study 4,cardiology_phase2,84.6,89.5,-4.9,Medium,Low,Medium,Medium
Subject 1737,Site 198,0.0,0.0,0.0,14.0,Study 4,cardiology_phase2,76.9,85.5,-8.6,Medium,Low,Medium,Medium
Subject 1738,Site 198,0.0,0.0,0.0,31.0,Study 4,cardiology_phase2,76.9,85.5,-8.6,Medium,Low,Medium,Medium
Subject 1739,Site 198,0.0,0.0,0.0,2.0,Study 4,cardiology_phase2,92.3,93.5,-1.2,Low,Low,Low,Low
Subject 1740,Site 198,0.0,0.0,0.0,18.0,Study 4,cardiology_phase2,76.9,85.5,-8.6,Medium,Low,Medium,Medium
Subject 1741,Site 198,0.0,0.0,0.0,3.0,Study 4,cardiology_phase2,90.4,92.5,-2.1,Low,Low,Low,Low
Subject 1742,Site 198,0.0,0.0,0.0,0.0,Study 4,cardiology_phase2,96.1,95.5,0.6,Low,Low,Low,Low
Subject 1743,Site 198,0.0,0.0,0.0,3.0,Study 4,cardiology_phase2,90.4,92.5,-2.1,Low,Low,Low,Low
Subject 1744,Site 200,0.0,0.0,0.0,17.0,Study 4,cardiology_phase2,76.9,85.5,-8.6,Medium,Low,Medium,Medium
Subject 1745,Site 200,0.0,0.0,0.0,23.0,Study 4,cardiology_phase2,76.9,85.5,-8.6,Medium,Low,Medium,Medium
Subject 1746,Site 200,0.0,0.0,0.0,0.0,Study 4,cardiology_phase2,96.1,95.5,0.6,Low,Low,Low,Low
Subject 1747,Site 200,0.0,0.0,0.0,0.0,Study 4,cardiology_phase2,96.1,95.5,0.6,Low,Low,Low,Low
Subject 1748,Site 200,0.0,0.0,0.0,25.0,Study 4,cardiology_phase2,76.9,85.5,-8.6,Medium,Low,Medium,Medium
Subject 1749,Site 200,0.0,0.0,0.0,0.0,Study 4,cardiology_phase2,96.1,95.5,0.6,Low,Low,Low,Low
Subject 1750,Site 200,0.0,0.0,0.0,2.0,Study 4,cardiology_phase2,92.3,93.5,-1.2,Low,Low,Low,Low
Subject 1751,Site 200,0.0,0.0,0.0,9.0,Study 4,cardiology_phase2,78.8,86.5,-7.7,Medium,Low,Medium,Medium
Subject 1752,Site 201,0.0,0.0,0.0,0.0,Study 4,cardiology_phase2,96.1,95.5,0.6,Low,Low,Low,Low
Subject 1753,Site 201,0.0,0.0,0.0,0.0,Study 4,cardiology_phase2,96.1,95.5,0.6,Low,Low,Low,Low
Subject 1754,Site 201,0.0,0.0,0.0,0.0,Study 4,cardiology_phase2,96.1,95.5,0.6,Low,Low,Low,Low
Subject 1755,Site 201,0.0,0.0,0.0,3.0,Study 4,cardiology_phase2,90.4,92.5,-2.1,Low,Low,Low,Low
Subject 1756,Site 201,0.0,0.0,0.0,0.0,Study 4,cardiology_phase2,96.1,95.5,0.6,Low,Low,Low,Low
Subject 1757,Site 201,0.0,0.0,0.0,0.0,Study 4,cardiology_phase2,96.1,95.5,0.6,Low,Low,Low,Low
Subject 1758,Site 201,0.0,0.0,0.0,0.0,Study 4,cardiology_phase2,96.1,95.5,0.6,Low,Low,Low,Low
Subject 1759,Site 201,0.0,0.0,0.0,6.0,Study 4,cardiology_phase2,84.6,89.5,-4.9,Medium,Low,Medium,Medium
Subject 1760,Site 202,0.0,0.0,0.0,4.0,Study 4,cardiology_phase2,88.4,91.5,-3.1,Low,Low,Low,Low
Subject 1761,Site 202,0.0,0.0,0.0,0.0,Study 4,cardiology_phase2,96.1,95.5,0.6,Low,Low,Low,Low
Subject 1762,Site 202,0.0,0.0,0.0,0.0,Study 4,cardiology_phase2,96.1,95.5,0.6,Low,Low,Low,Low
Subject 1763,Site 202,0.0,0.0,0.0,2.0,Study 4,cardiology_phase2,92.3,93.5,-1.2,Low,Low,Low,Low
Subject 1764,Site 202,0.0,0.0,0.0,14.0,Study 4,cardiology_phase2,76.9,85.5,-8.6,Medium,Low,Medium,Medium
Subject 1765,Site 202,0.0,0.0,0.0,0.0,Study 4,cardiology_phase2,96.1,95.5,0.6,Low,Low,Low,Low
Subject 1766,Site 202,0.0,0.0,0.0,0.0,Study 4,cardiology_phase2,96.1,95.5,0.6,Low,Low,Low,Low
Subject 1767,Site 202,0.0,0.0,0.0,0.0,Study 4,cardiology_phase2,96.1,95.5,0.6,Low,Low,Low,Low
Subject 1768,Site 202,0.0,0.0,0.0,0.0,Study 4,cardiology_phase2,96.1,95.5,0.6,Low,Low,Low,Low
Subject 1769,Site 202,0.0,0.0,0.0,5.0,Study 4,cardiology_phase2,86.5,90.5,-4.0,Low,Low,Low,Low
Subject 1770,Site 202,0.0,0.0,0.0,0.0,Study 4,cardiology_phase2,96.1,95.5,0.6,Low,Low,Low,Low
Subject 1771,Site 202,0.0,0.0,0.0,0.0,Study 4,cardiology_phase2,96.1,95.5,0.6,Low,Low,Low,Low
Subject 1772,Site 202,0.0,0.0,0.0,0.0,Study 4,cardiology_phase2,96.1,95.5,0.6,Low,Low,Low,Low
Subject 1773,Site 202,0.0,0.0,0.0,4.0,Study 4,cardiology_phase2,88.4,91.5,-3.1,Low,Low,Low,Low
Subject 1774,Site 202,0.0,0.0,0.0,0.0,Study 4,cardiology_phase2,96.1,95.5,0.6,Low,Low,Low,Low
Subject 1775,Site 202,0.0,0.0,0.0,0.0,Study 4,cardiology_phase2,96.1,95.5,0.6,Low,Low,Low,Low
Subject 1776,Site 202,0.0,0.0,0.0,9.0,Study 4,cardiology_phase2,78.8,86.5,-7.7,Medium,Low,Medium,Medium
Subject 1777,Site 202,0.0,0.0,0.0,14.0,Study 4,cardiology_phase2,76.9,85.5,-8.6,Medium,Low,Medium,Medium
Subject 1778,Site 202,0.0,0.0,0.0,10.0,Study 4,cardiology_phase2,76.9,85.5,-8.6,Medium,Low,Medium,Medium
Subject 1779,Site 203,0.0,0.0,0.0,0.0,Study 4,cardiology_phase2,96.1,95.5,0.6,Low,Low,Low,Low
Subject 1780,Site 204,0.0,0.0,0.0,5.0,Study 4,cardiology_phase2,86.5,90.5,-4.0,Low,Low,Low,Low
Subject 1781,Site 204,0.0,0.0,0.0,0.0,Study 4,cardiology_phase2,96.1,95.5,0.6,Low,Low,Low,Low
Subject 1782,Site 204,0.0,0.0,0.0,5.0,Study 4,cardiology_phase2,86.5,90.5,-4.0,Low,Low,Low,Low
Subject 1783,Site 204,0.0,0.0,0.0,57.0,Study 4,cardiology_phase2,76.9,85.5,-8.6,Medium,Low,Medium,Medium
Subject 1784,Site 204,0.0,0.0,0.0,0.0,Study 4,cardiology_phase2,96.1,95.5,0.6,Low,Low,Low,Low
Subject 1785,Site 204,0.0,0.0,0.0,0.0,Study 4,cardiology_phase2,96.1,95.5,0.6,Low,Low,Low,Low
Subject 1786,Site 205,0.0,0.0,0.0,0.0,Study 4,cardiology_phase2,96.1,95.5,0.6,Low,Low,Low,Low
Subject 1787,Site 205,0.0,0.0,0.0,8.0,Study 4,cardiology_phase2,80.8,87.5,-6.7,Medium,Low,Medium,Medium
Subject 1788,Site 205,0.0,0.0,0.0,2.0,Study 4,cardiology_phase2,92.3,93.5,-1.2,Low,Low,Low,Low
Subject 1789,Site 205,0.0,0.0,0.0,7.0,Study 4,cardiology_phase2,82.7,88.5,-5.8,Medium,Low,Medium,Medium
Subject 1790,Site 206,0.0,0.0,0.0,14.0,Study 4,cardiology_phase2,76.9,85.5,-8.6,Medium,Low,Medium,Medium
Subject 1791,Site 206,0.0,0.0,0.0,3.0,Study 4,cardiology_phase2,90.4,92.5,-2.1,Low,Low,Low,Low
Subject 1792,Site 206,0.0,0.0,0.0,0.0,Study 4,cardiology_phase2,96.1,95.5,0.6,Low,Low,Low,Low
Subject 1793,Site 206,0.0,0.0,0.0,3.0,Study 4,cardiology_phase2,90.4,92.5,-2.1,Low,Low,Low,Low
Subject 1794,Site 206,0.0,0.0,0.0,0.0,Study 4,cardiology_phase2,96.1,95.5,0.6,Low,Low,Low,Low
Subject 1795,Site 206,0.0,0.0,0.0,0.0,Study 4,cardiology_phase2,96.1,95.5,0.6,Low,Low,Low,Low
Subject 1796,Site 206,0.0,0.0,0.0,0.0,Study 4,cardiology_phase2,96.1,95.5,0.6,Low,Low,Low,Low
Subject 1797,Site 206,0.0,0.0,0.0,0.0,Study 4,cardiology_phase2,96.1,95.5,0.6,Low,Low,Low,Low
Subject 1798,Site 206,0.0,0.0,0.0,0.0,Study 4,cardiology_phase2,96.1,95.5,0.6,Low,Low,Low,Low
Subject 1799,Site 206,0.0,0.0,0.0,13.0,Study 4,cardiology_phase2,76.9,85.5,-8.6,Medium,Low,Medium,Medium
Subject 1800,Site 206,0.0,0.0,0.0,0.0,Study 4,cardiology_phase2,96.1,95.5,0.6,Low,Low,Low,Low
Subject 1801,Site 206,0.0,0.0,0.0,15.0,Study 4,cardiology_phase2,76.9,85.5,-8.6,Medium,Low,Medium,Medium
Subject 1802,Site 206,0.0,0.0,0.0,6.0,Study 4,cardiology_phase2,84.6,89.5,-4.9,Medium,Low,Medium,Medium
Subject 1803,Site 206,0.0,0.0,0.0,8.0,Study 4,cardiology_phase2,80.8,87.5,-6.7,Medium,Low,Medium,Medium
Subject 1804,Site 206,0.0,0.0,0.0,4.0,Study 4,cardiology_phase2,88.4,91.5,-3.1,Low,Low,Low,Low
Subject 1805,Site 206,0.0,0.0,0.0,10.0,Study 4,cardiology_phase2,76.9,85.5,-8.6,Medium,Low,Medium,Medium
Subject 1806,Site 206,0.0,0.0,0.0,0.0,Study 4,cardiology_phase2,96.1,95.5,0.6,Low,Low,Low,Low
Subject 1807,Site 206,0.0,0.0,0.0,0.0,Study 4,cardiology_phase2,96.1,95.5,0.6,Low,Low,Low,Low
Subject 1808,Site 206,0.0,0.0,0.0,0.0,Study 4,cardiology_phase2,96.1,95.5,0.6,Low,Low,Low,Low
Subject 1809,Site 206,0.0,0.0,0.0,28.0,Study 4,cardiology_phase2,76.9,85.5,-8.6,Medium,Low,Medium,Medium
Subject 1810,Site 207,0.0,0.0,0.0,7.0,Study 4,cardiology_phase2,82.7,88.5,-5.8,Medium,Low,Medium,Medium
Subject 1811,Site 207,0.0,0.0,0.0,3.0,Study 4,cardiology_phase2,90.4,92.5,-2.1,Low,Low,Low,Low
Subject 1812,Site 207,0.0,0.0,0.0,0.0,Study 4,cardiology_phase2,96.1,95.5,0.6,Low,Low,Low,Low
Subject 1813,Site 207,0.0,0.0,0.0,0.0,Study 4,cardiology_phase2,96.1,95.5,0.6,Low,Low,Low,Low
Subject 1814,Site 207,0.0,0.0,0.0,52.0,Study 4,cardiology_phase2,76.9,85.5,-8.6,Medium,Low,Medium,Medium
Subject 1815,Site 207,0.0,0.0,0.0,27.0,Study 4,cardiology_phase2,76.9,85.5,-8.6,Medium,Low,Medium,Medium
Subject 1816,Site 207,0.0,0.0,0.0,17.0,Study 4,cardiology_phase2,76.9,85.5,-8.6,Medium,Low,Medium,Medium
Subject 1817,Site 207,0.0,0.0,0.0,3.0,Study 4,cardiology_phase2,90.4,92.5,-2.1,Low,Low,Low,Low
Subject 1818,Site 207,0.0,0.0,0.0,27.0,Study 4,cardiology_phase2,76.9,85.5,-8.6,Medium,Low,Medium,Medium
Subject 1819,Site 207,0.0,0.0,0.0,0.0,Study 4,cardiology_phase2,96.1,95.5,0.6,Low,Low,Low,Low
Subject 1820,Site 208,0.0,0.0,0.0,17.0,Study 4,cardiology_phase2,76.9,85.5,-8.6,Medium,Low,Medium,Medium
Subject 1821,Site 208,0.0,0.0,0.0,1.0,Study 4,cardiology_phase2,94.2,94.5,-0.3,Low,Low,Low,Low
Subject 1822,Site 208,0.0,0.0,0.0,0.0,Study 4,cardiology_phase2,96.1,95.5,0.6,Low,Low,Low,Low
Subject 1823,Site 208,0.0,0.0,0.0,21.0,Study 4,cardiology_phase2,76.9,85.5,-8.6,Medium,Low,Medium,Medium
Subject 1824,Site 209,0.0,0.0,0.0,0.0,Study 4,cardiology_phase2,96.1,95.5,0.6,Low,Low,Low,Low
Subject 1825,Site 209,0.0,0.0,0.0,11.0,Study 4,cardiology_phase2,76.9,85.5,-8.6,Medium,Low,Medium,Medium
Subject 1826,Site 209,0.0,0.0,0.0,18.0,Study 4,cardiology_phase2,76.9,85.5,-8.6,Medium,Low,Medium,Medium
Subject 1827,Site 209,0.0,0.0,0.0,11.0,Study 4,cardiology_phase2,76.9,85.5,-8.6,Medium,Low,Medium,Medium
Subject 1828,Site 210,0.0,0.0,0.0,0.0,Study 4,cardiology_phase2,96.1,95.5,0.6,Low,Low,Low,Low
Subject 1829,Site 210,0.0,0.0,0.0,40.0,Study 4,cardiology_phase2,76.9,85.5,-8.6,Medium,Low,Medium,Medium
Subject 1830,Site 210,0.0,0.0,0.0,0.0,Study 4,cardiology_phase2,96.1,95.5,0.6,Low,Low,Low,Low
Subject 1831,Site 210,0.0,0.0,0.0,7.0,Study 4,cardiology_phase2,82.7,88.5,-5.8,Medium,Low,Medium,Medium
Subject 1832,Site 210,0.0,0.0,0.0,4.0,Study 4,cardiology_phase2,88.4,91.5,-3.1,Low,Low,Low,Low
Subject 1833,Site 210,0.0,0.0,0.0,0.0,Study 4,cardiology_phase2,96.1,95.5,0.6,Low,Low,Low,Low
Subject 1834,Site 195,0.0,0.0,0.0,7.0,Study 4,cardiology_phase2,82.7,88.5,-5.8,Medium,Low,Medium,Medium
Subject 1835,Site 195,0.0,0.0,0.0,0.0,Study 4,cardiology_phase2,96.1,95.5,0.6,Low,Low,Low,Low
Subject 1836,Site 211,0.0,0.0,0.0,0.0,Study 4,cardiology_phase2,96.1,95.5,0.6,Low,Low,Low,Low
Subject 1837,Site 211,0.0,0.0,0.0,11.0,Study 4,cardiology_phase2,76.9,85.5,-8.6,Medium,Low,Medium,Medium
Subject 1838,Site 211,0.0,0.0,0.0,6.0,Study 4,cardiology_phase2,84.6,89.5,-4.9,Medium,Low,Medium,Medium
Subject 1839,Site 211,0.0,0.0,0.0,0.0,Study 4,cardiology_phase2,96.1,95.5,0.6,Low,Low,Low,Low
Subject 1840,Site 211,0.0,0.0,0.0,14.0,Study 4,cardiology_phase2,76.9,85.5,-8.6,Medium,Low,Medium,Medium
Subject 1841,Site 211,0.0,0.0,0.0,28.0,Study 4,cardiology_phase2,76.9,85.5,-8.6,Medium,Low,Medium,Medium
Subject 1842,Site 211,0.0,0.0,0.0,1.0,Study 4,cardiology_phase2,94.2,94.5,-0.3,Low,Low,Low,Low
Subject 1843,Site 211,0.0,0.0,0.0,44.0,Study 4,cardiology_phase2,76.9,85.5,-8.6,Medium,Low,Medium,Medium
Subject 1844,Site 211,0.0,0.0,0.0,0.0,Study 4,cardiology_phase2,96.1,95.5,0.6,Low,Low,Low,Low
Subject 1845,Site 211,0.0,0.0,0.0,0.0,Study 4,cardiology_phase2,96.1,95.5,0.6,Low,Low,Low,Low
Subject 1846,Site 211,0.0,0.0,0.0,29.0,Study 4,cardiology_phase2,76.9,85.5,-8.6,Medium,Low,Medium,Medium
Subject 1847,Site 211,0.0,0.0,0.0,66.0,Study 4,cardiology_phase2,76.9,85.5,-8.6,Medium,Low,Medium,Medium
Subject 1848,Site 211,0.0,0.0,0.0,4.0,Study 4,cardiology_phase2,88.4,91.5,-3.1,Low,Low,Low,Low
Subject 1849,Site 211,0.0,0.0,0.0,0.0,Study 4,cardiology_phase2,96.1,95.5,0.6,Low,Low,Low,Low
Subject 1850,Site 212,0.0,0.0,0.0,0.0,Study 4,cardiology_phase2,96.1,95.5,0.6,Low,Low,Low,Low
Subject 1851,Site 212,0.0,0.0,0.0,2.0,Study 4,cardiology_phase2,92.3,93.5,-1.2,Low,Low,Low,Low
Subject 1852,Site 212,0.0,0.0,0.0,7.0,Study 4,cardiology_phase2,82.7,88.5,-5.8,Medium,Low,Medium,Medium
Subject 1853,Site 212,0.0,0.0,0.0,1.0,Study 4,cardiology_phase2,94.2,94.5,-0.3,Low,Low,Low,Low
Subject 1854,Site 212,0.0,0.0,0.0,13.0,Study 4,cardiology_phase2,76.9,85.5,-8.6,Medium,Low,Medium,Medium
Subject 1855,Site 212,0.0,0.0,0.0,18.0,Study 4,cardiology_phase2,76.9,85.5,-8.6,Medium,Low,Medium,Medium
Subject 1856,Site 212,0.0,0.0,0.0,43.0,Study 4,cardiology_phase2,76.9,85.5,-8.6,Medium,Low,Medium,Medium
Subject 1857,Site 212,0.0,0.0,0.0,17.0,Study 4,cardiology_phase2,76.9,85.5,-8.6,Medium,Low,Medium,Medium
Subject 1858,Site 212,0.0,0.0,0.0,0.0,Study 4,cardiology_phase2,96.1,95.5,0.6,Low,Low,Low,Low
Subject 1859,Site 212,0.0,0.0,0.0,37.0,Study 4,cardiology_phase2,76.9,85.5,-8.6,Medium,Low,Medium,Medium
Subject 1860,Site 212,0.0,0.0,0.0,20.0,Study 4,cardiology_phase2,76.9,85.5,-8.6,Medium,Low,Medium,Medium
Subject 1861,Site 212,0.0,0.0,0.0,36.0,Study 4,cardiology_phase2,76.9,85.5,-8.6,Medium,Low,Medium,Medium
Subject 1862,Site 212,0.0,0.0,0.0,0.0,Study 4,cardiology_phase2,96.1,95.5,0.6,Low,Low,Low,Low
Subject 1863,Site 213,0.0,0.0,0.0,16.0,Study 4,cardiology_phase2,76.9,85.5,-8.6,Medium,Low,Medium,Medium
Subject 1864,Site 213,0.0,0.0,0.0,9.0,Study 4,cardiology_phase2,78.8,86.5,-7.7,Medium,Low,Medium,Medium
Subject 1865,Site 213,0.0,0.0,0.0,4.0,Study 4,cardiology_phase2,88.4,91.5,-3.1,Low,Low,Low,Low
Subject 1866,Site 213,0.0,0.0,0.0,0.0,Study 4,cardiology_phase2,96.1,95.5,0.6,Low,Low,Low,Low
Subject 1867,Site 213,0.0,0.0,0.0,0.0,Study 4,cardiology_phase2,96.1,95.5,0.6,Low,Low,Low,Low
Subject 1868,Site 213,0.0,0.0,0.0,0.0,Study 4,cardiology_phase2,96.1,95.5,0.6,Low,Low,Low,Low
Subject 1869,Site 213,0.0,0.0,0.0,2.0,Study 4,cardiology_phase2,92.3,93.5,-1.2,Low,Low,Low,Low
Subject 1870,Site 214,0.0,0.0,0.0,0.0,Study 4,cardiology_phase2,96.1,95.5,0.6,Low,Low,Low,Low
Subject 1871,Site 215,0.0,0.0,0.0,7.0,Study 4,cardiology_phase2,82.7,88.5,-5.8,Medium,Low,Medium,Medium
Subject 1872,Site 215,0.0,0.0,0.0,0.0,Study 4,cardiology_phase2,96.1,95.5,0.6,Low,Low,Low,Low
Subject 1873,Site 215,0.0,0.0,0.0,0.0,Study 4,cardiology_phase2,96.1,95.5,0.6,Low,Low,Low,Low
Subject 1874,Site 215,0.0,0.0,0.0,9.0,Study 4,cardiology_phase2,78.8,86.5,-7.7,Medium,Low,Medium,Medium
Subject 1875,Site 215,0.0,0.0,0.0,0.0,Study 4,cardiology_phase2,96.1,95.5,0.6,Low,Low,Low,Low
Subject 1876,Site 215,0.0,0.0,0.0,0.0,Study 4,cardiology_phase2,96.1,95.5,0.6,Low,Low,Low,Low
Subject 1877,Site 215,0.0,0.0,0.0,0.0,Study 4,cardiology_phase2,96.1,95.5,0.6,Low,Low,Low,Low
Subject 1878,Site 215,0.0,0.0,0.0,0.0,Study 4,cardiology_phase2,96.1,95.5,0.6,Low,Low,Low,Low
Subject 1879,Site 215,0.0,0.0,0.0,0.0,Study 4,cardiology_phase2,96.1,95.5,0.6,Low,Low,Low,Low
Subject 1880,Site 215,0.0,0.0,0.0,10.0,Study 4,cardiology_phase2,76.9,85.5,-8.6,Medium,Low,Medium,Medium
Subject 1881,Site 215,0.0,0.0,0.0,11.0,Study 4,cardiology_phase2,76.9,85.5,-8.6,Medium,Low,Medium,Medium
Subject 1882,Site 215,0.0,0.0,0.0,0.0,Study 4,cardiology_phase2,96.1,95.5,0.6,Low,Low,Low,Low
Subject 1883,Site 215,0.0,0.0,0.0,14.0,Study 4,cardiology_phase2,76.9,85.5,-8.6,Medium,Low,Medium,Medium
Subject 1884,Site 215,0.0,0.0,0.0,12.0,Study 4,cardiology_phase2,76.9,85.5,-8.6,Medium,Low,Medium,Medium
Subject 1885,Site 215,0.0,0.0,0.0,14.0,Study 4,cardiology_phase2,76.9,85.5,-8.6,Medium,Low,Medium,Medium
Subject 1886,Site 215,0.0,0.0,0.0,7.0,Study 4,cardiology_phase2,82.7,88.5,-5.8,Medium,Low,Medium,Medium
Subject 1887,Site 215,0.0,0.0,0.0,0.0,Study 4,cardiology_phase2,96.1,95.5,0.6,Low,Low,Low,Low
Subject 1888,Site 215,0.0,0.0,0.0,0.0,Study 4,cardiology_phase2,96.1,95.5,0.6,Low,Low,Low,Low
Subject 1889,Site 215,0.0,0.0,0.0,6.0,Study 4,cardiology_phase2,84.6,89.5,-4.9,Medium,Low,Medium,Medium
Subject 1890,Site 215,0.0,0.0,0.0,0.0,Study 4,cardiology_phase2,96.1,95.5,0.6,Low,Low,Low,Low
Subject 1891,Site 215,0.0,0.0,0.0,8.0,Study 4,cardiology_phase2,80.8,87.5,-6.7,Medium,Low,Medium,Medium
Subject 1892,Site 215,0.0,0.0,0.0,0.0,Study 4,cardiology_phase2,96.1,95.5,0.6,Low,Low,Low,Low
Subject 1893,Site 215,0.0,0.0,0.0,7.0,Study 4,cardiology_phase2,82.7,88.5,-5.8,Medium,Low,Medium,Medium
Subject 1894,Site 215,0.0,0.0,0.0,25.0,Study 4,cardiology_phase2,76.9,85.5,-8.6,Medium,Low,Medium,Medium
Subject 1895,Site 215,0.0,0.0,0.0,0.0,Study 4,cardiology_phase2,96.1,95.5,0.6,Low,Low,Low,Low
Subject 1896,Site 215,0.0,0.0,0.0,33.0,Study 4,cardiology_phase2,76.9,85.5,-8.6,Medium,Low,Medium,Medium
Subject 1897,Site 215,0.0,0.0,0.0,23.0,Study 4,cardiology_phase2,76.9,85.5,-8.6,Medium,Low,Medium,Medium
Subject 1898,Site 216,0.0,0.0,0.0,11.0,Study 4,cardiology_phase2,76.9,85.5,-8.6,Medium,Low,Medium,Medium
Subject 1899,Site 216,0.0,0.0,0.0,0.0,Study 4,cardiology_phase2,96.1,95.5,0.6,Low,Low,Low,Low
Subject 1900,Site 216,0.0,0.0,0.0,14.0,Study 4,cardiology_phase2,76.9,85.5,-8.6,Medium,Low,Medium,Medium
Subject 1901,Site 216,0.0,0.0,0.0,0.0,Study 4,cardiology_phase2,96.1,95.5,0.6,Low,Low,Low,Low
Subject 1902,Site 216,0.0,0.0,0.0,0.0,Study 4,cardiology_phase2,96.1,95.5,0.6,Low,Low,Low,Low
Subject 1903,Site 216,0.0,0.0,0.0,0.0,Study 4,cardiology_phase2,96.1,95.5,0.6,Low,Low,Low,Low
Subject 1904,Site 216,0.0,0.0,0.0,0.0,Study 4,cardiology_phase2,96.1,95.5,0.6,Low,Low,Low,Low
Subject 1905,Site 216,0.0,0.0,0.0,0.0,Study 4,cardiology_phase2,96.1,95.5,0.6,Low,Low,Low,Low
Subject 1906,Site 216,0.0,0.0,0.0,3.0,Study 4,cardiology_phase2,90.4,92.5,-2.1,Low,Low,Low,Low
Subject 1907,Site 216,0.0,0.0,0.0,10.0,Study 4,cardiology_phase2,76.9,85.5,-8.6,Medium,Low,Medium,Medium
Subject 1908,Site 216,0.0,0.0,0.0,22.0,Study 4,cardiology_phase2,76.9,85.5,-8.6,Medium,Low,Medium,Medium
Subject 1909,Site 217,0.0,0.0,0.0,1.0,Study 4,cardiology_phase2,94.2,94.5,-0.3,Low,Low,Low,Low
Subject 1910,Site 217,0.0,0.0,0.0,1.0,Study 4,cardiology_phase2,94.2,94.5,-0.3,Low,Low,Low,Low
Subject 1911,Site 217,0.0,0.0,0.0,5.0,Study 4,cardiology_phase2,86.5,90.5,-4.0,Low,Low,Low,Low
Subject 1912,Site 217,0.0,0.0,0.0,0.0,Study 4,cardiology_phase2,96.1,95.5,0.6,Low,Low,Low,Low
Subject 1913,Site 217,0.0,0.0,0.0,2.0,Study 4,cardiology_phase2,92.3,93.5,-1.2,Low,Low,Low,Low
Subject 1914,Site 217,0.0,0.0,0.0,0.0,Study 4,cardiology_phase2,96.1,95.5,0.6,Low,Low,Low,Low
Subject 1915,Site 217,0.0,0.0,0.0,22.0,Study 4,cardiology_phase2,76.9,85.5,-8.6,Medium,Low,Medium,Medium
Subject 1916,Site 218,0.0,0.0,0.0,0.0,Study 4,cardiology_phase2,96.1,95.5,0.6,Low,Low,Low,Low
Subject 1917,Site 218,0.0,0.0,0.0,0.0,Study 4,cardiology_phase2,96.1,95.5,0.6,Low,Low,Low,Low
Subject 1918,Site 218,0.0,0.0,0.0,8.0,Study 4,cardiology_phase2,80.8,87.5,-6.7,Medium,Low,Medium,Medium
Subject 1919,Site 218,0.0,0.0,0.0,8.0,Study 4,cardiology_phase2,80.8,87.5,-6.7,Medium,Low,Medium,Medium
Subject 1920,Site 218,0.0,0.0,0.0,4.0,Study 4,cardiology_phase2,88.4,91.5,-3.1,Low,Low,Low,Low
Subject 1921,Site 218,0.0,0.0,0.0,31.0,Study 4,cardiology_phase2,76.9,85.5,-8.6,Medium,Low,Medium,Medium
Subject 1922,Site 218,0.0,0.0,0.0,0.0,Study 4,cardiology_phase2,96.1,95.5,0.6,Low,Low,Low,Low
Subject 1923,Site 219,0.0,0.0,0.0,34.0,Study 4,cardiology_phase2,76.9,85.5,-8.6,Medium,Low,Medium,Medium
Subject 1924,Site 219,0.0,0.0,0.0,21.0,Study 4,cardiology_phase2,76.9,85.5,-8.6,Medium,Low,Medium,Medium
Subject 1925,Site 220,0.0,0.0,0.0,0.0,Study 4,cardiology_phase2,96.1,95.5,0.6,Low,Low,Low,Low
Subject 1926,Site 220,0.0,0.0,0.0,0.0,Study 4,cardiology_phase2,96.1,95.5,0.6,Low,Low,Low,Low
Subject 1927,Site 221,0.0,0.0,0.0,6.0,Study 4,cardiology_phase2,84.6,89.5,-4.9,Medium,Low,Medium,Medium
Subject 1928,Site 221,0.0,0.0,0.0,0.0,Study 4,cardiology_phase2,96.1,95.5,0.6,Low,Low,Low,Low
Subject 1929,Site 221,0.0,0.0,0.0,20.0,Study 4,cardiology_phase2,76.9,85.5,-8.6,Medium,Low,Medium,Medium
Subject 1930,Site 221,0.0,0.0,0.0,4.0,Study 4,cardiology_phase2,88.4,91.5,-3.1,Low,Low,Low,Low
Subject 1931,Site 221,0.0,0.0,0.0,6.0,Study 4,cardiology_phase2,84.6,89.5,-4.9,Medium,Low,Medium,Medium
Subject 1932,Site 221,0.0,0.0,0.0,0.0,Study 4,cardiology_phase2,96.1,95.5,0.6,Low,Low,Low,Low
Subject 1933,Site 221,0.0,0.0,0.0,4.0,Study 4,cardiology_phase2,88.4,91.5,-3.1,Low,Low,Low,Low
Subject 1934,Site 221,0.0,0.0,0.0,17.0,Study 4,cardiology_phase2,76.9,85.5,-8.6,Medium,Low,Medium,Medium
Subject 1935,Site 221,0.0,0.0,0.0,34.0,Study 4,cardiology_phase2,76.9,85.5,-8.6,Medium,Low,Medium,Medium
Subject 1936,Site 222,0.0,0.0,0.0,2.0,Study 4,cardiology_phase2,92.3,93.5,-1.2,Low,Low,Low,Low
Subject 1937,Site 222,0.0,0.0,0.0,2.0,Study 4,cardiology_phase2,92.3,93.5,-1.2,Low,Low,Low,Low
Subject 1938,Site 222,0.0,0.0,0.0,4.0,Study 4,cardiology_phase2,88.4,91.5,-3.1,Low,Low,Low,Low
Subject 1939,Site 222,0.0,0.0,0.0,18.0,Study 4,cardiology_phase2,76.9,85.5,-8.6,Medium,Low,Medium,Medium
Subject 1940,Site 222,0.0,0.0,0.0,9.0,Study 4,cardiology_phase2,78.8,86.5,-7.7,Medium,Low,Medium,Medium
Subject 1941,Site 222,0.0,0.0,0.0,6.0,Study 4,cardiology_phase2,84.6,89.5,-4.9,Medium,Low,Medium,Medium
Subject 1942,Site 222,0.0,0.0,0.0,12.0,Study 4,cardiology_phase2,76.9,85.5,-8.6,Medium,Low,Medium,Medium
Subject 1943,Site 222,0.0,0.0,0.0,0.0,Study 4,cardiology_phase2,96.1,95.5,0.6,Low,Low,Low,Low
Subject 1944,Site 222,0.0,0.0,0.0,0.0,Study 4,cardiology_phase2,96.1,95.5,0.6,Low,Low,Low,Low
Subject 1945,Site 223,0.0,0.0,0.0,0.0,Study 4,cardiology_phase2,96.1,95.5,0.6,Low,Low,Low,Low
Subject 1946,Site 218,0.0,0.0,0.0,0.0,Study 4,cardiology_phase2,96.1,95.5,0.6,Low,Low,Low,Low
Subject 1947,Site 223,0.0,0.0,0.0,0.0,Study 4,cardiology_phase2,96.1,95.5,0.6,Low,Low,Low,Low
Subject 1948,Site 224,0.0,0.0,0.0,33.0,Study 4,cardiology_phase2,76.9,85.5,-8.6,Medium,Low,Medium,Medium
Subject 1949,Site 224,0.0,0.0,0.0,0.0,Study 4,cardiology_phase2,96.1,95.5,0.6,Low,Low,Low,Low
Subject 1950,Site 224,0.0,0.0,0.0,18.0,Study 4,cardiology_phase2,76.9,85.5,-8.6,Medium,Low,Medium,Medium
Subject 1951,Site 224,0.0,0.0,0.0,0.0,Study 4,cardiology_phase2,96.1,95.5,0.6,Low,Low,Low,Low
Subject 1952,Site 224,0.0,0.0,0.0,28.0,Study 4,cardiology_phase2,76.9,85.5,-8.6,Medium,Low,Medium,Medium
Subject 1953,Site 224,0.0,0.0,0.0,0.0,Study 4,cardiology_phase2,96.1,95.5,0.6,Low,Low,Low,Low
Subject 1954,Site 224,0.0,0.0,0.0,30.0,Study 4,cardiology_phase2,76.9,85.5,-8.6,Medium,Low,Medium,Medium
Subject 1955,Site 224,0.0,0.0,0.0,48.0,Study 4,cardiology_phase2,76.9,85.5,-8.6,Medium,Low,Medium,Medium
Subject 1956,Site 224,0.0,0.0,0.0,11.0,Study 4,cardiology_phase2,76.9,85.5,-8.6,Medium,Low,Medium,Medium
Subject 1957,Site 225,0.0,0.0,0.0,8.0,Study 4,cardiology_phase2,80.8,87.5,-6.7,Medium,Low,Medium,Medium
Subject 1958,Site 225,0.0,0.0,0.0,4.0,Study 4,cardiology_phase2,88.4,91.5,-3.1,Low,Low,Low,Low
Subject 1959,Site 225,0.0,0.0,0.0,9.0,Study 4,cardiology_phase2,78.8,86.5,-7.7,Medium,Low,Medium,Medium
Subject 1960,Site 225,0.0,0.0,0.0,13.0,Study 4,cardiology_phase2,76.9,85.5,-8.6,Medium,Low,Medium,Medium
Subject 1961,Site 225,0.0,0.0,0.0,0.0,Study 4,cardiology_phase2,96.1,95.5,0.6,Low,Low,Low,Low
Subject 1962,Site 225,0.0,0.0,0.0,0.0,Study 4,cardiology_phase2,96.1,95.5,0.6,Low,Low,Low,Low
Subject 1963,Site 225,0.0,0.0,0.0,0.0,Study 4,cardiology_phase2,96.1,95.5,0.6,Low,Low,Low,Low
Subject 1964,Site 225,0.0,0.0,0.0,2.0,Study 4,cardiology_phase2,92.3,93.5,-1.2,Low,Low,Low,Low
Subject 1965,Site 225,0.0,0.0,0.0,0.0,Study 4,cardiology_phase2,96.1,95.5,0.6,Low,Low,Low,Low
Subject 1966,Site 225,0.0,0.0,0.0,7.0,Study 4,cardiology_phase2,82.7,88.5,-5.8,Medium,Low,Medium,Medium
Subject 1967,Site 225,0.0,0.0,0.0,21.0,Study 4,cardiology_phase2,76.9,85.5,-8.6,Medium,Low,Medium,Medium
Subject 1968,Site 226,0.0,0.0,0.0,0.0,Study 4,cardiology_phase2,96.1,95.5,0.6,Low,Low,Low,Low
Subject 1969,Site 226,0.0,0.0,0.0,2.0,Study 4,cardiology_phase2,92.3,93.5,-1.2,Low,Low,Low,Low
Subject 1970,Site 226,0.0,0.0,0.0,9.0,Study 4,cardiology_phase2,78.8,86.5,-7.7,Medium,Low,Medium,Medium
Subject 1971,Site 226,0.0,0.0,0.0,0.0,Study 4,cardiology_phase2,96.1,95.5,0.6,Low,Low,Low,Low
Subject 1972,Site 227,0.0,0.0,0.0,3.0,Study 4,cardiology_phase2,90.4,92.5,-2.1,Low,Low,Low,Low
Subject 1973,Site 227,0.0,0.0,0.0,0.0,Study 4,cardiology_phase2,96.1,95.5,0.6,Low,Low,Low,Low
Subject 1974,Site 228,0.0,0.0,0.0,0.0,Study 4,cardiology_phase2,96.1,95.5,0.6,Low,Low,Low,Low
Subject 1975,Site 228,0.0,0.0,0.0,0.0,Study 4,cardiology_phase2,96.1,95.5,0.6,Low,Low,Low,Low
Subject 1976,Site 228,0.0,0.0,0.0,0.0,Study 4,cardiology_phase2,96.1,95.5,0.6,Low,Low,Low,Low
Subject 1977,Site 228,0.0,0.0,0.0,34.0,Study 4,cardiology_phase2,76.9,85.5,-8.6,Medium,Low,Medium,Medium
Subject 1978,Site 228,0.0,0.0,0.0,10.0,Study 4,cardiology_phase2,76.9,85.5,-8.6,Medium,Low,Medium,Medium
Subject 1979,Site 228,0.0,0.0,0.0,1.0,Study 4,cardiology_phase2,94.2,94.5,-0.3,Low,Low,Low,Low
Subject 1980,Site 228,0.0,0.0,0.0,0.0,Study 4,cardiology_phase2,96.1,95.5,0.6,Low,Low,Low,Low
Subject 1981,Site 228,0.0,0.0,0.0,9.0,Study 4,cardiology_phase2,78.8,86.5,-7.7,Medium,Low,Medium,Medium
Subject 1982,Site 228,0.0,0.0,0.0,31.0,Study 4,cardiology_phase2,76.9,85.5,-8.6,Medium,Low,Medium,Medium
Subject 1983,Site 228,0.0,0.0,0.0,10.0,Study 4,cardiology_phase2,76.9,85.5,-8.6,Medium,Low,Medium,Medium
Subject 1984,Site 229,0.0,0.0,0.0,0.0,Study 4,cardiology_phase2,96.1,95.5,0.6,Low,Low,Low,Low
Subject 1985,Site 229,0.0,0.0,0.0,0.0,Study 4,cardiology_phase2,96.1,95.5,0.6,Low,Low,Low,Low
Subject 1986,Site 229,0.0,0.0,0.0,6.0,Study 4,cardiology_phase2,84.6,89.5,-4.9,Medium,Low,Medium,Medium
Subject 1987,Site 229,0.0,0.0,0.0,0.0,Study 4,cardiology_phase2,96.1,95.5,0.6,Low,Low,Low,Low
Subject 1988,Site 229,0.0,0.0,0.0,0.0,Study 4,cardiology_phase2,96.1,95.5,0.6,Low,Low,Low,Low
Subject 1989,Site 229,0.0,0.0,0.0,0.0,Study 4,cardiology_phase2,96.1,95.5,0.6,Low,Low,Low,Low
Subject 1990,Site 229,0.0,0.0,0.0,23.0,Study 4,cardiology_phase2,76.9,85.5,-8.6,Medium,Low,Medium,Medium
Subject 1991,Site 229,0.0,0.0,0.0,0.0,Study 4,cardiology_phase2,96.1,95.5,0.6,Low,Low,Low,Low
Subject 1992,Site 229,0.0,0.0,0.0,0.0,Study 4,cardiology_phase2,96.1,95.5,0.6,Low,Low,Low,Low
Subject 1993,Site 229,0.0,0.0,0.0,0.0,Study 4,cardiology_phase2,96.1,95.5,0.6,Low,Low,Low,Low
Subject 1994,Site 230,0.0,0.0,0.0,0.0,Study 4,cardiology_phase2,96.1,95.5,0.6,Low,Low,Low,Low
Subject 1995,Site 230,0.0,0.0,0.0,0.0,Study 4,cardiology_phase2,96.1,95.5,0.6,Low,Low,Low,Low
Subject 1996,Site 230,0.0,0.0,0.0,14.0,Study 4,cardiology_phase2,76.9,85.5,-8.6,Medium,Low,Medium,Medium
Subject 1997,Site 230,0.0,0.0,0.0,17.0,Study 4,cardiology_phase2,76.9,85.5,-8.6,Medium,Low,Medium,Medium
Subject 1998,Site 199,0.0,0.0,0.0,0.0,Study 4,cardiology_phase2,96.1,95.5,0.6,Low,Low,Low,Low
Subject 1999,Site 199,0.0,0.0,0.0,1.0,Study 4,cardiology_phase2,94.2,94.5,-0.3,Low,Low,Low,Low
Subject 2000,Site 199,0.0,0.0,0.0,3.0,Study 4,cardiology_phase2,90.4,92.5,-2.1,Low,Low,Low,Low
Subject 2001,Site 199,0.0,0.0,0.0,4.0,Study 4,cardiology_phase2,88.4,91.5,-3.1,Low,Low,Low,Low
Subject 2002,Site 199,0.0,0.0,0.0,25.0,Study 4,cardiology_phase2,76.9,85.5,-8.6,Medium,Low,Medium,Medium
Subject 2003,Site 231,0.0,0.0,0.0,3.0,Study 4,cardiology_phase2,90.4,92.5,-2.1,Low,Low,Low,Low
Subject 2004,Site 231,0.0,0.0,0.0,3.0,Study 4,cardiology_phase2,90.4,92.5,-2.1,Low,Low,Low,Low
Subject 2005,Site 231,0.0,0.0,0.0,0.0,Study 4,cardiology_phase2,96.1,95.5,0.6,Low,Low,Low,Low
Subject 2006,Site 231,0.0,0.0,0.0,0.0,Study 4,cardiology_phase2,96.1,95.5,0.6,Low,Low,Low,Low
Subject 2007,Site 231,0.0,0.0,0.0,0.0,Study 4,cardiology_phase2,96.1,95.5,0.6,Low,Low,Low,Low
Subject 2008,Site 231,0.0,0.0,0.0,6.0,Study 4,cardiology_phase2,84.6,89.5,-4.9,Medium,Low,Medium,Medium
Subject 2009,Site 231,0.0,0.0,0.0,0.0,Study 4,cardiology_phase2,96.1,95.5,0.6,Low,Low,Low,Low
Subject 2010,Site 231,0.0,0.0,0.0,7.0,Study 4,cardiology_phase2,82.7,88.5,-5.8,Medium,Low,Medium,Medium
Subject 2011,Site 231,0.0,0.0,0.0,0.0,Study 4,cardiology_phase2,96.1,95.5,0.6,Low,Low,Low,Low
Subject 2012,Site 231,0.0,0.0,0.0,0.0,Study 4,cardiology_phase2,96.1,95.5,0.6,Low,Low,Low,Low
Subject 2013,Site 231,0.0,0.0,0.0,1.0,Study 4,cardiology_phase2,94.2,94.5,-0.3,Low,Low,Low,Low
Subject 2014,Site 231,0.0,0.0,0.0,0.0,Study 4,cardiology_phase2,96.1,95.5,0.6,Low,Low,Low,Low
Subject 2015,Site 231,0.0,0.0,0.0,3.0,Study 4,cardiology_phase2,90.4,92.5,-2.1,Low,Low,Low,Low
Subject 2016,Site 231,0.0,0.0,0.0,0.0,Study 4,cardiology_phase2,96.1,95.5,0.6,Low,Low,Low,Low
Subject 2017,Site 231,0.0,0.0,0.0,4.0,Study 4,cardiology_phase2,88.4,91.5,-3.1,Low,Low,Low,Low
Subject 2018,Site 231,0.0,0.0,0.0,0.0,Study 4,cardiology_phase2,96.1,95.5,0.6,Low,Low,Low,Low
Subject 2019,Site 231,0.0,0.0,0.0,0.0,Study 4,cardiology_phase2,96.1,95.5,0.6,Low,Low,Low,Low
Subject 2020,Site 232,0.0,0.0,0.0,0.0,Study 4,cardiology_phase2,96.1,95.5,0.6,Low,Low,Low,Low
Subject 2021,Site 233,0.0,0.0,0.0,0.0,Study 4,cardiology_phase2,96.1,95.5,0.6,Low,Low,Low,Low
Subject 2022,Site 233,0.0,0.0,0.0,17.0,Study 4,cardiology_phase2,76.9,85.5,-8.6,Medium,Low,Medium,Medium
Subject 2023,Site 234,0.0,0.0,0.0,23.0,Study 4,cardiology_phase2,76.9,85.5,-8.6,Medium,Low,Medium,Medium
Subject 2024,Site 234,0.0,0.0,0.0,8.0,Study 4,cardiology_phase2,80.8,87.5,-6.7,Medium,Low,Medium,Medium
Subject 2025,Site 234,0.0,0.0,0.0,5.0,Study 4,cardiology_phase2,86.5,90.5,-4.0,Low,Low,Low,Low
Subject 2026,Site 234,0.0,0.0,0.0,0.0,Study 4,cardiology_phase2,96.1,95.5,0.6,Low,Low,Low,Low
Subject 2027,Site 234,0.0,0.0,0.0,23.0,Study 4,cardiology_phase2,76.9,85.5,-8.6,Medium,Low,Medium,Medium
Subject 2028,Site 235,0.0,0.0,0.0,4.0,Study 4,cardiology_phase2,88.4,91.5,-3.1,Low,Low,Low,Low
Subject 2029,Site 236,0.0,0.0,0.0,21.0,Study 4,cardiology_phase2,76.9,85.5,-8.6,Medium,Low,Medium,Medium
Subject 2030,Site 236,0.0,0.0,0.0,40.0,Study 4,cardiology_phase2,76.9,85.5,-8.6,Medium,Low,Medium,Medium
Subject 2031,Site 236,0.0,0.0,0.0,58.0,Study 4,cardiology_phase2,76.9,85.5,-8.6,Medium,Low,Medium,Medium
Subject 2032,Site 236,0.0,0.0,0.0,17.0,Study 4,cardiology_phase2,76.9,85.5,-8.6,Medium,Low,Medium,Medium
Subject 2033,Site 236,0.0,0.0,0.0,61.0,Study 4,cardiology_phase2,76.9,85.5,-8.6,Medium,Low,Medium,Medium
Subject 2034,Site 236,0.0,0.0,0.0,85.0,Study 4,cardiology_phase2,76.9,85.5,-8.6,Medium,Low,Medium,Medium
Subject 2035,Site 236,0.0,0.0,0.0,0.0,Study 4,cardiology_phase2,96.1,95.5,0.6,Low,Low,Low,Low
Subject 2036,Site 236,0.0,0.0,0.0,17.0,Study 4,cardiology_phase2,76.9,85.5,-8.6,Medium,Low,Medium,Medium
Subject 2037,Site 236,0.0,0.0,0.0,54.0,Study 4,cardiology_phase2,76.9,85.5,-8.6,Medium,Low,Medium,Medium
Subject 2038,Site 236,0.0,0.0,0.0,0.0,Study 4,cardiology_phase2,96.1,95.5,0.6,Low,Low,Low,Low
Subject 2039,Site 236,0.0,0.0,0.0,11.0,Study 4,cardiology_phase2,76.9,85.5,-8.6,Medium,Low,Medium,Medium
Subject 2040,Site 236,0.0,0.0,0.0,26.0,Study 4,cardiology_phase2,76.9,85.5,-8.6,Medium,Low,Medium,Medium
Subject 2041,Site 236,0.0,0.0,0.0,19.0,Study 4,cardiology_phase2,76.9,85.5,-8.6,Medium,Low,Medium,Medium
Subject 2042,Site 236,0.0,0.0,0.0,0.0,Study 4,cardiology_phase2,96.1,95.5,0.6,Low,Low,Low,Low
Subject 2043,Site 236,0.0,0.0,0.0,13.0,Study 4,cardiology_phase2,76.9,85.5,-8.6,Medium,Low,Medium,Medium
Subject 2044,Site 236,0.0,0.0,0.0,27.0,Study 4,cardiology_phase2,76.9,85.5,-8.6,Medium,Low,Medium,Medium
Subject 2045,Site 236,0.0,0.0,0.0,0.0,Study 4,cardiology_phase2,96.1,95.5,0.6,Low,Low,Low,Low
Subject 2046,Site 236,0.0,0.0,0.0,4.0,Study 4,cardiology_phase2,88.4,91.5,-3.1,Low,Low,Low,Low
Subject 2047,Site 236,0.0,0.0,0.0,10.0,Study 4,cardiology_phase2,76.9,85.5,-8.6,Medium,Low,Medium,Medium
Subject 2048,Site 236,0.0,0.0,0.0,0.0,Study 4,cardiology_phase2,96.1,95.5,0.6,Low,Low,Low,Low
Subject 2049,Site 236,0.0,0.0,0.0,54.0,Study 4,cardiology_phase2,76.9,85.5,-8.6,Medium,Low,Medium,Medium
Subject 2050,Site 236,0.0,0.0,0.0,28.0,Study 4,cardiology_phase2,76.9,85.5,-8.6,Medium,Low,Medium,Medium
Subject 2051,Site 236,0.0,0.0,0.0,46.0,Study 4,cardiology_phase2,76.9,85.5,-8.6,Medium,Low,Medium,Medium
Subject 2052,Site 236,0.0,0.0,0.0,17.0,Study 4,cardiology_phase2,76.9,85.5,-8.6,Medium,Low,Medium,Medium
Subject 2053,Site 236,0.0,0.0,0.0,0.0,Study 4,cardiology_phase2,96.1,95.5,0.6,Low,Low,Low,Low
Subject 2054,Site 236,0.0,0.0,0.0,23.0,Study 4,cardiology_phase2,76.9,85.5,-8.6,Medium,Low,Medium,Medium
Subject 2055,Site 235,0.0,0.0,0.0,0.0,Study 4,cardiology_phase2,96.1,95.5,0.6,Low,Low,Low,Low
Subject 2056,Site 235,0.0,0.0,0.0,0.0,Study 4,cardiology_phase2,96.1,95.5,0.6,Low,Low,Low,Low
Subject 2057,Site 235,0.0,0.0,0.0,0.0,Study 4,cardiology_phase2,96.1,95.5,0.6,Low,Low,Low,Low
Subject 2058,Site 235,0.0,0.0,0.0,0.0,Study 4,cardiology_phase2,96.1,95.5,0.6,Low,Low,Low,Low
Subject 2059,Site 235,0.0,0.0,0.0,0.0,Study 4,cardiology_phase2,96.1,95.5,0.6,Low,Low,Low,Low
Subject 2060,Site 235,0.0,0.0,0.0,9.0,Study 4,cardiology_phase2,78.8,86.5,-7.7,Medium,Low,Medium,Medium
Subject 2061,Site 235,0.0,0.0,0.0,0.0,Study 4,cardiology_phase2,96.1,95.5,0.6,Low,Low,Low,Low
Subject 2062,Site 235,0.0,0.0,0.0,0.0,Study 4,cardiology_phase2,96.1,95.5,0.6,Low,Low,Low,Low
Subject 2063,Site 235,0.0,0.0,0.0,15.0,Study 4,cardiology_phase2,76.9,85.5,-8.6,Medium,Low,Medium,Medium
Subject 2064,Site 237,0.0,0.0,0.0,0.0,Study 4,cardiology_phase2,96.1,95.5,0.6,Low,Low,Low,Low
Subject 2065,Site 237,0.0,0.0,0.0,0.0,Study 4,cardiology_phase2,96.1,95.5,0.6,Low,Low,Low,Low
Subject 2066,Site 237,0.0,0.0,0.0,0.0,Study 4,cardiology_phase2,96.1,95.5,0.6,Low,Low,Low,Low
Subject 2067,Site 237,0.0,0.0,0.0,0.0,Study 4,cardiology_phase2,96.1,95.5,0.6,Low,Low,Low,Low
Subject 2068,Site 237,0.0,0.0,0.0,0.0,Study 4,cardiology_phase2,96.1,95.5,0.6,Low,Low,Low,Low
Subject 2069,Site 237,0.0,0.0,0.0,0.0,Study 4,cardiology_phase2,96.1,95.5,0.6,Low,Low,Low,Low
Subject 2070,Site 237,0.0,0.0,0.0,8.0,Study 4,cardiology_phase2,80.8,87.5,-6.7,Medium,Low,Medium,Medium
Subject 2071,Site 237,0.0,0.0,0.0,0.0,Study 4,cardiology_phase2,96.1,95.5,0.6,Low,Low,Low,Low
Subject 2072,Site 237,0.0,0.0,0.0,0.0,Study 4,cardiology_phase2,96.1,95.5,0.6,Low,Low,Low,Low
Subject 2073,Site 238,0.0,0.0,0.0,5.0,Study 4,cardiology_phase2,86.5,90.5,-4.0,Low,Low,Low,Low
Subject 2074,Site 214,0.0,0.0,0.0,18.0,Study 4,cardiology_phase2,76.9,85.5,-8.6,Medium,Low,Medium,Medium
Subject 2075,Site 238,0.0,0.0,0.0,1.0,Study 4,cardiology_phase2,94.2,94.5,-0.3,Low,Low,Low,Low
Subject 2076,Site 238,0.0,0.0,0.0,4.0,Study 4,cardiology_phase2,88.4,91.5,-3.1,Low,Low,Low,Low
Subject 2077,Site 238,0.0,0.0,0.0,0.0,Study 4,cardiology_phase2,96.1,95.5,0.6,Low,Low,Low,Low
Subject 2078,Site 238,0.0,0.0,0.0,4.0,Study 4,cardiology_phase2,88.4,91.5,-3.1,Low,Low,Low,Low
Subject 2079,Site 238,0.0,0.0,0.0,1.0,Study 4,cardiology_phase2,94.2,94.5,-0.3,Low,Low,Low,Low
Subject 2080,Site 238,0.0,0.0,0.0,0.0,Study 4,cardiology_phase2,96.1,95.5,0.6,Low,Low,Low,Low
Subject 2081,Site 238,0.0,0.0,0.0,12.0,Study 4,cardiology_phase2,76.9,85.5,-8.6,Medium,Low,Medium,Medium
Subject 2082,Site 238,0.0,0.0,0.0,14.0,Study 4,cardiology_phase2,76.9,85.5,-8.6,Medium,Low,Medium,Medium
Subject 2083,Site 238,0.0,0.0,0.0,2.0,Study 4,cardiology_phase2,92.3,93.5,-1.2,Low,Low,Low,Low
Subject 2084,Site 238,0.0,0.0,0.0,9.0,Study 4,cardiology_phase2,78.8,86.5,-7.7,Medium,Low,Medium,Medium
Subject 2085,Site 231,0.0,0.0,0.0,10.0,Study 4,cardiology_phase2,76.9,85.5,-8.6,Medium,Low,Medium,Medium
Subject 2086,Site 238,0.0,0.0,0.0,0.0,Study 4,cardiology_phase2,96.1,95.5,0.6,Low,Low,Low,Low
Subject 2087,Site 239,0.0,0.0,0.0,25.0,Study 4,cardiology_phase2,76.9,85.5,-8.6,Medium,Low,Medium,Medium
Subject 2088,Site 239,0.0,0.0,0.0,0.0,Study 4,cardiology_phase2,96.1,95.5,0.6,Low,Low,Low,Low
Subject 2089,Site 239,0.0,0.0,0.0,0.0,Study 4,cardiology_phase2,96.1,95.5,0.6,Low,Low,Low,Low
Subject 2090,Site 239,0.0,0.0,0.0,9.0,Study 4,cardiology_phase2,78.8,86.5,-7.7,Medium,Low,Medium,Medium
Subject 2091,Site 239,0.0,0.0,0.0,12.0,Study 4,cardiology_phase2,76.9,85.5,-8.6,Medium,Low,Medium,Medium
Subject 2092,Site 239,0.0,0.0,0.0,0.0,Study 4,cardiology_phase2,96.1,95.5,0.6,Low,Low,Low,Low
Subject 2093,Site 239,0.0,0.0,0.0,24.0,Study 4,cardiology_phase2,76.9,85.5,-8.6,Medium,Low,Medium,Medium
Subject 2094,Site 239,0.0,0.0,0.0,0.0,Study 4,cardiology_phase2,96.1,95.5,0.6,Low,Low,Low,Low
Subject 2095,Site 239,0.0,0.0,0.0,4.0,Study 4,cardiology_phase2,88.4,91.5,-3.1,Low,Low,Low,Low
Subject 2096,Site 239,0.0,0.0,0.0,25.0,Study 4,cardiology_phase2,76.9,85.5,-8.6,Medium,Low,Medium,Medium
Subject 2097,Site 239,0.0,0.0,0.0,10.0,Study 4,cardiology_phase2,76.9,85.5,-8.6,Medium,Low,Medium,Medium
Subject 2098,Site 239,0.0,0.0,0.0,0.0,Study 4,cardiology_phase2,96.1,95.5,0.6,Low,Low,Low,Low
Subject 2099,Site 240,0.0,0.0,0.0,77.0,Study 4,cardiology_phase2,76.9,85.5,-8.6,Medium,Low,Medium,Medium
Subject 2100,Site 240,0.0,0.0,0.0,5.0,Study 4,cardiology_phase2,86.5,90.5,-4.0,Low,Low,Low,Low
Subject 2101,Site 240,0.0,0.0,0.0,0.0,Study 4,cardiology_phase2,96.1,95.5,0.6,Low,Low,Low,Low
Subject 2102,Site 240,0.0,0.0,0.0,0.0,Study 4,cardiology_phase2,96.1,95.5,0.6,Low,Low,Low,Low
Subject 2103,Site 240,0.0,0.0,0.0,0.0,Study 4,cardiology_phase2,96.1,95.5,0.6,Low,Low,Low,Low
Subject 2104,Site 240,0.0,0.0,0.0,0.0,Study 4,cardiology_phase2,96.1,95.5,0.6,Low,Low,Low,Low
Subject 2105,Site 240,0.0,0.0,0.0,0.0,Study 4,cardiology_phase2,96.1,95.5,0.6,Low,Low,Low,Low
Subject 2106,Site 240,0.0,0.0,0.0,5.0,Study 4,cardiology_phase2,86.5,90.5,-4.0,Low,Low,Low,Low
Subject 2107,Site 240,0.0,0.0,0.0,0.0,Study 4,cardiology_phase2,96.1,95.5,0.6,Low,Low,Low,Low
Subject 2108,Site 241,0.0,0.0,0.0,31.0,Study 4,cardiology_phase2,76.9,85.5,-8.6,Medium,Low,Medium,Medium
Subject 2109,Site 241,0.0,0.0,0.0,0.0,Study 4,cardiology_phase2,96.1,95.5,0.6,Low,Low,Low,Low
Subject 2110,Site 241,0.0,0.0,0.0,0.0,Study 4,cardiology_phase2,96.1,95.5,0.6,Low,Low,Low,Low
Subject 2111,Site 241,0.0,0.0,0.0,24.0,Study 4,cardiology_phase2,76.9,85.5,-8.6,Medium,Low,Medium,Medium
Subject 2112,Site 242,0.0,0.0,0.0,8.0,Study 4,cardiology_phase2,80.8,87.5,-6.7,Medium,Low,Medium,Medium
Subject 2113,Site 242,0.0,0.0,0.0,0.0,Study 4,cardiology_phase2,96.1,95.5,0.6,Low,Low,Low,Low
Subject 2114,Site 242,0.0,0.0,0.0,0.0,Study 4,cardiology_phase2,96.1,95.5,0.6,Low,Low,Low,Low
Subject 2115,Site 243,0.0,0.0,0.0,10.0,Study 4,cardiology_phase2,76.9,85.5,-8.6,Medium,Low,Medium,Medium
Subject 2116,Site 243,0.0,0.0,0.0,20.0,Study 4,cardiology_phase2,76.9,85.5,-8.6,Medium,Low,Medium,Medium
Subject 2117,Site 243,0.0,0.0,0.0,0.0,Study 4,cardiology_phase2,96.1,95.5,0.6,Low,Low,Low,Low
Subject 2118,Site 243,0.0,0.0,0.0,18.0,Study 4,cardiology_phase2,76.9,85.5,-8.6,Medium,Low,Medium,Medium
Subject 2119,Site 243,0.0,0.0,0.0,15.0,Study 4,cardiology_phase2,76.9,85.5,-8.6,Medium,Low,Medium,Medium
Subject 2120,Site 243,0.0,0.0,0.0,0.0,Study 4,cardiology_phase2,96.1,95.5,0.6,Low,Low,Low,Low
Subject 2121,Site 243,0.0,0.0,0.0,8.0,Study 4,cardiology_phase2,80.8,87.5,-6.7,Medium,Low,Medium,Medium
Subject 2122,Site 243,0.0,0.0,0.0,24.0,Study 4,cardiology_phase2,76.9,85.5,-8.6,Medium,Low,Medium,Medium
Subject 2123,Site 243,0.0,0.0,0.0,0.0,Study 4,cardiology_phase2,96.1,95.5,0.6,Low,Low,Low,Low
Subject 2124,Site 243,0.0,0.0,0.0,15.0,Study 4,cardiology_phase2,76.9,85.5,-8.6,Medium,Low,Medium,Medium
Subject 2125,Site 243,0.0,0.0,0.0,20.0,Study 4,cardiology_phase2,76.9,85.5,-8.6,Medium,Low,Medium,Medium
Subject 2126,Site 243,0.0,0.0,0.0,2.0,Study 4,cardiology_phase2,92.3,93.5,-1.2,Low,Low,Low,Low
Subject 2127,Site 244,0.0,0.0,0.0,0.0,Study 4,cardiology_phase2,96.1,95.5,0.6,Low,Low,Low,Low
Subject 2128,Site 244,0.0,0.0,0.0,9.0,Study 4,cardiology_phase2,78.8,86.5,-7.7,Medium,Low,Medium,Medium
Subject 2129,Site 245,0.0,0.0,0.0,0.0,Study 4,cardiology_phase2,96.1,95.5,0.6,Low,Low,Low,Low
Subject 2130,Site 245,0.0,0.0,0.0,19.0,Study 4,cardiology_phase2,76.9,85.5,-8.6,Medium,Low,Medium,Medium
Subject 2131,Site 245,0.0,0.0,0.0,0.0,Study 4,cardiology_phase2,96.1,95.5,0.6,Low,Low,Low,Low
Subject 2132,Site 245,0.0,0.0,0.0,2.0,Study 4,cardiology_phase2,92.3,93.5,-1.2,Low,Low,Low,Low
Subject 2133,Site 245,0.0,0.0,0.0,12.0,Study 4,cardiology_phase2,76.9,85.5,-8.6,Medium,Low,Medium,Medium
Subject 2134,Site 245,0.0,0.0,0.0,9.0,Study 4,cardiology_phase2,78.8,86.5,-7.7,Medium,Low,Medium,Medium
Subject 2135,Site 245,0.0,0.0,0.0,0.0,Study 4,cardiology_phase2,96.1,95.5,0.6,Low,Low,Low,Low
Subject 2136,Site 245,0.0,0.0,0.0,3.0,Study 4,cardiology_phase2,90.4,92.5,-2.1,Low,Low,Low,Low
Subject 2137,Site 245,0.0,0.0,0.0,6.0,Study 4,cardiology_phase2,84.6,89.5,-4.9,Medium,Low,Medium,Medium
Subject 2138,Site 245,0.0,0.0,0.0,0.0,Study 4,cardiology_phase2,96.1,95.5,0.6,Low,Low,Low,Low
Subject 2139,Site 245,0.0,0.0,0.0,0.0,Study 4,cardiology_phase2,96.1,95.5,0.6,Low,Low,Low,Low
Subject 2140,Site 245,0.0,0.0,0.0,36.0,Study 4,cardiology_phase2,76.9,85.5,-8.6,Medium,Low,Medium,Medium
Subject 2141,Site 245,0.0,0.0,0.0,4.0,Study 4,cardiology_phase2,88.4,91.5,-3.1,Low,Low,Low,Low
Subject 2142,Site 245,0.0,0.0,0.0,9.0,Study 4,cardiology_phase2,78.8,86.5,-7.7,Medium,Low,Medium,Medium
Subject 2143,Site 245,0.0,0.0,0.0,7.0,Study 4,cardiology_phase2,82.7,88.5,-5.8,Medium,Low,Medium,Medium
Subject 2144,Site 245,0.0,0.0,0.0,10.0,Study 4,cardiology_phase2,76.9,85.5,-8.6,Medium,Low,Medium,Medium
Subject 2145,Site 245,0.0,0.0,0.0,11.0,Study 4,cardiology_phase2,76.9,85.5,-8.6,Medium,Low,Medium,Medium
Subject 2146,Site 245,0.0,0.0,0.0,2.0,Study 4,cardiology_phase2,92.3,93.5,-1.2,Low,Low,Low,Low
Subject 2147,Site 245,0.0,0.0,0.0,5.0,Study 4,cardiology_phase2,86.5,90.5,-4.0,Low,Low,Low,Low
Subject 2148,Site 245,0.0,0.0,0.0,5.0,Study 4,cardiology_phase2,86.5,90.5,-4.0,Low,Low,Low,Low
Subject 2149,Site 245,0.0,0.0,0.0,22.0,Study 4,cardiology_phase2,76.9,85.5,-8.6,Medium,Low,Medium,Medium
Subject 2150,Site 245,0.0,0.0,0.0,14.0,Study 4,cardiology_phase2,76.9,85.5,-8.6,Medium,Low,Medium,Medium
Subject 2151,Site 245,0.0,0.0,0.0,0.0,Study 4,cardiology_phase2,96.1,95.5,0.6,Low,Low,Low,Low
Subject 2152,Site 246,0.0,0.0,0.0,6.0,Study 4,cardiology_phase2,84.6,89.5,-4.9,Medium,Low,Medium,Medium
Subject 2153,Site 246,0.0,0.0,0.0,0.0,Study 4,cardiology_phase2,96.1,95.5,0.6,Low,Low,Low,Low
Subject 2154,Site 246,0.0,0.0,0.0,0.0,Study 4,cardiology_phase2,96.1,95.5,0.6,Low,Low,Low,Low
Subject 2155,Site 246,0.0,0.0,0.0,2.0,Study 4,cardiology_phase2,92.3,93.5,-1.2,Low,Low,Low,Low
Subject 2156,Site 246,0.0,0.0,0.0,1.0,Study 4,cardiology_phase2,94.2,94.5,-0.3,Low,Low,Low,Low
Subject 2157,Site 246,0.0,0.0,0.0,8.0,Study 4,cardiology_phase2,80.8,87.5,-6.7,Medium,Low,Medium,Medium
Subject 2158,Site 247,0.0,0.0,0.0,6.0,Study 4,cardiology_phase2,84.6,89.5,-4.9,Medium,Low,Medium,Medium
Subject 2159,Site 247,0.0,0.0,0.0,0.0,Study 4,cardiology_phase2,96.1,95.5,0.6,Low,Low,Low,Low
Subject 2160,Site 247,0.0,0.0,0.0,0.0,Study 4,cardiology_phase2,96.1,95.5,0.6,Low,Low,Low,Low
Subject 2161,Site 248,0.0,0.0,0.0,0.0,Study 4,cardiology_phase2,96.1,95.5,0.6,Low,Low,Low,Low
Subject 2162,Site 248,0.0,0.0,0.0,0.0,Study 4,cardiology_phase2,96.1,95.5,0.6,Low,Low,Low,Low
Subject 2163,Site 248,0.0,0.0,0.0,0.0,Study 4,cardiology_phase2,96.1,95.5,0.6,Low,Low,Low,Low
Subject 2164,Site 249,0.0,0.0,0.0,75.0,Study 4,cardiology_phase2,76.9,85.5,-8.6,Medium,Low,Medium,Medium
Subject 2165,Site 249,0.0,0.0,0.0,13.0,Study 4,cardiology_phase2,76.9,85.5,-8.6,Medium,Low,Medium,Medium
Subject 2166,Site 250,0.0,0.0,0.0,0.0,Study 4,cardiology_phase2,96.1,95.5,0.6,Low,Low,Low,Low
Subject 2167,Site 250,0.0,0.0,0.0,0.0,Study 4,cardiology_phase2,96.1,95.5,0.6,Low,Low,Low,Low
Subject 2168,Site 250,0.0,0.0,0.0,5.0,Study 4,cardiology_phase2,86.5,90.5,-4.0,Low,Low,Low,Low
Subject 2169,Site 250,0.0,0.0,0.0,15.0,Study 4,cardiology_phase2,76.9,85.5,-8.6,Medium,Low,Medium,Medium
Subject 2170,Site 250,0.0,0.0,0.0,0.0,Study 4,cardiology_phase2,96.1,95.5,0.6,Low,Low,Low,Low
Subject 2171,Site 250,0.0,0.0,0.0,25.0,Study 4,cardiology_phase2,76.9,85.5,-8.6,Medium,Low,Medium,Medium
Subject 2172,Site 250,0.0,0.0,0.0,0.0,Study 4,cardiology_phase2,96.1,95.5,0.6,Low,Low,Low,Low
Subject 2173,Site 251,0.0,0.0,0.0,0.0,Study 4,cardiology_phase2,96.1,95.5,0.6,Low,Low,Low,Low
Subject 2174,Site 251,0.0,0.0,0.0,0.0,Study 4,cardiology_phase2,96.1,95.5,0.6,Low,Low,Low,Low
Subject 2175,Site 251,0.0,0.0,0.0,0.0,Study 4,cardiology_phase2,96.1,95.5,0.6,Low,Low,Low,Low
Subject 2176,Site 251,0.0,0.0,0.0,0.0,Study 4,cardiology_phase2,96.1,95.5,0.6,Low,Low,Low,Low
Subject 2177,Site 251,0.0,0.0,0.0,8.0,Study 4,cardiology_phase2,80.8,87.5,-6.7,Medium,Low,Medium,Medium
Subject 2178,Site 251,0.0,0.0,0.0,14.0,Study 4,cardiology_phase2,76.9,85.5,-8.6,Medium,Low,Medium,Medium
Subject 2179,Site 251,0.0,0.0,0.0,2.0,Study 4,cardiology_phase2,92.3,93.5,-1.2,Low,Low,Low,Low
Subject 2180,Site 251,0.0,0.0,0.0,0.0,Study 4,cardiology_phase2,96.1,95.5,0.6,Low,Low,Low,Low
Subject 2181,Site 251,0.0,0.0,0.0,5.0,Study 4,cardiology_phase2,86.5,90.5,-4.0,Low,Low,Low,Low
Subject 2182,Site 251,0.0,0.0,0.0,0.0,Study 4,cardiology_phase2,96.1,95.5,0.6,Low,Low,Low,Low
Subject 2183,Site 252,0.0,0.0,0.0,49.0,Study 4,cardiology_phase2,76.9,85.5,-8.6,Medium,Low,Medium,Medium
Subject 2184,Site 252,0.0,0.0,0.0,0.0,Study 4,cardiology_phase2,96.1,95.5,0.6,Low,Low,Low,Low
Subject 2185,Site 252,0.0,0.0,0.0,45.0,Study 4,cardiology_phase2,76.9,85.5,-8.6,Medium,Low,Medium,Medium
Subject 2186,Site 252,0.0,0.0,0.0,37.0,Study 4,cardiology_phase2,76.9,85.5,-8.6,Medium,Low,Medium,Medium
Subject 2187,Site 252,0.0,0.0,0.0,8.0,Study 4,cardiology_phase2,80.8,87.5,-6.7,Medium,Low,Medium,Medium
Subject 2188,Site 252,0.0,0.0,0.0,1.0,Study 4,cardiology_phase2,94.2,94.5,-0.3,Low,Low,Low,Low
Subject 2189,Site 252,0.0,0.0,0.0,0.0,Study 4,cardiology_phase2,96.1,95.5,0.6,Low,Low,Low,Low
Subject 2190,Site 253,0.0,0.0,0.0,0.0,Study 4,cardiology_phase2,96.1,95.5,0.6,Low,Low,Low,Low
Subject 2191,Site 253,0.0,0.0,0.0,0.0,Study 4,cardiology_phase2,96.1,95.5,0.6,Low,Low,Low,Low
Subject 2192,Site 253,0.0,0.0,0.0,3.0,Study 4,cardiology_phase2,90.4,92.5,-2.1,Low,Low,Low,Low
Subject 2193,Site 253,0.0,0.0,0.0,5.0,Study 4,cardiology_phase2,86.5,90.5,-4.0,Low,Low,Low,Low
Subject 2194,Site 253,0.0,0.0,0.0,0.0,Study 4,cardiology_phase2,96.1,95.5,0.6,Low,Low,Low,Low
Subject 2195,Site 254,0.0,0.0,0.0,12.0,Study 4,cardiology_phase2,76.9,85.5,-8.6,Medium,Low,Medium,Medium
Subject 2196,Site 254,0.0,0.0,0.0,11.0,Study 4,cardiology_phase2,76.9,85.5,-8.6,Medium,Low,Medium,Medium
Subject 2197,Site 254,0.0,0.0,0.0,11.0,Study 4,cardiology_phase2,76.9,85.5,-8.6,Medium,Low,Medium,Medium
Subject 2198,Site 254,0.0,0.0,0.0,50.0,Study 4,cardiology_phase2,76.9,85.5,-8.6,Medium,Low,Medium,Medium
Subject 2199,Site 254,0.0,0.0,0.0,4.0,Study 4,cardiology_phase2,88.4,91.5,-3.1,Low,Low,Low,Low
Subject 2200,Site 255,0.0,0.0,0.0,0.0,Study 4,cardiology_phase2,96.1,95.5,0.6,Low,Low,Low,Low
Subject 2201,Site 255,0.0,0.0,0.0,0.0,Study 4,cardiology_phase2,96.1,95.5,0.6,Low,Low,Low,Low
Subject 2202,Site 255,0.0,0.0,0.0,8.0,Study 4,cardiology_phase2,80.8,87.5,-6.7,Medium,Low,Medium,Medium
Subject 2203,Site 255,0.0,0.0,0.0,0.0,Study 4,cardiology_phase2,96.1,95.5,0.6,Low,Low,Low,Low
Subject 2204,Site 255,0.0,0.0,0.0,0.0,Study 4,cardiology_phase2,96.1,95.5,0.6,Low,Low,Low,Low
Subject 2205,Site 255,0.0,0.0,0.0,12.0,Study 4,cardiology_phase2,76.9,85.5,-8.6,Medium,Low,Medium,Medium
Subject 2206,Site 255,0.0,0.0,0.0,6.0,Study 4,cardiology_phase2,84.6,89.5,-4.9,Medium,Low,Medium,Medium
Subject 2207,Site 255,0.0,0.0,0.0,2.0,Study 4,cardiology_phase2,92.3,93.5,-1.2,Low,Low,Low,Low
Subject 2208,Site 255,0.0,0.0,0.0,14.0,Study 4,cardiology_phase2,76.9,85.5,-8.6,Medium,Low,Medium,Medium
Subject 2209,Site 255,0.0,0.0,0.0,6.0,Study 4,cardiology_phase2,84.6,89.5,-4.9,Medium,Low,Medium,Medium
Subject 2210,Site 255,0.0,0.0,0.0,10.0,Study 4,cardiology_phase2,76.9,85.5,-8.6,Medium,Low,Medium,Medium
Subject 2211,Site 212,0.0,0.0,0.0,8.0,Study 4,cardiology_phase2,80.8,87.5,-6.7,Medium,Low,Medium,Medium
Subject 2212,Site 255,0.0,0.0,0.0,10.0,Study 4,cardiology_phase2,76.9,85.5,-8.6,Medium,Low,Medium,Medium
Subject 2213,Site 255,0.0,0.0,0.0,6.0,Study 4,cardiology_phase2,84.6,89.5,-4.9,Medium,Low,Medium,Medium
Subject 2214,Site 255,0.0,0.0,0.0,0.0,Study 4,cardiology_phase2,96.1,95.5,0.6,Low,Low,Low,Low
Subject 2215,Site 255,0.0,0.0,0.0,8.0,Study 4,cardiology_phase2,80.8,87.5,-6.7,Medium,Low,Medium,Medium
Subject 2216,Site 255,0.0,0.0,0.0,6.0,Study 4,cardiology_phase2,84.6,89.5,-4.9,Medium,Low,Medium,Medium
Subject 2217,Site 255,0.0,0.0,0.0,12.0,Study 4,cardiology_phase2,76.9,85.5,-8.6,Medium,Low,Medium,Medium
Subject 2218,Site 255,0.0,0.0,0.0,7.0,Study 4,cardiology_phase2,82.7,88.5,-5.8,Medium,Low,Medium,Medium
Subject 2219,Site 256,0.0,0.0,0.0,0.0,Study 4,cardiology_phase2,96.1,95.5,0.6,Low,Low,Low,Low
Subject 2220,Site 256,0.0,0.0,0.0,0.0,Study 4,cardiology_phase2,96.1,95.5,0.6,Low,Low,Low,Low
Subject 2221,Site 256,0.0,0.0,0.0,0.0,Study 4,cardiology_phase2,96.1,95.5,0.6,Low,Low,Low,Low
Subject 2222,Site 256,0.0,0.0,0.0,9.0,Study 4,cardiology_phase2,78.8,86.5,-7.7,Medium,Low,Medium,Medium
Subject 2223,Site 257,0.0,0.0,0.0,34.0,Study 4,cardiology_phase2,76.9,85.5,-8.6,Medium,Low,Medium,Medium
Subject 2224,Site 257,0.0,0.0,0.0,0.0,Study 4,cardiology_phase2,96.1,95.5,0.6,Low,Low,Low,Low
Subject 2225,Site 257,0.0,0.0,0.0,8.0,Study 4,cardiology_phase2,80.8,87.5,-6.7,Medium,Low,Medium,Medium
Subject 2226,Site 258,0.0,0.0,0.0,7.0,Study 4,cardiology_phase2,82.7,88.5,-5.8,Medium,Low,Medium,Medium
Subject 2227,Site 258,0.0,0.0,0.0,12.0,Study 4,cardiology_phase2,76.9,85.5,-8.6,Medium,Low,Medium,Medium
Subject 2228,Site 258,0.0,0.0,0.0,68.0,Study 4,cardiology_phase2,76.9,85.5,-8.6,Medium,Low,Medium,Medium
Subject 2229,Site 258,0.0,0.0,0.0,78.0,Study 4,cardiology_phase2,76.9,85.5,-8.6,Medium,Low,Medium,Medium
Subject 2230,Site 258,0.0,0.0,0.0,12.0,Study 4,cardiology_phase2,76.9,85.5,-8.6,Medium,Low,Medium,Medium
Subject 2231,Site 258,0.0,0.0,0.0,0.0,Study 4,cardiology_phase2,96.1,95.5,0.6,Low,Low,Low,Low
Subject 2232,Site 258,0.0,0.0,0.0,22.0,Study 4,cardiology_phase2,76.9,85.5,-8.6,Medium,Low,Medium,Medium
1554,169,0.0,0.0,0.0,0.0,Study 4,cardiology_phase2,96.1,95.5,0.6,Low,Low,Low,Low
Subject 2,Site 2,0.0,0.0,1.0,0.0,Study 5,oncology_phase2,94.5,93.0,1.5,Low,Low,Low,Low
Subject 3,Site 2,0.0,0.0,1.0,0.0,Study 5,oncology_phase2,94.5,93.0,1.5,Low,Low,Low,Low
Subject 4,Site 2,0.0,0.0,1.0,0.0,Study 5,oncology_phase2,94.5,93.0,1.5,Low,Low,Low,Low
Subject 5,Site 2,0.0,0.0,0.0,0.0,Study 5,oncology_phase2,96.6,95.5,1.1,Low,Low,Low,Low
Subject 99,Site 2,0.0,0.0,0.0,0.0,Study 5,oncology_phase2,96.6,95.5,1.1,Low,Low,Low,Low
Subject 6,Site 3,0.0,0.0,0.0,0.0,Study 5,oncology_phase2,96.6,95.5,1.1,Low,Low,Low,Low
Subject 7,Site 3,0.0,0.0,0.0,0.0,Study 5,oncology_phase2,96.6,95.5,1.1,Low,Low,Low,Low
Subject 107,Site 28,0.0,0.0,0.0,0.0,Study 5,oncology_phase2,96.6,95.5,1.1,Low,Low,Low,Low
Subject 108,Site 28,0.0,0.0,0.0,0.0,Study 5,oncology_phase2,96.6,95.5,1.1,Low,Low,Low,Low
Subject 2233,Site 28,0.0,0.0,0.0,0.0,Study 5,oncology_phase2,96.6,95.5,1.1,Low,Low,Low,Low
Subject 2234,Site 28,0.0,0.0,0.0,0.0,Study 5,oncology_phase2,96.6,95.5,1.1,Low,Low,Low,Low
Subject 2235,Site 28,0.0,0.0,0.0,0.0,Study 5,oncology_phase2,96.6,95.5,1.1,Low,Low,Low,Low
Subject 2236,Site 259,0.0,0.0,0.0,0.0,Study 5,oncology_phase2,96.6,95.5,1.1,Low,Low,Low,Low
Subject 2237,Site 260,0.0,0.0,0.0,0.0,Study 5,oncology_phase2,96.6,95.5,1.1,Low,Low,Low,Low
Subject 2238,Site 261,0.0,0.0,0.0,0.0,Study 5,oncology_phase2,96.6,95.5,1.1,Low,Low,Low,Low
Subject 2239,Site 261,0.0,0.0,0.0,0.0,Study 5,oncology_phase2,96.6,95.5,1.1,Low,Low,Low,Low
Subject 2240,Site 261,0.0,0.0,0.0,0.0,Study 5,oncology_phase2,96.6,95.5,1.1,Low,Low,Low,Low
Subject 2241,Site 261,0.0,0.0,0.0,0.0,Study 5,oncology_phase2,96.6,95.5,1.1,Low,Low,Low,Low
Subject 2242,Site 261,0.0,0.0,0.0,0.0,Study 5,oncology_phase2,96.6,95.5,1.1,Low,Low,Low,Low
Subject 2243,Site 261,0.0,0.0,0.0,0.0,Study 5,oncology_phase2,96.6,95.5,1.1,Low,Low,Low,Low
Subject 2244,Site 261,0.0,0.0,0.0,0.0,Study 5,oncology_phase2,96.6,95.5,1.1,Low,Low,Low,Low
Subject 2245,Site 261,0.0,0.0,0.0,0.0,Study 5,oncology_phase2,96.6,95.5,1.1,Low,Low,Low,Low
Subject 2246,Site 261,0.0,0.0,0.0,0.0,Study 5,oncology_phase2,96.6,95.5,1.1,Low,Low,Low,Low
Subject 2247,Site 261,0.0,0.0,0.0,0.0,Study 5,oncology_phase2,96.6,95.5,1.1,Low,Low,Low,Low
Subject 2248,Site 261,0.0,0.0,0.0,0.0,Study 5,oncology_phase2,96.6,95.5,1.1,Low,Low,Low,Low
Subject 2249,Site 261,0.0,0.0,0.0,0.0,Study 5,oncology_phase2,96.6,95.5,1.1,Low,Low,Low,Low
Subject 2250,Site 261,0.0,0.0,0.0,0.0,Study 5,oncology_phase2,96.6,95.5,1.1,Low,Low,Low,Low
Subject 2251,Site 261,0.0,0.0,0.0,0.0,Study 5,oncology_phase2,96.6,95.5,1.1,Low,Low,Low,Low
Subject 2252,Site 262,0.0,0.0,0.0,0.0,Study 5,oncology_phase2,96.6,95.5,1.1,Low,Low,Low,Low
Subject 2253,Site 262,0.0,0.0,0.0,0.0,Study 5,oncology_phase2,96.6,95.5,1.1,Low,Low,Low,Low
Subject 2254,Site 262,0.0,0.0,0.0,0.0,Study 5,oncology_phase2,96.6,95.5,1.1,Low,Low,Low,Low
Subject 2255,Site 262,0.0,0.0,0.0,0.0,Study 5,oncology_phase2,96.6,95.5,1.1,Low,Low,Low,Low
Subject 2256,Site 262,0.0,0.0,0.0,0.0,Study 5,oncology_phase2,96.6,95.5,1.1,Low,Low,Low,Low
Subject 2257,Site 262,0.0,0.0,0.0,0.0,Study 5,oncology_phase2,96.6,95.5,1.1,Low,Low,Low,Low
Subject 2258,Site 262,0.0,0.0,0.0,0.0,Study 5,oncology_phase2,96.6,95.5,1.1,Low,Low,Low,Low
Subject 2259,Site 262,0.0,0.0,0.0,0.0,Study 5,oncology_phase2,96.6,95.5,1.1,Low,Low,Low,Low
Subject 2260,Site 262,0.0,0.0,0.0,0.0,Study 5,oncology_phase2,96.6,95.5,1.1,Low,Low,Low,Low
Subject 2261,Site 263,0.0,0.0,0.0,0.0,Study 5,oncology_phase2,96.6,95.5,1.1,Low,Low,Low,Low
Subject 2262,Site 263,0.0,0.0,0.0,0.0,Study 5,oncology_phase2,96.6,95.5,1.1,Low,Low,Low,Low
Subject 2263,Site 263,0.0,0.0,0.0,0.0,Study 5,oncology_phase2,96.6,95.5,1.1,Low,Low,Low,Low
Subject 2264,Site 263,0.0,0.0,0.0,0.0,Study 5,oncology_phase2,96.6,95.5,1.1,Low,Low,Low,Low
Subject 2265,Site 263,0.0,0.0,0.0,0.0,Study 5,oncology_phase2,96.6,95.5,1.1,Low,Low,Low,Low
Subject 2266,Site 263,0.0,0.0,0.0,0.0,Study 5,oncology_phase2,96.6,95.5,1.1,Low,Low,Low,Low
Subject 2267,Site 263,0.0,0.0,0.0,0.0,Study 5,oncology_phase2,96.6,95.5,1.1,Low,Low,Low,Low
Subject 2268,Site 263,0.0,0.0,0.0,0.0,Study 5,oncology_phase2,96.6,95.5,1.1,Low,Low,Low,Low
Subject 2269,Site 263,0.0,0.0,0.0,0.0,Study 5,oncology_phase2,96.6,95.5,1.1,Low,Low,Low,Low
Subject 2270,Site 264,0.0,0.0,0.0,0.0,Study 5,oncology_phase2,96.6,95.5,1.1,Low,Low,Low,Low
Subject 2271,Site 264,0.0,0.0,0.0,0.0,Study 5,oncology_phase2,96.6,95.5,1.1,Low,Low,Low,Low
Subject 2272,Site 264,0.0,0.0,0.0,0.0,Study 5,oncology_phase2,96.6,95.5,1.1,Low,Low,Low,Low
Subject 2273,Site 264,0.0,0.0,0.0,0.0,Study 5,oncology_phase2,96.6,95.5,1.1,Low,Low,Low,Low
Subject 2274,Site 264,0.0,0.0,0.0,0.0,Study 5,oncology_phase2,96.6,95.5,1.1,Low,Low,Low,Low
Subject 2275,Site 264,0.0,0.0,0.0,0.0,Study 5,oncology_phase2,96.6,95.5,1.1,Low,Low,Low,Low
Subject 2276,Site 264,0.0,0.0,0.0,0.0,Study 5,oncology_phase2,96.6,95.5,1.1,Low,Low,Low,Low
Subject 2277,Site 264,0.0,0.0,0.0,0.0,Study 5,oncology_phase2,96.6,95.5,1.1,Low,Low,Low,Low
Subject 2278,Site 264,0.0,0.0,0.0,0.0,Study 5,oncology_phase2,96.6,95.5,1.1,Low,Low,Low,Low
Subject 2279,Site 265,0.0,0.0,0.0,0.0,Study 5,oncology_phase2,96.6,95.5,1.1,Low,Low,Low,Low
Subject 2280,Site 265,0.0,0.0,0.0,0.0,Study 5,oncology_phase2,96.6,95.5,1.1,Low,Low,Low,Low
Subject 2281,Site 265,0.0,0.0,0.0,0.0,Study 5,oncology_phase2,96.6,95.5,1.1,Low,Low,Low,Low
Subject 2282,Site 265,0.0,0.0,0.0,0.0,Study 5,oncology_phase2,96.6,95.5,1.1,Low,Low,Low,Low
Subject 2283,Site 265,0.0,0.0,0.0,0.0,Study 5,oncology_phase2,96.6,95.5,1.1,Low,Low,Low,Low
Subject 2284,Site 265,0.0,0.0,0.0,0.0,Study 5,oncology_phase2,96.6,95.5,1.1,Low,Low,Low,Low
Subject 2285,Site 265,0.0,0.0,0.0,0.0,Study 5,oncology_phase2,96.6,95.5,1.1,Low,Low,Low,Low
Subject 2286,Site 265,0.0,0.0,0.0,0.0,Study 5,oncology_phase2,96.6,95.5,1.1,Low,Low,Low,Low
Subject 2287,Site 266,0.0,0.0,0.0,0.0,Study 5,oncology_phase2,96.6,95.5,1.1,Low,Low,Low,Low
Subject 2288,Site 266,0.0,0.0,0.0,0.0,Study 5,oncology_phase2,96.6,95.5,1.1,Low,Low,Low,Low
Subject 2289,Site 266,0.0,0.0,0.0,0.0,Study 5,oncology_phase2,96.6,95.5,1.1,Low,Low,Low,Low
Subject 2290,Site 266,0.0,0.0,0.0,0.0,Study 5,oncology_phase2,96.6,95.5,1.1,Low,Low,Low,Low
Subject 2291,Site 266,0.0,0.0,0.0,0.0,Study 5,oncology_phase2,96.6,95.5,1.1,Low,Low,Low,Low
Subject 2292,Site 266,0.0,0.0,0.0,0.0,Study 5,oncology_phase2,96.6,95.5,1.1,Low,Low,Low,Low
Subject 2293,Site 266,0.0,0.0,0.0,0.0,Study 5,oncology_phase2,96.6,95.5,1.1,Low,Low,Low,Low
Subject 2294,Site 267,0.0,0.0,0.0,0.0,Study 5,oncology_phase2,96.6,95.5,1.1,Low,Low,Low,Low
Subject 25,Site 14,0.0,0.0,0.0,0.0,Study 5,oncology_phase2,96.6,95.5,1.1,Low,Low,Low,Low
Subject 39,Site 15,0.0,0.0,0.0,0.0,Study 5,oncology_phase2,96.6,95.5,1.1,Low,Low,Low,Low
Subject 40,Site 15,0.0,0.0,0.0,0.0,Study 5,oncology_phase2,96.6,95.5,1.1,Low,Low,Low,Low
Subject 41,Site 15,0.0,0.0,0.0,0.0,Study 5,oncology_phase2,96.6,95.5,1.1,Low,Low,Low,Low
Subject 42,Site 15,0.0,0.0,0.0,0.0,Study 5,oncology_phase2,96.6,95.5,1.1,Low,Low,Low,Low
Subject 43,Site 15,0.0,0.0,0.0,0.0,Study 5,oncology_phase2,96.6,95.5,1.1,Low,Low,Low,Low
Subject 44,Site 15,0.0,0.0,0.0,0.0,Study 5,oncology_phase2,96.6,95.5,1.1,Low,Low,Low,Low
Subject 45,Site 15,0.0,0.0,0.0,0.0,Study 5,oncology_phase2,96.6,95.5,1.1,Low,Low,Low,Low
Subject 2295,Site 268,0.0,0.0,0.0,0.0,Study 5,oncology_phase2,96.6,95.5,1.1,Low,Low,Low,Low
Subject 2296,Site 268,0.0,0.0,0.0,0.0,Study 5,oncology_phase2,96.6,95.5,1.1,Low,Low,Low,Low
Subject 2297,Site 268,0.0,0.0,0.0,0.0,Study 5,oncology_phase2,96.6,95.5,1.1,Low,Low,Low,Low
Subject 2298,Site 268,0.0,0.0,0.0,0.0,Study 5,oncology_phase2,96.6,95.5,1.1,Low,Low,Low,Low
Subject 2299,Site 268,0.0,0.0,0.0,0.0,Study 5,oncology_phase2,96.6,95.5,1.1,Low,Low,Low,Low
Subject 2300,Site 268,0.0,0.0,0.0,0.0,Study 5,oncology_phase2,96.6,95.5,1.1,Low,Low,Low,Low
Subject 2301,Site 268,0.0,0.0,0.0,0.0,Study 5,oncology_phase2,96.6,95.5,1.1,Low,Low,Low,Low
Subject 2302,Site 268,0.0,0.0,0.0,0.0,Study 5,oncology_phase2,96.6,95.5,1.1,Low,Low,Low,Low
Subject 2303,Site 268,0.0,0.0,0.0,0.0,Study 5,oncology_phase2,96.6,95.5,1.1,Low,Low,Low,Low
Subject 2304,Site 268,0.0,0.0,0.0,0.0,Study 5,oncology_phase2,96.6,95.5,1.1,Low,Low,Low,Low
Subject 2305,Site 268,0.0,0.0,0.0,0.0,Study 5,oncology_phase2,96.6,95.5,1.1,Low,Low,Low,Low
Subject 2306,Site 268,0.0,0.0,0.0,0.0,Study 5,oncology_phase2,96.6,95.5,1.1,Low,Low,Low,Low
Subject 2307,Site 268,0.0,0.0,0.0,0.0,Study 5,oncology_phase2,96.6,95.5,1.1,Low,Low,Low,Low
Subject 2308,Site 268,0.0,0.0,0.0,0.0,Study 5,oncology_phase2,96.6,95.5,1.1,Low,Low,Low,Low
Subject 2309,Site 268,0.0,0.0,0.0,0.0,Study 5,oncology_phase2,96.6,95.5,1.1,Low,Low,Low,Low
Subject 2310,Site 268,0.0,0.0,0.0,0.0,Study 5,oncology_phase2,96.6,95.5,1.1,Low,Low,Low,Low
Subject 2311,Site 269,0.0,0.0,0.0,0.0,Study 5,oncology_phase2,96.6,95.5,1.1,Low,Low,Low,Low
Subject 2312,Site 269,0.0,0.0,0.0,0.0,Study 5,oncology_phase2,96.6,95.5,1.1,Low,Low,Low,Low
Subject 2313,Site 270,0.0,0.0,0.0,0.0,Study 5,oncology_phase2,96.6,95.5,1.1,Low,Low,Low,Low
Subject 2314,Site 270,0.0,0.0,0.0,0.0,Study 5,oncology_phase2,96.6,95.5,1.1,Low,Low,Low,Low
Subject 2315,Site 270,0.0,0.0,0.0,0.0,Study 5,oncology_phase2,96.6,95.5,1.1,Low,Low,Low,Low
Subject 2316,Site 271,0.0,0.0,0.0,0.0,Study 5,oncology_phase2,96.6,95.5,1.1,Low,Low,Low,Low
Subject 2317,Site 271,0.0,0.0,0.0,0.0,Study 5,oncology_phase2,96.6,95.5,1.1,Low,Low,Low,Low
Subject 2318,Site 271,0.0,0.0,0.0,0.0,Study 5,oncology_phase2,96.6,95.5,1.1,Low,Low,Low,Low
Subject 2319,Site 271,0.0,0.0,0.0,0.0,Study 5,oncology_phase2,96.6,95.5,1.1,Low,Low,Low,Low
Subject 2320,Site 271,0.0,0.0,0.0,0.0,Study 5,oncology_phase2,96.6,95.5,1.1,Low,Low,Low,Low
Subject 2321,Site 271,0.0,0.0,0.0,0.0,Study 5,oncology_phase2,96.6,95.5,1.1,Low,Low,Low,Low
Subject 2322,Site 271,0.0,0.0,0.0,0.0,Study 5,oncology_phase2,96.6,95.5,1.1,Low,Low,Low,Low
Subject 2323,Site 271,0.0,0.0,0.0,0.0,Study 5,oncology_phase2,96.6,95.5,1.1,Low,Low,Low,Low
Subject 2324,Site 271,0.0,0.0,0.0,0.0,Study 5,oncology_phase2,96.6,95.5,1.1,Low,Low,Low,Low
Subject 2325,Site 271,0.0,0.0,0.0,0.0,Study 5,oncology_phase2,96.6,95.5,1.1,Low,Low,Low,Low
Subject 2326,Site 271,0.0,0.0,0.0,0.0,Study 5,oncology_phase2,96.6,95.5,1.1,Low,Low,Low,Low
Subject 2327,Site 271,0.0,0.0,0.0,0.0,Study 5,oncology_phase2,96.6,95.5,1.1,Low,Low,Low,Low
Subject 2328,Site 272,0.0,0.0,0.0,0.0,Study 5,oncology_phase2,96.6,95.5,1.1,Low,Low,Low,Low
Subject 2329,Site 272,0.0,0.0,0.0,0.0,Study 5,oncology_phase2,96.6,95.5,1.1,Low,Low,Low,Low
Subject 2330,Site 272,0.0,0.0,0.0,0.0,Study 5,oncology_phase2,96.6,95.5,1.1,Low,Low,Low,Low
Subject 2331,Site 272,0.0,0.0,0.0,0.0,Study 5,oncology_phase2,96.6,95.5,1.1,Low,Low,Low,Low
Subject 2332,Site 272,0.0,0.0,0.0,0.0,Study 5,oncology_phase2,96.6,95.5,1.1,Low,Low,Low,Low
Subject 2333,Site 272,0.0,0.0,0.0,0.0,Study 5,oncology_phase2,96.6,95.5,1.1,Low,Low,Low,Low
Subject 2334,Site 273,0.0,0.0,0.0,0.0,Study 5,oncology_phase2,96.6,95.5,1.1,Low,Low,Low,Low
Subject 2335,Site 273,0.0,0.0,0.0,0.0,Study 5,oncology_phase2,96.6,95.5,1.1,Low,Low,Low,Low
Subject 2336,Site 274,0.0,0.0,0.0,0.0,Study 5,oncology_phase2,96.6,95.5,1.1,Low,Low,Low,Low
Subject 2337,Site 275,0.0,0.0,0.0,0.0,Study 5,oncology_phase2,96.6,95.5,1.1,Low,Low,Low,Low
Subject 2338,Site 276,0.0,0.0,0.0,0.0,Study 5,oncology_phase2,96.6,95.5,1.1,Low,Low,Low,Low
Subject 2339,Site 277,0.0,0.0,1.0,0.0,Study 5,oncology_phase2,94.5,93.0,1.5,Low,Low,Low,Low
Subject 2340,Site 277,0.0,0.0,0.0,0.0,Study 5,oncology_phase2,96.6,95.5,1.1,Low,Low,Low,Low
Subject 2341,Site 277,0.0,0.0,0.0,0.0,Study 5,oncology_phase2,96.6,95.5,1.1,Low,Low,Low,Low
Subject 2342,Site 277,0.0,0.0,0.0,0.0,Study 5,oncology_phase2,96.6,95.5,1.1,Low,Low,Low,Low
Subject 2343,Site 277,0.0,0.0,0.0,0.0,Study 5,oncology_phase2,96.6,95.5,1.1,Low,Low,Low,Low
Subject 2344,Site 277,0.0,0.0,0.0,0.0,Study 5,oncology_phase2,96.6,95.5,1.1,Low,Low,Low,Low
Subject 2345,Site 277,0.0,0.0,1.0,0.0,Study 5,oncology_phase2,94.5,93.0,1.5,Low,Low,Low,Low
Subject 2346,Site 277,0.0,0.0,0.0,0.0,Study 5,oncology_phase2,96.6,95.5,1.1,Low,Low,Low,Low
Subject 2347,Site 277,0.0,0.0,1.0,0.0,Study 5,oncology_phase2,94.5,93.0,1.5,Low,Low,Low,Low
Subject 2348,Site 277,0.0,0.0,0.0,0.0,Study 5,oncology_phase2,96.6,95.5,1.1,Low,Low,Low,Low
Subject 2349,Site 277,0.0,0.0,0.0,0.0,Study 5,oncology_phase2,96.6,95.5,1.1,Low,Low,Low,Low
Subject 2350,Site 278,0.0,0.0,0.0,0.0,Study 5,oncology_phase2,96.6,95.5,1.1,Low,Low,Low,Low
Subject 2351,Site 278,0.0,0.0,0.0,0.0,Study 5,oncology_phase2,96.6,95.5,1.1,Low,Low,Low,Low
Subject 2352,Site 278,0.0,0.0,0.0,0.0,Study 5,oncology_phase2,96.6,95.5,1.1,Low,Low,Low,Low
Subject 2353,Site 278,0.0,0.0,0.0,0.0,Study 5,oncology_phase2,96.6,95.5,1.1,Low,Low,Low,Low
Subject 2354,Site 278,0.0,0.0,0.0,0.0,Study 5,oncology_phase2,96.6,95.5,1.1,Low,Low,Low,Low
Subject 2355,Site 279,0.0,0.0,0.0,0.0,Study 5,oncology_phase2,96.6,95.5,1.1,Low,Low,Low,Low
Subject 2356,Site 279,0.0,0.0,0.0,0.0,Study 5,oncology_phase2,96.6,95.5,1.1,Low,Low,Low,Low
Subject 2357,Site 279,0.0,0.0,0.0,0.0,Study 5,oncology_phase2,96.6,95.5,1.1,Low,Low,Low,Low
Subject 2358,Site 280,0.0,0.0,0.0,0.0,Study 5,oncology_phase2,96.6,95.5,1.1,Low,Low,Low,Low
Subject 2359,Site 280,0.0,0.0,0.0,0.0,Study 5,oncology_phase2,96.6,95.5,1.1,Low,Low,Low,Low
Subject 2360,Site 280,0.0,0.0,0.0,0.0,Study 5,oncology_phase2,96.6,95.5,1.1,Low,Low,Low,Low
Subject 2361,Site 280,0.0,0.0,0.0,0.0,Study 5,oncology_phase2,96.6,95.5,1.1,Low,Low,Low,Low
Subject 2362,Site 280,0.0,0.0,0.0,0.0,Study 5,oncology_phase2,96.6,95.5,1.1,Low,Low,Low,Low
Subject 2363,Site 280,0.0,0.0,0.0,0.0,Study 5,oncology_phase2,96.6,95.5,1.1,Low,Low,Low,Low
Subject 2364,Site 281,0.0,0.0,0.0,0.0,Study 5,oncology_phase2,96.6,95.5,1.1,Low,Low,Low,Low
Subject 2365,Site 281,0.0,0.0,0.0,0.0,Study 5,oncology_phase2,96.6,95.5,1.1,Low,Low,Low,Low
Subject 2366,Site 281,0.0,0.0,0.0,0.0,Study 5,oncology_phase2,96.6,95.5,1.1,Low,Low,Low,Low
Subject 2367,Site 282,0.0,0.0,0.0,0.0,Study 5,oncology_phase2,96.6,95.5,1.1,Low,Low,Low,Low
Subject 2368,Site 282,0.0,0.0,0.0,0.0,Study 5,oncology_phase2,96.6,95.5,1.1,Low,Low,Low,Low
Subject 2369,Site 282,0.0,0.0,0.0,0.0,Study 5,oncology_phase2,96.6,95.5,1.1,Low,Low,Low,Low
Subject 2370,Site 282,0.0,0.0,0.0,0.0,Study 5,oncology_phase2,96.6,95.5,1.1,Low,Low,Low,Low
Subject 2371,Site 282,0.0,0.0,0.0,0.0,Study 5,oncology_phase2,96.6,95.5,1.1,Low,Low,Low,Low
Subject 2372,Site 282,0.0,0.0,0.0,0.0,Study 5,oncology_phase2,96.6,95.5,1.1,Low,Low,Low,Low
Subject 2373,Site 282,0.0,0.0,0.0,0.0,Study 5,oncology_phase2,96.6,95.5,1.1,Low,Low,Low,Low
Subject 2374,Site 282,0.0,0.0,0.0,0.0,Study 5,oncology_phase2,96.6,95.5,1.1,Low,Low,Low,Low
Subject 2375,Site 283,0.0,0.0,0.0,0.0,Study 5,oncology_phase2,96.6,95.5,1.1,Low,Low,Low,Low
Subject 2376,Site 283,0.0,0.0,0.0,0.0,Study 5,oncology_phase2,96.6,95.5,1.1,Low,Low,Low,Low
Subject 2377,Site 284,0.0,0.0,0.0,0.0,Study 5,oncology_phase2,96.6,95.5,1.1,Low,Low,Low,Low
Subject 2378,Site 284,0.0,0.0,0.0,0.0,Study 5,oncology_phase2,96.6,95.5,1.1,Low,Low,Low,Low
Subject 2379,Site 284,0.0,0.0,0.0,0.0,Study 5,oncology_phase2,96.6,95.5,1.1,Low,Low,Low,Low
Subject 2380,Site 284,0.0,0.0,0.0,0.0,Study 5,oncology_phase2,96.6,95.5,1.1,Low,Low,Low,Low
Subject 2381,Site 284,0.0,0.0,0.0,0.0,Study 5,oncology_phase2,96.6,95.5,1.1,Low,Low,Low,Low
Subject 2382,Site 284,0.0,0.0,0.0,0.0,Study 5,oncology_phase2,96.6,95.5,1.1,Low,Low,Low,Low
Subject 2383,Site 284,0.0,0.0,0.0,0.0,Study 5,oncology_phase2,96.6,95.5,1.1,Low,Low,Low,Low
Subject 2384,Site 284,0.0,0.0,0.0,0.0,Study 5,oncology_phase2,96.6,95.5,1.1,Low,Low,Low,Low
Subject 2385,Site 285,0.0,0.0,0.0,0.0,Study 5,oncology_phase2,96.6,95.5,1.1,Low,Low,Low,Low
Subject 2386,Site 286,0.0,0.0,0.0,0.0,Study 5,oncology_phase2,96.6,95.5,1.1,Low,Low,Low,Low
Subject 2387,Site 286,0.0,0.0,0.0,0.0,Study 5,oncology_phase2,96.6,95.5,1.1,Low,Low,Low,Low
Subject 2388,Site 286,0.0,0.0,0.0,0.0,Study 5,oncology_phase2,96.6,95.5,1.1,Low,Low,Low,Low
Subject 2389,Site 286,0.0,0.0,0.0,0.0,Study 5,oncology_phase2,96.6,95.5,1.1,Low,Low,Low,Low
Subject 2390,Site 286,0.0,0.0,0.0,0.0,Study 5,oncology_phase2,96.6,95.5,1.1,Low,Low,Low,Low
Subject 2391,Site 287,0.0,0.0,0.0,0.0,Study 5,oncology_phase2,96.6,95.5,1.1,Low,Low,Low,Low
Subject 2392,Site 287,0.0,0.0,0.0,0.0,Study 5,oncology_phase2,96.6,95.5,1.1,Low,Low,Low,Low
Subject 2393,Site 287,0.0,0.0,0.0,0.0,Study 5,oncology_phase2,96.6,95.5,1.1,Low,Low,Low,Low
Subject 2394,Site 287,0.0,0.0,0.0,0.0,Study 5,oncology_phase2,96.6,95.5,1.1,Low,Low,Low,Low
Subject 2395,Site 287,0.0,0.0,0.0,0.0,Study 5,oncology_phase2,96.6,95.5,1.1,Low,Low,Low,Low
Subject 2396,Site 287,0.0,0.0,0.0,0.0,Study 5,oncology_phase2,96.6,95.5,1.1,Low,Low,Low,Low
Subject 2397,Site 287,0.0,0.0,0.0,0.0,Study 5,oncology_phase2,96.6,95.5,1.1,Low,Low,Low,Low
Subject 2398,Site 288,0.0,0.0,0.0,0.0,Study 5,oncology_phase2,96.6,95.5,1.1,Low,Low,Low,Low
Subject 2399,Site 289,0.0,0.0,0.0,0.0,Study 5,oncology_phase2,96.6,95.5,1.1,Low,Low,Low,Low
Subject 2400,Site 289,0.0,0.0,0.0,0.0,Study 5,oncology_phase2,96.6,95.5,1.1,Low,Low,Low,Low
Subject 2401,Site 289,0.0,0.0,0.0,0.0,Study 5,oncology_phase2,96.6,95.5,1.1,Low,Low,Low,Low
Subject 2402,Site 289,0.0,0.0,0.0,0.0,Study 5,oncology_phase2,96.6,95.5,1.1,Low,Low,Low,Low
Subject 2403,Site 289,0.0,0.0,0.0,0.0,Study 5,oncology_phase2,96.6,95.5,1.1,Low,Low,Low,Low
Subject 2404,Site 289,0.0,0.0,0.0,0.0,Study 5,oncology_phase2,96.6,95.5,1.1,Low,Low,Low,Low
Subject 2405,Site 290,0.0,0.0,0.0,0.0,Study 5,oncology_phase2,96.6,95.5,1.1,Low,Low,Low,Low
Subject 2406,Site 290,0.0,0.0,1.0,0.0,Study 5,oncology_phase2,94.5,93.0,1.5,Low,Low,Low,Low
Subject 2407,Site 290,0.0,0.0,0.0,0.0,Study 5,oncology_phase2,96.6,95.5,1.1,Low,Low,Low,Low
Subject 2408,Site 290,0.0,0.0,0.0,0.0,Study 5,oncology_phase2,96.6,95.5,1.1,Low,Low,Low,Low
Subject 2409,Site 290,0.0,0.0,0.0,0.0,Study 5,oncology_phase2,96.6,95.5,1.1,Low,Low,Low,Low
Subject 2410,Site 290,0.0,0.0,0.0,0.0,Study 5,oncology_phase2,96.6,95.5,1.1,Low,Low,Low,Low
Subject 2411,Site 290,0.0,0.0,0.0,0.0,Study 5,oncology_phase2,96.6,95.5,1.1,Low,Low,Low,Low
Subject 2412,Site 290,0.0,0.0,0.0,0.0,Study 5,oncology_phase2,96.6,95.5,1.1,Low,Low,Low,Low
Subject 2413,Site 291,0.0,0.0,0.0,0.0,Study 5,oncology_phase2,96.6,95.5,1.1,Low,Low,Low,Low
Subject 2414,Site 291,0.0,0.0,0.0,0.0,Study 5,oncology_phase2,96.6,95.5,1.1,Low,Low,Low,Low
Subject 2415,Site 291,0.0,0.0,0.0,0.0,Study 5,oncology_phase2,96.6,95.5,1.1,Low,Low,Low,Low
Subject 2416,Site 291,0.0,0.0,0.0,0.0,Study 5,oncology_phase2,96.6,95.5,1.1,Low,Low,Low,Low
Subject 2417,Site 292,0.0,0.0,0.0,0.0,Study 5,oncology_phase2,96.6,95.5,1.1,Low,Low,Low,Low
Subject 2418,Site 292,0.0,0.0,0.0,0.0,Study 5,oncology_phase2,96.6,95.5,1.1,Low,Low,Low,Low
Subject 2419,Site 292,0.0,0.0,0.0,0.0,Study 5,oncology_phase2,96.6,95.5,1.1,Low,Low,Low,Low
Subject 2420,Site 292,0.0,0.0,0.0,0.0,Study 5,oncology_phase2,96.6,95.5,1.1,Low,Low,Low,Low
Subject 2421,Site 293,0.0,0.0,0.0,0.0,Study 5,oncology_phase2,96.6,95.5,1.1,Low,Low,Low,Low
Subject 2422,Site 294,0.0,0.0,0.0,0.0,Study 5,oncology_phase2,96.6,95.5,1.1,Low,Low,Low,Low
Subject 2423,Site 294,0.0,0.0,0.0,0.0,Study 5,oncology_phase2,96.6,95.5,1.1,Low,Low,Low,Low
Subject 2424,Site 294,0.0,0.0,0.0,0.0,Study 5,oncology_phase2,96.6,95.5,1.1,Low,Low,Low,Low
Subject 2425,Site 295,0.0,0.0,0.0,0.0,Study 5,oncology_phase2,96.6,95.5,1.1,Low,Low,Low,Low
Subject 2426,Site 295,0.0,0.0,0.0,0.0,Study 5,oncology_phase2,96.6,95.5,1.1,Low,Low,Low,Low
Subject 2427,Site 295,0.0,0.0,0.0,0.0,Study 5,oncology_phase2,96.6,95.5,1.1,Low,Low,Low,Low
Subject 2428,Site 295,0.0,0.0,0.0,0.0,Study 5,oncology_phase2,96.6,95.5,1.1,Low,Low,Low,Low
Subject 2429,Site 295,0.0,0.0,0.0,0.0,Study 5,oncology_phase2,96.6,95.5,1.1,Low,Low,Low,Low
Subject 2430,Site 295,0.0,0.0,0.0,0.0,Study 5,oncology_phase2,96.6,95.5,1.1,Low,Low,Low,Low
Subject 2431,Site 295,0.0,0.0,0.0,0.0,Study 5,oncology_phase2,96.6,95.5,1.1,Low,Low,Low,Low
Subject 2432,Site 295,0.0,0.0,0.0,0.0,Study 5,oncology_phase2,96.6,95.5,1.1,Low,Low,Low,Low
Subject 2433,Site 295,0.0,0.0,0.0,0.0,Study 5,oncology_phase2,96.6,95.5,1.1,Low,Low,Low,Low
Subject 2434,Site 296,0.0,0.0,0.0,0.0,Study 5,oncology_phase2,96.6,95.5,1.1,Low,Low,Low,Low
Subject 2435,Site 296,0.0,0.0,0.0,0.0,Study 5,oncology_phase2,96.6,95.5,1.1,Low,Low,Low,Low
Subject 2436,Site 297,0.0,0.0,0.0,0.0,Study 5,oncology_phase2,96.6,95.5,1.1,Low,Low,Low,Low
Subject 2437,Site 297,0.0,0.0,0.0,0.0,Study 5,oncology_phase2,96.6,95.5,1.1,Low,Low,Low,Low
Subject 2438,Site 297,0.0,0.0,0.0,0.0,Study 5,oncology_phase2,96.6,95.5,1.1,Low,Low,Low,Low
Subject 2439,Site 297,0.0,0.0,0.0,0.0,Study 5,oncology_phase2,96.6,95.5,1.1,Low,Low,Low,Low
Subject 2440,Site 297,0.0,0.0,0.0,0.0,Study 5,oncology_phase2,96.6,95.5,1.1,Low,Low,Low,Low
Subject 2441,Site 297,0.0,0.0,0.0,0.0,Study 5,oncology_phase2,96.6,95.5,1.1,Low,Low,Low,Low
Subject 2442,Site 297,0.0,0.0,0.0,0.0,Study 5,oncology_phase2,96.6,95.5,1.1,Low,Low,Low,Low
Subject 2443,Site 297,0.0,0.0,0.0,0.0,Study 5,oncology_phase2,96.6,95.5,1.1,Low,Low,Low,Low
Subject 2444,Site 297,0.0,0.0,0.0,0.0,Study 5,oncology_phase2,96.6,95.5,1.1,Low,Low,Low,Low
Subject 2445,Site 297,0.0,0.0,0.0,0.0,Study 5,oncology_phase2,96.6,95.5,1.1,Low,Low,Low,Low
Subject 2446,Site 297,0.0,0.0,0.0,0.0,Study 5,oncology_phase2,96.6,95.5,1.1,Low,Low,Low,Low
Subject 2447,Site 297,0.0,0.0,0.0,0.0,Study 5,oncology_phase2,96.6,95.5,1.1,Low,Low,Low,Low
Subject 2448,Site 297,0.0,0.0,0.0,0.0,Study 5,oncology_phase2,96.6,95.5,1.1,Low,Low,Low,Low
Subject 2449,Site 297,0.0,0.0,0.0,0.0,Study 5,oncology_phase2,96.6,95.5,1.1,Low,Low,Low,Low
Subject 2450,Site 297,0.0,0.0,0.0,0.0,Study 5,oncology_phase2,96.6,95.5,1.1,Low,Low,Low,Low
Subject 2451,Site 297,0.0,0.0,0.0,0.0,Study 5,oncology_phase2,96.6,95.5,1.1,Low,Low,Low,Low
Subject 2452,Site 297,0.0,0.0,0.0,0.0,Study 5,oncology_phase2,96.6,95.5,1.1,Low,Low,Low,Low
Subject 2453,Site 297,0.0,0.0,0.0,0.0,Study 5,oncology_phase2,96.6,95.5,1.1,Low,Low,Low,Low
Subject 2454,Site 297,0.0,0.0,0.0,0.0,Study 5,oncology_phase2,96.6,95.5,1.1,Low,Low,Low,Low
Subject 2455,Site 297,0.0,0.0,0.0,0.0,Study 5,oncology_phase2,96.6,95.5,1.1,Low,Low,Low,Low
Subject 2456,Site 297,0.0,0.0,0.0,0.0,Study 5,oncology_phase2,96.6,95.5,1.1,Low,Low,Low,Low
Subject 2457,Site 297,0.0,0.0,0.0,0.0,Study 5,oncology_phase2,96.6,95.5,1.1,Low,Low,Low,Low
Subject 2458,Site 297,0.0,0.0,0.0,0.0,Study 5,oncology_phase2,96.6,95.5,1.1,Low,Low,Low,Low
Subject 2459,Site 297,0.0,0.0,0.0,0.0,Study 5,oncology_phase2,96.6,95.5,1.1,Low,Low,Low,Low
Subject 2460,Site 297,0.0,0.0,0.0,0.0,Study 5,oncology_phase2,96.6,95.5,1.1,Low,Low,Low,Low
Subject 2461,Site 297,0.0,0.0,0.0,0.0,Study 5,oncology_phase2,96.6,95.5,1.1,Low,Low,Low,Low
Subject 2462,Site 297,0.0,0.0,0.0,0.0,Study 5,oncology_phase2,96.6,95.5,1.1,Low,Low,Low,Low
Subject 2463,Site 297,0.0,0.0,0.0,0.0,Study 5,oncology_phase2,96.6,95.5,1.1,Low,Low,Low,Low
Subject 2464,Site 298,0.0,0.0,0.0,0.0,Study 5,oncology_phase2,96.6,95.5,1.1,Low,Low,Low,Low
Subject 2465,Site 299,0.0,0.0,0.0,0.0,Study 5,oncology_phase2,96.6,95.5,1.1,Low,Low,Low,Low
Subject 2466,Site 299,0.0,0.0,0.0,0.0,Study 5,oncology_phase2,96.6,95.5,1.1,Low,Low,Low,Low
Subject 2467,Site 299,0.0,0.0,0.0,0.0,Study 5,oncology_phase2,96.6,95.5,1.1,Low,Low,Low,Low
Subject 2468,Site 299,0.0,0.0,0.0,0.0,Study 5,oncology_phase2,96.6,95.5,1.1,Low,Low,Low,Low
Subject 2469,Site 299,0.0,0.0,0.0,0.0,Study 5,oncology_phase2,96.6,95.5,1.1,Low,Low,Low,Low
Subject 2470,Site 299,0.0,0.0,0.0,0.0,Study 5,oncology_phase2,96.6,95.5,1.1,Low,Low,Low,Low
Subject 2471,Site 299,0.0,0.0,0.0,0.0,Study 5,oncology_phase2,96.6,95.5,1.1,Low,Low,Low,Low
Subject 2472,Site 299,0.0,0.0,0.0,0.0,Study 5,oncology_phase2,96.6,95.5,1.1,Low,Low,Low,Low
Subject 2473,Site 299,0.0,0.0,0.0,0.0,Study 5,oncology_phase2,96.6,95.5,1.1,Low,Low,Low,Low
Subject 2474,Site 299,0.0,0.0,0.0,0.0,Study 5,oncology_phase2,96.6,95.5,1.1,Low,Low,Low,Low
Subject 2475,Site 299,0.0,0.0,0.0,0.0,Study 5,oncology_phase2,96.6,95.5,1.1,Low,Low,Low,Low
Subject 2476,Site 299,0.0,0.0,0.0,0.0,Study 5,oncology_phase2,96.6,95.5,1.1,Low,Low,Low,Low
Subject 2477,Site 300,0.0,0.0,0.0,0.0,Study 5,oncology_phase2,96.6,95.5,1.1,Low,Low,Low,Low
Subject 2478,Site 300,0.0,0.0,0.0,0.0,Study 5,oncology_phase2,96.6,95.5,1.1,Low,Low,Low,Low
Subject 2479,Site 300,0.0,0.0,0.0,0.0,Study 5,oncology_phase2,96.6,95.5,1.1,Low,Low,Low,Low
Subject 2480,Site 300,0.0,0.0,0.0,0.0,Study 5,oncology_phase2,96.6,95.5,1.1,Low,Low,Low,Low
Subject 2481,Site 300,0.0,0.0,0.0,0.0,Study 5,oncology_phase2,96.6,95.5,1.1,Low,Low,Low,Low
Subject 2482,Site 300,0.0,0.0,0.0,0.0,Study 5,oncology_phase2,96.6,95.5,1.1,Low,Low,Low,Low
Subject 2483,Site 300,0.0,0.0,0.0,0.0,Study 5,oncology_phase2,96.6,95.5,1.1,Low,Low,Low,Low
Subject 2484,Site 300,0.0,0.0,0.0,0.0,Study 5,oncology_phase2,96.6,95.5,1.1,Low,Low,Low,Low
Subject 2485,Site 300,0.0,0.0,0.0,0.0,Study 5,oncology_phase2,96.6,95.5,1.1,Low,Low,Low,Low
Subject 2486,Site 300,0.0,0.0,0.0,0.0,Study 5,oncology_phase2,96.6,95.5,1.1,Low,Low,Low,Low
Subject 2487,Site 300,0.0,0.0,0.0,0.0,Study 5,oncology_phase2,96.6,95.5,1.1,Low,Low,Low,Low
Subject 2488,Site 300,0.0,0.0,0.0,0.0,Study 5,oncology_phase2,96.6,95.5,1.1,Low,Low,Low,Low
Subject 2489,Site 300,0.0,0.0,0.0,0.0,Study 5,oncology_phase2,96.6,95.5,1.1,Low,Low,Low,Low
Subject 2490,Site 300,0.0,0.0,0.0,0.0,Study 5,oncology_phase2,96.6,95.5,1.1,Low,Low,Low,Low
Subject 2491,Site 300,0.0,0.0,0.0,0.0,Study 5,oncology_phase2,96.6,95.5,1.1,Low,Low,Low,Low
Subject 2492,Site 300,0.0,0.0,0.0,0.0,Study 5,oncology_phase2,96.6,95.5,1.1,Low,Low,Low,Low
Subject 2493,Site 300,0.0,0.0,0.0,0.0,Study 5,oncology_phase2,96.6,95.5,1.1,Low,Low,Low,Low
Subject 2494,Site 300,0.0,0.0,0.0,0.0,Study 5,oncology_phase2,96.6,95.5,1.1,Low,Low,Low,Low
Subject 2495,Site 300,0.0,0.0,0.0,0.0,Study 5,oncology_phase2,96.6,95.5,1.1,Low,Low,Low,Low
Subject 2496,Site 300,0.0,0.0,0.0,0.0,Study 5,oncology_phase2,96.6,95.5,1.1,Low,Low,Low,Low
Subject 2497,Site 300,0.0,0.0,0.0,0.0,Study 5,oncology_phase2,96.6,95.5,1.1,Low,Low,Low,Low
Subject 2498,Site 300,0.0,0.0,0.0,0.0,Study 5,oncology_phase2,96.6,95.5,1.1,Low,Low,Low,Low
Subject 2499,Site 300,0.0,0.0,0.0,0.0,Study 5,oncology_phase2,96.6,95.5,1.1,Low,Low,Low,Low
Subject 2500,Site 300,0.0,0.0,0.0,0.0,Study 5,oncology_phase2,96.6,95.5,1.1,Low,Low,Low,Low
Subject 2501,Site 300,0.0,0.0,0.0,0.0,Study 5,oncology_phase2,96.6,95.5,1.1,Low,Low,Low,Low
Subject 2502,Site 300,0.0,0.0,0.0,0.0,Study 5,oncology_phase2,96.6,95.5,1.1,Low,Low,Low,Low
Subject 2503,Site 300,0.0,0.0,0.0,0.0,Study 5,oncology_phase2,96.6,95.5,1.1,Low,Low,Low,Low
Subject 2504,Site 300,0.0,0.0,0.0,0.0,Study 5,oncology_phase2,96.6,95.5,1.1,Low,Low,Low,Low
Subject 2505,Site 300,0.0,0.0,0.0,0.0,Study 5,oncology_phase2,96.6,95.5,1.1,Low,Low,Low,Low
Subject 2506,Site 300,0.0,0.0,0.0,0.0,Study 5,oncology_phase2,96.6,95.5,1.1,Low,Low,Low,Low
Subject 2507,Site 300,0.0,0.0,0.0,0.0,Study 5,oncology_phase2,96.6,95.5,1.1,Low,Low,Low,Low
Subject 2508,Site 300,0.0,0.0,0.0,0.0,Study 5,oncology_phase2,96.6,95.5,1.1,Low,Low,Low,Low
Subject 2509,Site 300,0.0,0.0,0.0,0.0,Study 5,oncology_phase2,96.6,95.5,1.1,Low,Low,Low,Low
Subject 2510,Site 300,0.0,0.0,0.0,0.0,Study 5,oncology_phase2,96.6,95.5,1.1,Low,Low,Low,Low
Subject 2511,Site 300,0.0,0.0,0.0,0.0,Study 5,oncology_phase2,96.6,95.5,1.1,Low,Low,Low,Low
Subject 2512,Site 300,0.0,0.0,1.0,0.0,Study 5,oncology_phase2,94.5,93.0,1.5,Low,Low,Low,Low
Subject 2513,Site 301,0.0,0.0,0.0,0.0,Study 5,oncology_phase2,96.6,95.5,1.1,Low,Low,Low,Low
Subject 2514,Site 301,0.0,0.0,0.0,0.0,Study 5,oncology_phase2,96.6,95.5,1.1,Low,Low,Low,Low
Subject 2515,Site 301,0.0,0.0,0.0,0.0,Study 5,oncology_phase2,96.6,95.5,1.1,Low,Low,Low,Low
Subject 2516,Site 302,0.0,0.0,0.0,0.0,Study 5,oncology_phase2,96.6,95.5,1.1,Low,Low,Low,Low
Subject 2517,Site 302,0.0,0.0,0.0,0.0,Study 5,oncology_phase2,96.6,95.5,1.1,Low,Low,Low,Low
Subject 2518,Site 302,0.0,0.0,0.0,0.0,Study 5,oncology_phase2,96.6,95.5,1.1,Low,Low,Low,Low
Subject 2519,Site 302,0.0,0.0,0.0,0.0,Study 5,oncology_phase2,96.6,95.5,1.1,Low,Low,Low,Low
Subject 2520,Site 302,0.0,0.0,0.0,0.0,Study 5,oncology_phase2,96.6,95.5,1.1,Low,Low,Low,Low
Subject 2521,Site 302,0.0,0.0,0.0,0.0,Study 5,oncology_phase2,96.6,95.5,1.1,Low,Low,Low,Low
Subject 2522,Site 302,0.0,0.0,0.0,0.0,Study 5,oncology_phase2,96.6,95.5,1.1,Low,Low,Low,Low
Subject 2523,Site 302,0.0,0.0,0.0,0.0,Study 5,oncology_phase2,96.6,95.5,1.1,Low,Low,Low,Low
Subject 2524,Site 302,0.0,0.0,0.0,0.0,Study 5,oncology_phase2,96.6,95.5,1.1,Low,Low,Low,Low
Subject 2525,Site 302,0.0,0.0,0.0,0.0,Study 5,oncology_phase2,96.6,95.5,1.1,Low,Low,Low,Low
Subject 2526,Site 302,0.0,0.0,0.0,0.0,Study 5,oncology_phase2,96.6,95.5,1.1,Low,Low,Low,Low
Subject 2527,Site 303,0.0,0.0,0.0,0.0,Study 5,oncology_phase2,96.6,95.5,1.1,Low,Low,Low,Low
Subject 2528,Site 303,0.0,0.0,0.0,0.0,Study 5,oncology_phase2,96.6,95.5,1.1,Low,Low,Low,Low
Subject 2529,Site 303,0.0,0.0,0.0,0.0,Study 5,oncology_phase2,96.6,95.5,1.1,Low,Low,Low,Low
Subject 2530,Site 303,0.0,0.0,0.0,0.0,Study 5,oncology_phase2,96.6,95.5,1.1,Low,Low,Low,Low
Subject 2531,Site 303,0.0,0.0,0.0,0.0,Study 5,oncology_phase2,96.6,95.5,1.1,Low,Low,Low,Low
Subject 2532,Site 303,0.0,0.0,0.0,0.0,Study 5,oncology_phase2,96.6,95.5,1.1,Low,Low,Low,Low
Subject 2533,Site 303,0.0,0.0,0.0,0.0,Study 5,oncology_phase2,96.6,95.5,1.1,Low,Low,Low,Low
Subject 2534,Site 303,0.0,0.0,0.0,0.0,Study 5,oncology_phase2,96.6,95.5,1.1,Low,Low,Low,Low
Subject 2535,Site 303,0.0,0.0,0.0,0.0,Study 5,oncology_phase2,96.6,95.5,1.1,Low,Low,Low,Low
Subject 2536,Site 303,0.0,0.0,0.0,0.0,Study 5,oncology_phase2,96.6,95.5,1.1,Low,Low,Low,Low
Subject 2537,Site 303,0.0,0.0,0.0,0.0,Study 5,oncology_phase2,96.6,95.5,1.1,Low,Low,Low,Low
Subject 2538,Site 303,0.0,0.0,0.0,0.0,Study 5,oncology_phase2,96.6,95.5,1.1,Low,Low,Low,Low
Subject 2539,Site 304,0.0,0.0,0.0,0.0,Study 5,oncology_phase2,96.6,95.5,1.1,Low,Low,Low,Low
Subject 2540,Site 304,0.0,0.0,0.0,0.0,Study 5,oncology_phase2,96.6,95.5,1.1,Low,Low,Low,Low
Subject 2541,Site 304,0.0,0.0,0.0,0.0,Study 5,oncology_phase2,96.6,95.5,1.1,Low,Low,Low,Low
Subject 2542,Site 305,0.0,0.0,0.0,0.0,Study 5,oncology_phase2,96.6,95.5,1.1,Low,Low,Low,Low
Subject 2543,Site 305,0.0,0.0,0.0,0.0,Study 5,oncology_phase2,96.6,95.5,1.1,Low,Low,Low,Low
Subject 2544,Site 305,0.0,0.0,0.0,0.0,Study 5,oncology_phase2,96.6,95.5,1.1,Low,Low,Low,Low
Subject 2545,Site 305,0.0,0.0,0.0,0.0,Study 5,oncology_phase2,96.6,95.5,1.1,Low,Low,Low,Low
Subject 2546,Site 306,0.0,0.0,0.0,0.0,Study 5,oncology_phase2,96.6,95.5,1.1,Low,Low,Low,Low
Subject 2547,Site 306,0.0,0.0,0.0,0.0,Study 5,oncology_phase2,96.6,95.5,1.1,Low,Low,Low,Low
Subject 2548,Site 306,0.0,0.0,0.0,0.0,Study 5,oncology_phase2,96.6,95.5,1.1,Low,Low,Low,Low
Subject 2549,Site 306,0.0,0.0,0.0,0.0,Study 5,oncology_phase2,96.6,95.5,1.1,Low,Low,Low,Low
Subject 2550,Site 306,0.0,0.0,0.0,0.0,Study 5,oncology_phase2,96.6,95.5,1.1,Low,Low,Low,Low
Subject 2551,Site 306,0.0,0.0,0.0,0.0,Study 5,oncology_phase2,96.6,95.5,1.1,Low,Low,Low,Low
Subject 2552,Site 306,0.0,0.0,0.0,0.0,Study 5,oncology_phase2,96.6,95.5,1.1,Low,Low,Low,Low
Subject 2553,Site 306,0.0,0.0,0.0,0.0,Study 5,oncology_phase2,96.6,95.5,1.1,Low,Low,Low,Low
Subject 2554,Site 306,0.0,0.0,0.0,0.0,Study 5,oncology_phase2,96.6,95.5,1.1,Low,Low,Low,Low
Subject 2555,Site 306,0.0,0.0,0.0,0.0,Study 5,oncology_phase2,96.6,95.5,1.1,Low,Low,Low,Low
Subject 2556,Site 306,0.0,0.0,0.0,0.0,Study 5,oncology_phase2,96.6,95.5,1.1,Low,Low,Low,Low
Subject 2557,Site 306,0.0,0.0,0.0,0.0,Study 5,oncology_phase2,96.6,95.5,1.1,Low,Low,Low,Low
Subject 2558,Site 306,0.0,0.0,0.0,0.0,Study 5,oncology_phase2,96.6,95.5,1.1,Low,Low,Low,Low
Subject 2559,Site 306,0.0,0.0,0.0,0.0,Study 5,oncology_phase2,96.6,95.5,1.1,Low,Low,Low,Low
Subject 2560,Site 306,0.0,0.0,0.0,0.0,Study 5,oncology_phase2,96.6,95.5,1.1,Low,Low,Low,Low
Subject 2561,Site 306,0.0,0.0,0.0,0.0,Study 5,oncology_phase2,96.6,95.5,1.1,Low,Low,Low,Low
Subject 2562,Site 306,0.0,0.0,0.0,0.0,Study 5,oncology_phase2,96.6,95.5,1.1,Low,Low,Low,Low
Subject 2563,Site 307,0.0,0.0,0.0,0.0,Study 5,oncology_phase2,96.6,95.5,1.1,Low,Low,Low,Low
Subject 2564,Site 307,0.0,0.0,0.0,0.0,Study 5,oncology_phase2,96.6,95.5,1.1,Low,Low,Low,Low
Subject 2565,Site 307,0.0,0.0,0.0,0.0,Study 5,oncology_phase2,96.6,95.5,1.1,Low,Low,Low,Low
Subject 2566,Site 307,0.0,0.0,0.0,0.0,Study 5,oncology_phase2,96.6,95.5,1.1,Low,Low,Low,Low
Subject 2567,Site 307,0.0,0.0,0.0,0.0,Study 5,oncology_phase2,96.6,95.5,1.1,Low,Low,Low,Low
Subject 2568,Site 307,0.0,0.0,0.0,0.0,Study 5,oncology_phase2,96.6,95.5,1.1,Low,Low,Low,Low
Subject 2569,Site 307,0.0,0.0,1.0,0.0,Study 5,oncology_phase2,94.5,93.0,1.5,Low,Low,Low,Low
Subject 2570,Site 307,0.0,0.0,1.0,0.0,Study 5,oncology_phase2,94.5,93.0,1.5,Low,Low,Low,Low
Subject 2571,Site 307,0.0,0.0,0.0,0.0,Study 5,oncology_phase2,96.6,95.5,1.1,Low,Low,Low,Low
Subject 2572,Site 307,0.0,0.0,0.0,0.0,Study 5,oncology_phase2,96.6,95.5,1.1,Low,Low,Low,Low
Subject 2573,Site 307,0.0,0.0,0.0,0.0,Study 5,oncology_phase2,96.6,95.5,1.1,Low,Low,Low,Low
Subject 2574,Site 307,0.0,0.0,0.0,0.0,Study 5,oncology_phase2,96.6,95.5,1.1,Low,Low,Low,Low
Subject 2575,Site 307,0.0,0.0,0.0,0.0,Study 5,oncology_phase2,96.6,95.5,1.1,Low,Low,Low,Low
Subject 2576,Site 307,0.0,0.0,0.0,0.0,Study 5,oncology_phase2,96.6,95.5,1.1,Low,Low,Low,Low
Subject 2577,Site 307,0.0,0.0,0.0,0.0,Study 5,oncology_phase2,96.6,95.5,1.1,Low,Low,Low,Low
Subject 2578,Site 308,0.0,0.0,0.0,0.0,Study 5,oncology_phase2,96.6,95.5,1.1,Low,Low,Low,Low
Subject 2579,Site 309,0.0,0.0,0.0,0.0,Study 5,oncology_phase2,96.6,95.5,1.1,Low,Low,Low,Low
Subject 2580,Site 310,0.0,0.0,0.0,0.0,Study 5,oncology_phase2,96.6,95.5,1.1,Low,Low,Low,Low
Subject 2581,Site 311,0.0,0.0,0.0,0.0,Study 5,oncology_phase2,96.6,95.5,1.1,Low,Low,Low,Low
Subject 2582,Site 312,0.0,0.0,0.0,0.0,Study 5,oncology_phase2,96.6,95.5,1.1,Low,Low,Low,Low
Subject 2583,Site 312,0.0,0.0,0.0,0.0,Study 5,oncology_phase2,96.6,95.5,1.1,Low,Low,Low,Low
Subject 2584,Site 313,0.0,0.0,0.0,0.0,Study 5,oncology_phase2,96.6,95.5,1.1,Low,Low,Low,Low
Subject 2585,Site 314,0.0,0.0,1.0,0.0,Study 5,oncology_phase2,94.5,93.0,1.5,Low,Low,Low,Low
Subject 1512,Site 165,0.0,0.0,0.0,0.0,Study 5,oncology_phase2,96.6,95.5,1.1,Low,Low,Low,Low
Subject 1513,Site 165,0.0,0.0,0.0,0.0,Study 5,oncology_phase2,96.6,95.5,1.1,Low,Low,Low,Low
Subject 2586,Site 165,0.0,0.0,0.0,0.0,Study 5,oncology_phase2,96.6,95.5,1.1,Low,Low,Low,Low
Subject 2587,Site 165,0.0,0.0,0.0,0.0,Study 5,oncology_phase2,96.6,95.5,1.1,Low,Low,Low,Low
Subject 2588,Site 165,0.0,0.0,0.0,0.0,Study 5,oncology_phase2,96.6,95.5,1.1,Low,Low,Low,Low
Subject 2589,Site 165,0.0,0.0,0.0,0.0,Study 5,oncology_phase2,96.6,95.5,1.1,Low,Low,Low,Low
Subject 2590,Site 165,0.0,0.0,0.0,0.0,Study 5,oncology_phase2,96.6,95.5,1.1,Low,Low,Low,Low
Subject 2591,Site 165,0.0,0.0,0.0,0.0,Study 5,oncology_phase2,96.6,95.5,1.1,Low,Low,Low,Low
Subject 2592,Site 315,0.0,0.0,0.0,0.0,Study 5,oncology_phase2,96.6,95.5,1.1,Low,Low,Low,Low
Subject 2593,Site 315,0.0,0.0,0.0,0.0,Study 5,oncology_phase2,96.6,95.5,1.1,Low,Low,Low,Low
Subject 2594,Site 315,0.0,0.0,0.0,0.0,Study 5,oncology_phase2,96.6,95.5,1.1,Low,Low,Low,Low
Subject 2595,Site 316,0.0,0.0,0.0,0.0,Study 5,oncology_phase2,96.6,95.5,1.1,Low,Low,Low,Low
Subject 2596,Site 316,0.0,0.0,0.0,0.0,Study 5,oncology_phase2,96.6,95.5,1.1,Low,Low,Low,Low
Subject 2597,Site 316,0.0,0.0,0.0,0.0,Study 5,oncology_phase2,96.6,95.5,1.1,Low,Low,Low,Low
Subject 2598,Site 316,0.0,0.0,0.0,0.0,Study 5,oncology_phase2,96.6,95.5,1.1,Low,Low,Low,Low
Subject 2599,Site 316,0.0,0.0,0.0,0.0,Study 5,oncology_phase2,96.6,95.5,1.1,Low,Low,Low,Low
Subject 2600,Site 316,0.0,0.0,0.0,0.0,Study 5,oncology_phase2,96.6,95.5,1.1,Low,Low,Low,Low
Subject 2601,Site 317,0.0,0.0,0.0,0.0,Study 5,oncology_phase2,96.6,95.5,1.1,Low,Low,Low,Low
Subject 2602,Site 317,0.0,0.0,0.0,0.0,Study 5,oncology_phase2,96.6,95.5,1.1,Low,Low,Low,Low
Subject 2603,Site 317,0.0,0.0,0.0,0.0,Study 5,oncology_phase2,96.6,95.5,1.1,Low,Low,Low,Low
Subject 2604,Site 317,0.0,0.0,0.0,0.0,Study 5,oncology_phase2,96.6,95.5,1.1,Low,Low,Low,Low
Subject 2605,Site 317,0.0,0.0,0.0,0.0,Study 5,oncology_phase2,96.6,95.5,1.1,Low,Low,Low,Low
Subject 2606,Site 317,0.0,0.0,0.0,0.0,Study 5,oncology_phase2,96.6,95.5,1.1,Low,Low,Low,Low
Subject 2607,Site 317,0.0,0.0,0.0,0.0,Study 5,oncology_phase2,96.6,95.5,1.1,Low,Low,Low,Low
Subject 2608,Site 317,0.0,0.0,0.0,0.0,Study 5,oncology_phase2,96.6,95.5,1.1,Low,Low,Low,Low
Subject 2609,Site 317,0.0,0.0,0.0,0.0,Study 5,oncology_phase2,96.6,95.5,1.1,Low,Low,Low,Low
Subject 2610,Site 317,0.0,0.0,0.0,0.0,Study 5,oncology_phase2,96.6,95.5,1.1,Low,Low,Low,Low
Subject 2611,Site 317,0.0,0.0,0.0,0.0,Study 5,oncology_phase2,96.6,95.5,1.1,Low,Low,Low,Low
Subject 2612,Site 318,0.0,0.0,0.0,0.0,Study 5,oncology_phase2,96.6,95.5,1.1,Low,Low,Low,Low
Subject 2613,Site 318,0.0,0.0,0.0,0.0,Study 5,oncology_phase2,96.6,95.5,1.1,Low,Low,Low,Low
Subject 2614,Site 318,0.0,0.0,0.0,0.0,Study 5,oncology_phase2,96.6,95.5,1.1,Low,Low,Low,Low
Subject 2615,Site 318,0.0,0.0,0.0,0.0,Study 5,oncology_phase2,96.6,95.5,1.1,Low,Low,Low,Low
Subject 2616,Site 318,0.0,0.0,0.0,0.0,Study 5,oncology_phase2,96.6,95.5,1.1,Low,Low,Low,Low
Subject 2617,Site 319,0.0,0.0,0.0,0.0,Study 5,oncology_phase2,96.6,95.5,1.1,Low,Low,Low,Low
Subject 2618,Site 320,0.0,0.0,0.0,0.0,Study 5,oncology_phase2,96.6,95.5,1.1,Low,Low,Low,Low
Subject 2619,Site 320,0.0,0.0,0.0,0.0,Study 5,oncology_phase2,96.6,95.5,1.1,Low,Low,Low,Low
Subject 2620,Site 320,0.0,0.0,0.0,0.0,Study 5,oncology_phase2,96.6,95.5,1.1,Low,Low,Low,Low
Subject 2621,Site 320,0.0,0.0,0.0,0.0,Study 5,oncology_phase2,96.6,95.5,1.1,Low,Low,Low,Low
Subject 2622,Site 320,0.0,0.0,0.0,0.0,Study 5,oncology_phase2,96.6,95.5,1.1,Low,Low,Low,Low
Subject 2623,Site 321,0.0,0.0,0.0,0.0,Study 5,oncology_phase2,96.6,95.5,1.1,Low,Low,Low,Low
Subject 2624,Site 321,0.0,0.0,0.0,0.0,Study 5,oncology_phase2,96.6,95.5,1.1,Low,Low,Low,Low
Subject 2625,Site 321,0.0,0.0,0.0,0.0,Study 5,oncology_phase2,96.6,95.5,1.1,Low,Low,Low,Low
Subject 2626,Site 322,0.0,0.0,0.0,0.0,Study 5,oncology_phase2,96.6,95.5,1.1,Low,Low,Low,Low
Subject 2627,Site 322,0.0,0.0,0.0,0.0,Study 5,oncology_phase2,96.6,95.5,1.1,Low,Low,Low,Low
Subject 2628,Site 322,0.0,0.0,0.0,0.0,Study 5,oncology_phase2,96.6,95.5,1.1,Low,Low,Low,Low
Subject 2629,Site 322,0.0,0.0,0.0,0.0,Study 5,oncology_phase2,96.6,95.5,1.1,Low,Low,Low,Low
Subject 2630,Site 322,0.0,0.0,1.0,0.0,Study 5,oncology_phase2,94.5,93.0,1.5,Low,Low,Low,Low
Subject 2631,Site 322,0.0,0.0,0.0,0.0,Study 5,oncology_phase2,96.6,95.5,1.1,Low,Low,Low,Low
Subject 2632,Site 322,0.0,0.0,0.0,0.0,Study 5,oncology_phase2,96.6,95.5,1.1,Low,Low,Low,Low
Subject 2633,Site 322,0.0,0.0,1.0,0.0,Study 5,oncology_phase2,94.5,93.0,1.5,Low,Low,Low,Low
Subject 2634,Site 322,0.0,0.0,0.0,0.0,Study 5,oncology_phase2,96.6,95.5,1.1,Low,Low,Low,Low
Subject 2635,Site 322,0.0,0.0,0.0,0.0,Study 5,oncology_phase2,96.6,95.5,1.1,Low,Low,Low,Low
Subject 2636,Site 322,0.0,0.0,0.0,0.0,Study 5,oncology_phase2,96.6,95.5,1.1,Low,Low,Low,Low
Subject 2637,Site 323,0.0,0.0,0.0,0.0,Study 5,oncology_phase2,96.6,95.5,1.1,Low,Low,Low,Low
Subject 2638,Site 324,0.0,0.0,0.0,0.0,Study 5,oncology_phase2,96.6,95.5,1.1,Low,Low,Low,Low
Subject 2639,Site 324,0.0,0.0,0.0,0.0,Study 5,oncology_phase2,96.6,95.5,1.1,Low,Low,Low,Low
Subject 2640,Site 324,0.0,0.0,0.0,0.0,Study 5,oncology_phase2,96.6,95.5,1.1,Low,Low,Low,Low
Subject 2641,Site 324,0.0,0.0,0.0,0.0,Study 5,oncology_phase2,96.6,95.5,1.1,Low,Low,Low,Low
Subject 2642,Site 324,0.0,0.0,0.0,0.0,Study 5,oncology_phase2,96.6,95.5,1.1,Low,Low,Low,Low
Subject 2643,Site 324,0.0,0.0,0.0,0.0,Study 5,oncology_phase2,96.6,95.5,1.1,Low,Low,Low,Low
Subject 2644,Site 324,0.0,0.0,0.0,0.0,Study 5,oncology_phase2,96.6,95.5,1.1,Low,Low,Low,Low
Subject 2645,Site 324,0.0,0.0,0.0,0.0,Study 5,oncology_phase2,96.6,95.5,1.1,Low,Low,Low,Low
Subject 2646,Site 324,0.0,0.0,0.0,0.0,Study 5,oncology_phase2,96.6,95.5,1.1,Low,Low,Low,Low
Subject 2647,Site 324,0.0,0.0,0.0,0.0,Study 5,oncology_phase2,96.6,95.5,1.1,Low,Low,Low,Low
Subject 63,Site 18,0.0,0.0,0.0,0.0,Study 5,oncology_phase2,96.6,95.5,1.1,Low,Low,Low,Low
Subject 64,Site 18,0.0,0.0,0.0,0.0,Study 5,oncology_phase2,96.6,95.5,1.1,Low,Low,Low,Low
Subject 65,Site 18,0.0,0.0,0.0,0.0,Study 5,oncology_phase2,96.6,95.5,1.1,Low,Low,Low,Low
Subject 66,Site 18,0.0,0.0,0.0,0.0,Study 5,oncology_phase2,96.6,95.5,1.1,Low,Low,Low,Low
Subject 67,Site 18,0.0,0.0,0.0,0.0,Study 5,oncology_phase2,96.6,95.5,1.1,Low,Low,Low,Low
Subject 68,Site 18,0.0,0.0,0.0,0.0,Study 5,oncology_phase2,96.6,95.5,1.1,Low,Low,Low,Low
Subject 77,Site 19,0.0,0.0,0.0,0.0,Study 5,oncology_phase2,96.6,95.5,1.1,Low,Low,Low,Low
Subject 78,Site 19,0.0,0.0,0.0,0.0,Study 5,oncology_phase2,96.6,95.5,1.1,Low,Low,Low,Low
Subject 2648,Site 325,0.0,0.0,0.0,0.0,Study 5,oncology_phase2,96.6,95.5,1.1,Low,Low,Low,Low
Subject 2649,Site 325,0.0,0.0,0.0,0.0,Study 5,oncology_phase2,96.6,95.5,1.1,Low,Low,Low,Low
Subject 2650,Site 325,0.0,0.0,0.0,0.0,Study 5,oncology_phase2,96.6,95.5,1.1,Low,Low,Low,Low
Subject 2651,Site 325,0.0,0.0,0.0,0.0,Study 5,oncology_phase2,96.6,95.5,1.1,Low,Low,Low,Low
Subject 2652,Site 326,0.0,0.0,0.0,0.0,Study 5,oncology_phase2,96.6,95.5,1.1,Low,Low,Low,Low
Subject 2653,Site 326,0.0,0.0,0.0,0.0,Study 5,oncology_phase2,96.6,95.5,1.1,Low,Low,Low,Low
Subject 2654,Site 326,0.0,0.0,0.0,0.0,Study 5,oncology_phase2,96.6,95.5,1.1,Low,Low,Low,Low
Subject 2655,Site 326,0.0,0.0,0.0,0.0,Study 5,oncology_phase2,96.6,95.5,1.1,Low,Low,Low,Low
Subject 2656,Site 326,0.0,0.0,0.0,0.0,Study 5,oncology_phase2,96.6,95.5,1.1,Low,Low,Low,Low
Subject 2657,Site 326,0.0,0.0,0.0,0.0,Study 5,oncology_phase2,96.6,95.5,1.1,Low,Low,Low,Low
Subject 2658,Site 326,0.0,0.0,0.0,0.0,Study 5,oncology_phase2,96.6,95.5,1.1,Low,Low,Low,Low
Subject 2659,Site 326,0.0,0.0,0.0,0.0,Study 5,oncology_phase2,96.6,95.5,1.1,Low,Low,Low,Low
Subject 2660,Site 326,0.0,0.0,0.0,0.0,Study 5,oncology_phase2,96.6,95.5,1.1,Low,Low,Low,Low
Subject 2661,Site 326,0.0,0.0,0.0,0.0,Study 5,oncology_phase2,96.6,95.5,1.1,Low,Low,Low,Low
Subject 2662,Site 326,0.0,0.0,0.0,0.0,Study 5,oncology_phase2,96.6,95.5,1.1,Low,Low,Low,Low
Subject 2663,Site 326,0.0,0.0,0.0,0.0,Study 5,oncology_phase2,96.6,95.5,1.1,Low,Low,Low,Low
Subject 1604,Site 179,0.0,0.0,0.0,0.0,Study 5,oncology_phase2,96.6,95.5,1.1,Low,Low,Low,Low
Subject 1605,Site 179,0.0,0.0,0.0,0.0,Study 5,oncology_phase2,96.6,95.5,1.1,Low,Low,Low,Low
Subject 1606,Site 179,0.0,0.0,0.0,0.0,Study 5,oncology_phase2,96.6,95.5,1.1,Low,Low,Low,Low
Subject 1607,Site 179,0.0,0.0,0.0,0.0,Study 5,oncology_phase2,96.6,95.5,1.1,Low,Low,Low,Low
Subject 2664,Site 327,0.0,0.0,0.0,0.0,Study 5,oncology_phase2,96.6,95.5,1.1,Low,Low,Low,Low
Subject 2665,Site 327,0.0,0.0,0.0,0.0,Study 5,oncology_phase2,96.6,95.5,1.1,Low,Low,Low,Low
Subject 2666,Site 327,0.0,0.0,0.0,0.0,Study 5,oncology_phase2,96.6,95.5,1.1,Low,Low,Low,Low
Subject 2667,Site 327,0.0,0.0,0.0,0.0,Study 5,oncology_phase2,96.6,95.5,1.1,Low,Low,Low,Low
Subject 2668,Site 328,0.0,0.0,0.0,0.0,Study 5,oncology_phase2,96.6,95.5,1.1,Low,Low,Low,Low
Subject 2669,Site 328,0.0,0.0,0.0,0.0,Study 5,oncology_phase2,96.6,95.5,1.1,Low,Low,Low,Low
Subject 1610,Site 180,0.0,0.0,0.0,0.0,Study 5,oncology_phase2,96.6,95.5,1.1,Low,Low,Low,Low
Subject 1614,Site 181,0.0,0.0,0.0,0.0,Study 5,oncology_phase2,96.6,95.5,1.1,Low,Low,Low,Low
Subject 2670,Site 181,0.0,0.0,0.0,0.0,Study 5,oncology_phase2,96.6,95.5,1.1,Low,Low,Low,Low
Subject 2671,Site 181,0.0,0.0,0.0,0.0,Study 5,oncology_phase2,96.6,95.5,1.1,Low,Low,Low,Low
Subject 2672,Site 181,0.0,0.0,0.0,0.0,Study 5,oncology_phase2,96.6,95.5,1.1,Low,Low,Low,Low
Subject 2673,Site 181,0.0,0.0,0.0,0.0,Study 5,oncology_phase2,96.6,95.5,1.1,Low,Low,Low,Low
Subject 2674,Site 181,0.0,0.0,0.0,0.0,Study 5,oncology_phase2,96.6,95.5,1.1,Low,Low,Low,Low
Subject 2675,Site 181,0.0,0.0,0.0,0.0,Study 5,oncology_phase2,96.6,95.5,1.1,Low,Low,Low,Low
Subject 2676,Site 181,0.0,0.0,0.0,0.0,Study 5,oncology_phase2,96.6,95.5,1.1,Low,Low,Low,Low
Subject 2677,Site 181,0.0,0.0,0.0,0.0,Study 5,oncology_phase2,96.6,95.5,1.1,Low,Low,Low,Low
Subject 2678,Site 181,0.0,0.0,0.0,0.0,Study 5,oncology_phase2,96.6,95.5,1.1,Low,Low,Low,Low
Subject 2679,Site 181,0.0,0.0,0.0,0.0,Study 5,oncology_phase2,96.6,95.5,1.1,Low,Low,Low,Low
Subject 2680,Site 181,0.0,0.0,0.0,0.0,Study 5,oncology_phase2,96.6,95.5,1.1,Low,Low,Low,Low
Subject 2681,Site 181,0.0,0.0,0.0,0.0,Study 5,oncology_phase2,96.6,95.5,1.1,Low,Low,Low,Low
Subject 2682,Site 181,0.0,0.0,0.0,0.0,Study 5,oncology_phase2,96.6,95.5,1.1,Low,Low,Low,Low
Subject 2683,Site 329,0.0,0.0,0.0,0.0,Study 5,oncology_phase2,96.6,95.5,1.1,Low,Low,Low,Low
Subject 2684,Site 329,0.0,0.0,0.0,0.0,Study 5,oncology_phase2,96.6,95.5,1.1,Low,Low,Low,Low
Subject 2685,Site 329,0.0,0.0,0.0,0.0,Study 5,oncology_phase2,96.6,95.5,1.1,Low,Low,Low,Low
Subject 2686,Site 329,0.0,0.0,0.0,0.0,Study 5,oncology_phase2,96.6,95.5,1.1,Low,Low,Low,Low
Subject 2687,Site 329,0.0,0.0,0.0,0.0,Study 5,oncology_phase2,96.6,95.5,1.1,Low,Low,Low,Low
Subject 2688,Site 329,0.0,0.0,0.0,0.0,Study 5,oncology_phase2,96.6,95.5,1.1,Low,Low,Low,Low
Subject 2689,Site 329,0.0,0.0,0.0,0.0,Study 5,oncology_phase2,96.6,95.5,1.1,Low,Low,Low,Low
Subject 2690,Site 329,0.0,0.0,0.0,0.0,Study 5,oncology_phase2,96.6,95.5,1.1,Low,Low,Low,Low
Subject 2691,Site 329,0.0,0.0,0.0,0.0,Study 5,oncology_phase2,96.6,95.5,1.1,Low,Low,Low,Low
Subject 2692,Site 329,0.0,0.0,0.0,0.0,Study 5,oncology_phase2,96.6,95.5,1.1,Low,Low,Low,Low
Subject 2693,Site 329,0.0,0.0,0.0,0.0,Study 5,oncology_phase2,96.6,95.5,1.1,Low,Low,Low,Low
Subject 2694,Site 329,0.0,0.0,0.0,0.0,Study 5,oncology_phase2,96.6,95.5,1.1,Low,Low,Low,Low
Subject 2695,Site 329,0.0,0.0,0.0,0.0,Study 5,oncology_phase2,96.6,95.5,1.1,Low,Low,Low,Low
Subject 2696,Site 329,0.0,0.0,0.0,0.0,Study 5,oncology_phase2,96.6,95.5,1.1,Low,Low,Low,Low
Subject 2697,Site 329,0.0,0.0,0.0,0.0,Study 5,oncology_phase2,96.6,95.5,1.1,Low,Low,Low,Low
Subject 2698,Site 329,0.0,0.0,0.0,0.0,Study 5,oncology_phase2,96.6,95.5,1.1,Low,Low,Low,Low
Subject 2699,Site 329,0.0,0.0,0.0,0.0,Study 5,oncology_phase2,96.6,95.5,1.1,Low,Low,Low,Low
Subject 2700,Site 329,0.0,0.0,0.0,0.0,Study 5,oncology_phase2,96.6,95.5,1.1,Low,Low,Low,Low
Subject 90,Site 24,0.0,0.0,0.0,0.0,Study 5,oncology_phase2,96.6,95.5,1.1,Low,Low,Low,Low
Subject 2701,Site 24,0.0,0.0,0.0,0.0,Study 5,oncology_phase2,96.6,95.5,1.1,Low,Low,Low,Low
Subject 2702,Site 24,0.0,0.0,0.0,0.0,Study 5,oncology_phase2,96.6,95.5,1.1,Low,Low,Low,Low
Subject 2703,Site 330,0.0,0.0,0.0,0.0,Study 5,oncology_phase2,96.6,95.5,1.1,Low,Low,Low,Low
Subject 2704,Site 331,0.0,0.0,0.0,0.0,Study 5,oncology_phase2,96.6,95.5,1.1,Low,Low,Low,Low
Subject 2705,Site 331,0.0,0.0,0.0,0.0,Study 5,oncology_phase2,96.6,95.5,1.1,Low,Low,Low,Low
Subject 2706,Site 331,0.0,0.0,0.0,0.0,Study 5,oncology_phase2,96.6,95.5,1.1,Low,Low,Low,Low
Subject 2707,Site 331,0.0,0.0,0.0,0.0,Study 5,oncology_phase2,96.6,95.5,1.1,Low,Low,Low,Low
Subject 2708,Site 331,0.0,0.0,0.0,0.0,Study 5,oncology_phase2,96.6,95.5,1.1,Low,Low,Low,Low
Subject 2709,Site 331,0.0,0.0,0.0,0.0,Study 5,oncology_phase2,96.6,95.5,1.1,Low,Low,Low,Low
Subject 1635,Site 187,0.0,0.0,0.0,0.0,Study 5,oncology_phase2,96.6,95.5,1.1,Low,Low,Low,Low
Subject 1636,Site 187,0.0,0.0,0.0,0.0,Study 5,oncology_phase2,96.6,95.5,1.1,Low,Low,Low,Low
Subject 2710,Site 187,0.0,0.0,0.0,0.0,Study 5,oncology_phase2,96.6,95.5,1.1,Low,Low,Low,Low
Subject 2711,Site 187,0.0,0.0,0.0,0.0,Study 5,oncology_phase2,96.6,95.5,1.1,Low,Low,Low,Low
Subject 2712,Site 187,0.0,0.0,0.0,0.0,Study 5,oncology_phase2,96.6,95.5,1.1,Low,Low,Low,Low
Subject 2713,Site 187,0.0,0.0,0.0,0.0,Study 5,oncology_phase2,96.6,95.5,1.1,Low,Low,Low,Low
Subject 1639,Site 189,0.0,0.0,0.0,0.0,Study 5,oncology_phase2,96.6,95.5,1.1,Low,Low,Low,Low
Subject 2714,Site 332,0.0,0.0,0.0,0.0,Study 5,oncology_phase2,96.6,95.5,1.1,Low,Low,Low,Low
Subject 2715,Site 332,0.0,0.0,0.0,0.0,Study 5,oncology_phase2,96.6,95.5,1.1,Low,Low,Low,Low
Subject 2716,Site 332,0.0,0.0,0.0,0.0,Study 5,oncology_phase2,96.6,95.5,1.1,Low,Low,Low,Low
Subject 2717,Site 332,0.0,0.0,0.0,0.0,Study 5,oncology_phase2,96.6,95.5,1.1,Low,Low,Low,Low
Subject 2718,Site 332,0.0,0.0,0.0,0.0,Study 5,oncology_phase2,96.6,95.5,1.1,Low,Low,Low,Low
Subject 2719,Site 333,0.0,0.0,0.0,0.0,Study 5,oncology_phase2,96.6,95.5,1.1,Low,Low,Low,Low
Subject 2720,Site 333,0.0,0.0,0.0,0.0,Study 5,oncology_phase2,96.6,95.5,1.1,Low,Low,Low,Low
Subject 2721,Site 333,0.0,0.0,1.0,0.0,Study 5,oncology_phase2,94.5,93.0,1.5,Low,Low,Low,Low
Subject 2722,Site 333,0.0,0.0,0.0,0.0,Study 5,oncology_phase2,96.6,95.5,1.1,Low,Low,Low,Low
Subject 2723,Site 333,0.0,0.0,0.0,0.0,Study 5,oncology_phase2,96.6,95.5,1.1,Low,Low,Low,Low
Subject 2724,Site 333,0.0,0.0,0.0,0.0,Study 5,oncology_phase2,96.6,95.5,1.1,Low,Low,Low,Low
Subject 2725,Site 333,0.0,0.0,0.0,0.0,Study 5,oncology_phase2,96.6,95.5,1.1,Low,Low,Low,Low
Subject 2726,Site 333,0.0,0.0,0.0,0.0,Study 5,oncology_phase2,96.6,95.5,1.1,Low,Low,Low,Low
Subject 2727,Site 333,0.0,0.0,0.0,0.0,Study 5,oncology_phase2,96.6,95.5,1.1,Low,Low,Low,Low
Subject 2728,Site 333,0.0,0.0,0.0,0.0,Study 5,oncology_phase2,96.6,95.5,1.1,Low,Low,Low,Low
Subject 2729,Site 334,0.0,0.0,0.0,0.0,Study 5,oncology_phase2,96.6,95.5,1.1,Low,Low,Low,Low
Subject 2730,Site 335,0.0,0.0,0.0,0.0,Study 5,oncology_phase2,96.6,95.5,1.1,Low,Low,Low,Low
Subject 2731,Site 335,0.0,0.0,0.0,0.0,Study 5,oncology_phase2,96.6,95.5,1.1,Low,Low,Low,Low
Subject 2732,Site 335,0.0,0.0,0.0,0.0,Study 5,oncology_phase2,96.6,95.5,1.1,Low,Low,Low,Low
Subject 2733,Site 335,0.0,0.0,1.0,0.0,Study 5,oncology_phase2,94.5,93.0,1.5,Low,Low,Low,Low
Subject 2734,Site 335,0.0,0.0,0.0,0.0,Study 5,oncology_phase2,96.6,95.5,1.1,Low,Low,Low,Low
Subject 2735,Site 335,0.0,0.0,0.0,0.0,Study 5,oncology_phase2,96.6,95.5,1.1,Low,Low,Low,Low
Subject 2736,Site 335,0.0,0.0,0.0,0.0,Study 5,oncology_phase2,96.6,95.5,1.1,Low,Low,Low,Low
Subject 2737,Site 335,0.0,0.0,0.0,0.0,Study 5,oncology_phase2,96.6,95.5,1.1,Low,Low,Low,Low
Subject 2738,Site 335,0.0,0.0,0.0,0.0,Study 5,oncology_phase2,96.6,95.5,1.1,Low,Low,Low,Low
Subject 2739,Site 336,0.0,0.0,0.0,0.0,Study 5,oncology_phase2,96.6,95.5,1.1,Low,Low,Low,Low
Subject 2740,Site 336,0.0,0.0,1.0,0.0,Study 5,oncology_phase2,94.5,93.0,1.5,Low,Low,Low,Low
Subject 2741,Site 336,0.0,0.0,0.0,0.0,Study 5,oncology_phase2,96.6,95.5,1.1,Low,Low,Low,Low
Subject 2742,Site 336,0.0,0.0,0.0,0.0,Study 5,oncology_phase2,96.6,95.5,1.1,Low,Low,Low,Low
Subject 2743,Site 336,0.0,0.0,0.0,0.0,Study 5,oncology_phase2,96.6,95.5,1.1,Low,Low,Low,Low
Subject 2744,Site 337,0.0,0.0,0.0,0.0,Study 5,oncology_phase2,96.6,95.5,1.1,Low,Low,Low,Low
Subject 2745,Site 337,0.0,0.0,2.0,0.0,Study 5,oncology_phase2,92.4,90.5,1.9,Low,Low,Low,Low
Subject 2746,Site 337,0.0,0.0,0.0,0.0,Study 5,oncology_phase2,96.6,95.5,1.1,Low,Low,Low,Low
Subject 2747,Site 337,0.0,0.0,0.0,0.0,Study 5,oncology_phase2,96.6,95.5,1.1,Low,Low,Low,Low
Subject 2748,Site 337,0.0,0.0,0.0,0.0,Study 5,oncology_phase2,96.6,95.5,1.1,Low,Low,Low,Low
Subject 2749,Site 338,0.0,0.0,0.0,0.0,Study 5,oncology_phase2,96.6,95.5,1.1,Low,Low,Low,Low
Subject 2750,Site 338,0.0,0.0,0.0,0.0,Study 5,oncology_phase2,96.6,95.5,1.1,Low,Low,Low,Low
Subject 2751,Site 338,0.0,0.0,1.0,0.0,Study 5,oncology_phase2,94.5,93.0,1.5,Low,Low,Low,Low
Subject 2752,Site 338,0.0,0.0,1.0,0.0,Study 5,oncology_phase2,94.5,93.0,1.5,Low,Low,Low,Low
Subject 2753,Site 338,0.0,0.0,0.0,0.0,Study 5,oncology_phase2,96.6,95.5,1.1,Low,Low,Low,Low
Subject 2754,Site 338,0.0,0.0,0.0,0.0,Study 5,oncology_phase2,96.6,95.5,1.1,Low,Low,Low,Low
Subject 2755,Site 338,0.0,0.0,0.0,0.0,Study 5,oncology_phase2,96.6,95.5,1.1,Low,Low,Low,Low
Subject 2756,Site 338,0.0,0.0,0.0,0.0,Study 5,oncology_phase2,96.6,95.5,1.1,Low,Low,Low,Low
Subject 2757,Site 338,0.0,0.0,0.0,0.0,Study 5,oncology_phase2,96.6,95.5,1.1,Low,Low,Low,Low
Subject 2758,Site 338,0.0,0.0,0.0,0.0,Study 5,oncology_phase2,96.6,95.5,1.1,Low,Low,Low,Low
Subject 2759,Site 338,0.0,0.0,0.0,0.0,Study 5,oncology_phase2,96.6,95.5,1.1,Low,Low,Low,Low
Subject 2760,Site 339,0.0,0.0,0.0,0.0,Study 5,oncology_phase2,96.6,95.5,1.1,Low,Low,Low,Low
Subject 2761,Site 339,0.0,0.0,0.0,0.0,Study 5,oncology_phase2,96.6,95.5,1.1,Low,Low,Low,Low
Subject 2762,Site 339,0.0,0.0,0.0,0.0,Study 5,oncology_phase2,96.6,95.5,1.1,Low,Low,Low,Low
Subject 2763,Site 340,0.0,0.0,0.0,0.0,Study 5,oncology_phase2,96.6,95.5,1.1,Low,Low,Low,Low
Subject 2764,Site 340,0.0,0.0,0.0,0.0,Study 5,oncology_phase2,96.6,95.5,1.1,Low,Low,Low,Low
Subject 2765,Site 340,0.0,0.0,0.0,0.0,Study 5,oncology_phase2,96.6,95.5,1.1,Low,Low,Low,Low
Subject 2766,Site 340,0.0,0.0,0.0,0.0,Study 5,oncology_phase2,96.6,95.5,1.1,Low,Low,Low,Low
Subject 2767,Site 340,0.0,0.0,0.0,0.0,Study 5,oncology_phase2,96.6,95.5,1.1,Low,Low,Low,Low
Subject 2768,Site 340,0.0,0.0,0.0,0.0,Study 5,oncology_phase2,96.6,95.5,1.1,Low,Low,Low,Low
Subject 2769,Site 341,0.0,0.0,0.0,0.0,Study 5,oncology_phase2,96.6,95.5,1.1,Low,Low,Low,Low
Subject 2770,Site 342,0.0,0.0,0.0,0.0,Study 5,oncology_phase2,96.6,95.5,1.1,Low,Low,Low,Low
Subject 2771,Site 343,0.0,0.0,0.0,0.0,Study 5,oncology_phase2,96.6,95.5,1.1,Low,Low,Low,Low
Subject 2772,Site 343,0.0,0.0,0.0,0.0,Study 5,oncology_phase2,96.6,95.5,1.1,Low,Low,Low,Low
Subject 1668,Site 191,0.0,0.0,0.0,0.0,Study 5,oncology_phase2,96.6,95.5,1.1,Low,Low,Low,Low
Subject 1669,Site 191,0.0,0.0,0.0,0.0,Study 5,oncology_phase2,96.6,95.5,1.1,Low,Low,Low,Low
Subject 1670,Site 191,0.0,0.0,0.0,0.0,Study 5,oncology_phase2,96.6,95.5,1.1,Low,Low,Low,Low
Subject 1671,Site 191,0.0,0.0,0.0,0.0,Study 5,oncology_phase2,96.6,95.5,1.1,Low,Low,Low,Low
Subject 1672,Site 191,0.0,0.0,0.0,0.0,Study 5,oncology_phase2,96.6,95.5,1.1,Low,Low,Low,Low
Subject 1673,Site 191,0.0,0.0,0.0,0.0,Study 5,oncology_phase2,96.6,95.5,1.1,Low,Low,Low,Low
Subject 1674,Site 191,0.0,0.0,0.0,0.0,Study 5,oncology_phase2,96.6,95.5,1.1,Low,Low,Low,Low
Subject 1675,Site 191,0.0,0.0,0.0,0.0,Study 5,oncology_phase2,96.6,95.5,1.1,Low,Low,Low,Low
Subject 1676,Site 191,0.0,0.0,0.0,0.0,Study 5,oncology_phase2,96.6,95.5,1.1,Low,Low,Low,Low
Subject 1677,Site 191,0.0,0.0,0.0,0.0,Study 5,oncology_phase2,96.6,95.5,1.1,Low,Low,Low,Low
Subject 1678,Site 191,0.0,0.0,0.0,0.0,Study 5,oncology_phase2,96.6,95.5,1.1,Low,Low,Low,Low
Subject 1689,Site 192,0.0,0.0,0.0,0.0,Study 5,oncology_phase2,96.6,95.5,1.1,Low,Low,Low,Low
Subject 1690,Site 192,0.0,0.0,0.0,0.0,Study 5,oncology_phase2,96.6,95.5,1.1,Low,Low,Low,Low
Subject 1691,Site 192,0.0,0.0,0.0,0.0,Study 5,oncology_phase2,96.6,95.5,1.1,Low,Low,Low,Low
Subject 1692,Site 192,0.0,0.0,0.0,0.0,Study 5,oncology_phase2,96.6,95.5,1.1,Low,Low,Low,Low
Subject 1693,Site 192,0.0,0.0,0.0,0.0,Study 5,oncology_phase2,96.6,95.5,1.1,Low,Low,Low,Low
Subject 2773,Site 192,0.0,0.0,0.0,0.0,Study 5,oncology_phase2,96.6,95.5,1.1,Low,Low,Low,Low
Subject 2774,Site 192,0.0,0.0,0.0,0.0,Study 5,oncology_phase2,96.6,95.5,1.1,Low,Low,Low,Low
Subject 2775,Site 192,0.0,0.0,0.0,0.0,Study 5,oncology_phase2,96.6,95.5,1.1,Low,Low,Low,Low
Subject 2776,Site 192,0.0,0.0,0.0,0.0,Study 5,oncology_phase2,96.6,95.5,1.1,Low,Low,Low,Low
Subject 2777,Site 192,0.0,0.0,0.0,0.0,Study 5,oncology_phase2,96.6,95.5,1.1,Low,Low,Low,Low
Subject 2778,Site 192,0.0,0.0,0.0,0.0,Study 5,oncology_phase2,96.6,95.5,1.1,Low,Low,Low,Low
Subject 91,Site 25,0.0,0.0,0.0,0.0,Study 5,oncology_phase2,96.6,95.5,1.1,Low,Low,Low,Low
Subject 92,Site 25,0.0,0.0,0.0,0.0,Study 5,oncology_phase2,96.6,95.5,1.1,Low,Low,Low,Low
Subject 1694,Site 25,0.0,0.0,0.0,0.0,Study 5,oncology_phase2,96.6,95.5,1.1,Low,Low,Low,Low
Subject 1695,Site 25,0.0,0.0,0.0,0.0,Study 5,oncology_phase2,96.6,95.5,1.1,Low,Low,Low,Low
Subject 1696,Site 25,0.0,0.0,0.0,0.0,Study 5,oncology_phase2,96.6,95.5,1.1,Low,Low,Low,Low
Subject 1697,Site 25,0.0,0.0,0.0,0.0,Study 5,oncology_phase2,96.6,95.5,1.1,Low,Low,Low,Low
Subject 2779,Site 25,0.0,0.0,0.0,0.0,Study 5,oncology_phase2,96.6,95.5,1.1,Low,Low,Low,Low
Subject 1698,Site 193,0.0,0.0,0.0,0.0,Study 5,oncology_phase2,96.6,95.5,1.1,Low,Low,Low,Low
Subject 2780,Site 193,0.0,0.0,0.0,0.0,Study 5,oncology_phase2,96.6,95.5,1.1,Low,Low,Low,Low
Subject 2781,Site 193,0.0,0.0,0.0,0.0,Study 5,oncology_phase2,96.6,95.5,1.1,Low,Low,Low,Low
Subject 2782,Site 193,0.0,0.0,0.0,0.0,Study 5,oncology_phase2,96.6,95.5,1.1,Low,Low,Low,Low
Subject 2783,Site 193,0.0,0.0,0.0,0.0,Study 5,oncology_phase2,96.6,95.5,1.1,Low,Low,Low,Low
Subject 2784,Site 193,0.0,0.0,0.0,0.0,Study 5,oncology_phase2,96.6,95.5,1.1,Low,Low,Low,Low
Subject 2785,Site 193,0.0,0.0,0.0,0.0,Study 5,oncology_phase2,96.6,95.5,1.1,Low,Low,Low,Low
Subject 2786,Site 193,0.0,0.0,0.0,0.0,Study 5,oncology_phase2,96.6,95.5,1.1,Low,Low,Low,Low
Subject 2787,Site 193,0.0,0.0,0.0,0.0,Study 5,oncology_phase2,96.6,95.5,1.1,Low,Low,Low,Low
Subject 2788,Site 193,0.0,0.0,0.0,0.0,Study 5,oncology_phase2,96.6,95.5,1.1,Low,Low,Low,Low
Subject 2789,Site 193,0.0,0.0,0.0,0.0,Study 5,oncology_phase2,96.6,95.5,1.1,Low,Low,Low,Low
Subject 2790,Site 193,0.0,0.0,0.0,0.0,Study 5,oncology_phase2,96.6,95.5,1.1,Low,Low,Low,Low
Subject 2791,Site 193,0.0,0.0,0.0,0.0,Study 5,oncology_phase2,96.6,95.5,1.1,Low,Low,Low,Low
Subject 2792,Site 193,0.0,0.0,0.0,0.0,Study 5,oncology_phase2,96.6,95.5,1.1,Low,Low,Low,Low
Subject 2793,Site 193,0.0,0.0,0.0,0.0,Study 5,oncology_phase2,96.6,95.5,1.1,Low,Low,Low,Low
Subject 2794,Site 344,0.0,0.0,0.0,0.0,Study 5,oncology_phase2,96.6,95.5,1.1,Low,Low,Low,Low
Subject 2795,Site 344,0.0,0.0,0.0,0.0,Study 5,oncology_phase2,96.6,95.5,1.1,Low,Low,Low,Low
Subject 2796,Site 344,0.0,0.0,0.0,0.0,Study 5,oncology_phase2,96.6,95.5,1.1,Low,Low,Low,Low
Subject 2797,Site 344,0.0,0.0,0.0,0.0,Study 5,oncology_phase2,96.6,95.5,1.1,Low,Low,Low,Low
Subject 2798,Site 344,0.0,0.0,0.0,0.0,Study 5,oncology_phase2,96.6,95.5,1.1,Low,Low,Low,Low
Subject 2799,Site 344,0.0,0.0,0.0,0.0,Study 5,oncology_phase2,96.6,95.5,1.1,Low,Low,Low,Low
Subject 2800,Site 344,0.0,0.0,0.0,0.0,Study 5,oncology_phase2,96.6,95.5,1.1,Low,Low,Low,Low
Subject 2801,Site 344,0.0,0.0,0.0,0.0,Study 5,oncology_phase2,96.6,95.5,1.1,Low,Low,Low,Low
Subject 2802,Site 344,0.0,0.0,0.0,0.0,Study 5,oncology_phase2,96.6,95.5,1.1,Low,Low,Low,Low
Subject 2803,Site 345,0.0,0.0,0.0,0.0,Study 5,oncology_phase2,96.6,95.5,1.1,Low,Low,Low,Low
Subject 2804,Site 345,0.0,0.0,0.0,0.0,Study 5,oncology_phase2,96.6,95.5,1.1,Low,Low,Low,Low
Subject 2805,Site 345,0.0,0.0,0.0,0.0,Study 5,oncology_phase2,96.6,95.5,1.1,Low,Low,Low,Low
Subject 2806,Site 345,0.0,0.0,0.0,0.0,Study 5,oncology_phase2,96.6,95.5,1.1,Low,Low,Low,Low
Subject 2807,Site 345,0.0,0.0,0.0,0.0,Study 5,oncology_phase2,96.6,95.5,1.1,Low,Low,Low,Low
Subject 2808,Site 345,0.0,0.0,0.0,0.0,Study 5,oncology_phase2,96.6,95.5,1.1,Low,Low,Low,Low
Subject 2809,Site 345,0.0,0.0,0.0,0.0,Study 5,oncology_phase2,96.6,95.5,1.1,Low,Low,Low,Low
Subject 1712,Site 196,0.0,0.0,0.0,0.0,Study 5,oncology_phase2,96.6,95.5,1.1,Low,Low,Low,Low
Subject 1713,Site 196,0.0,0.0,0.0,0.0,Study 5,oncology_phase2,96.6,95.5,1.1,Low,Low,Low,Low
Subject 1714,Site 196,0.0,0.0,0.0,0.0,Study 5,oncology_phase2,96.6,95.5,1.1,Low,Low,Low,Low
Subject 1715,Site 196,0.0,0.0,0.0,0.0,Study 5,oncology_phase2,96.6,95.5,1.1,Low,Low,Low,Low
Subject 1717,Site 197,0.0,0.0,0.0,0.0,Study 5,oncology_phase2,96.6,95.5,1.1,Low,Low,Low,Low
Subject 1718,Site 197,0.0,0.0,0.0,0.0,Study 5,oncology_phase2,96.6,95.5,1.1,Low,Low,Low,Low
Subject 1719,Site 197,0.0,0.0,0.0,0.0,Study 5,oncology_phase2,96.6,95.5,1.1,Low,Low,Low,Low
Subject 1720,Site 197,0.0,0.0,0.0,0.0,Study 5,oncology_phase2,96.6,95.5,1.1,Low,Low,Low,Low
Subject 1721,Site 197,0.0,0.0,0.0,0.0,Study 5,oncology_phase2,96.6,95.5,1.1,Low,Low,Low,Low
Subject 1722,Site 197,0.0,0.0,0.0,0.0,Study 5,oncology_phase2,96.6,95.5,1.1,Low,Low,Low,Low
Subject 2810,Site 197,0.0,0.0,0.0,0.0,Study 5,oncology_phase2,96.6,95.5,1.1,Low,Low,Low,Low
Subject 1723,Site 198,0.0,0.0,0.0,0.0,Study 5,oncology_phase2,96.6,95.5,1.1,Low,Low,Low,Low
Subject 1724,Site 198,0.0,0.0,0.0,0.0,Study 5,oncology_phase2,96.6,95.5,1.1,Low,Low,Low,Low
Subject 1725,Site 198,0.0,0.0,1.0,0.0,Study 5,oncology_phase2,94.5,93.0,1.5,Low,Low,Low,Low
Subject 1726,Site 198,0.0,0.0,0.0,0.0,Study 5,oncology_phase2,96.6,95.5,1.1,Low,Low,Low,Low
Subject 1744,Site 200,0.0,0.0,0.0,0.0,Study 5,oncology_phase2,96.6,95.5,1.1,Low,Low,Low,Low
Subject 1745,Site 200,0.0,0.0,0.0,0.0,Study 5,oncology_phase2,96.6,95.5,1.1,Low,Low,Low,Low
Subject 1746,Site 200,0.0,0.0,0.0,0.0,Study 5,oncology_phase2,96.6,95.5,1.1,Low,Low,Low,Low
Subject 1747,Site 200,0.0,0.0,0.0,0.0,Study 5,oncology_phase2,96.6,95.5,1.1,Low,Low,Low,Low
Subject 1748,Site 200,0.0,0.0,0.0,0.0,Study 5,oncology_phase2,96.6,95.5,1.1,Low,Low,Low,Low
Subject 1749,Site 200,0.0,0.0,0.0,0.0,Study 5,oncology_phase2,96.6,95.5,1.1,Low,Low,Low,Low
Subject 1750,Site 200,0.0,0.0,0.0,0.0,Study 5,oncology_phase2,96.6,95.5,1.1,Low,Low,Low,Low
Subject 1751,Site 200,0.0,0.0,0.0,0.0,Study 5,oncology_phase2,96.6,95.5,1.1,Low,Low,Low,Low
Subject 2811,Site 200,0.0,0.0,0.0,0.0,Study 5,oncology_phase2,96.6,95.5,1.1,Low,Low,Low,Low
Subject 2812,Site 200,0.0,0.0,0.0,0.0,Study 5,oncology_phase2,96.6,95.5,1.1,Low,Low,Low,Low
Subject 2813,Site 200,0.0,0.0,0.0,0.0,Study 5,oncology_phase2,96.6,95.5,1.1,Low,Low,Low,Low
Subject 2814,Site 346,0.0,0.0,0.0,0.0,Study 5,oncology_phase2,96.6,95.5,1.1,Low,Low,Low,Low
Subject 2815,Site 346,0.0,0.0,0.0,0.0,Study 5,oncology_phase2,96.6,95.5,1.1,Low,Low,Low,Low
Subject 2816,Site 346,0.0,0.0,0.0,0.0,Study 5,oncology_phase2,96.6,95.5,1.1,Low,Low,Low,Low
Subject 2817,Site 346,0.0,0.0,0.0,0.0,Study 5,oncology_phase2,96.6,95.5,1.1,Low,Low,Low,Low
Subject 2818,Site 346,0.0,0.0,0.0,0.0,Study 5,oncology_phase2,96.6,95.5,1.1,Low,Low,Low,Low
Subject 2819,Site 346,0.0,0.0,0.0,0.0,Study 5,oncology_phase2,96.6,95.5,1.1,Low,Low,Low,Low
Subject 2820,Site 346,0.0,0.0,0.0,0.0,Study 5,oncology_phase2,96.6,95.5,1.1,Low,Low,Low,Low
Subject 2821,Site 346,0.0,0.0,0.0,0.0,Study 5,oncology_phase2,96.6,95.5,1.1,Low,Low,Low,Low
Subject 2822,Site 347,0.0,0.0,0.0,0.0,Study 5,oncology_phase2,96.6,95.5,1.1,Low,Low,Low,Low
Subject 2823,Site 347,0.0,0.0,0.0,0.0,Study 5,oncology_phase2,96.6,95.5,1.1,Low,Low,Low,Low
Subject 2824,Site 347,0.0,0.0,0.0,0.0,Study 5,oncology_phase2,96.6,95.5,1.1,Low,Low,Low,Low
Subject 2825,Site 348,0.0,0.0,0.0,0.0,Study 5,oncology_phase2,96.6,95.5,1.1,Low,Low,Low,Low
Subject 2826,Site 348,0.0,0.0,0.0,0.0,Study 5,oncology_phase2,96.6,95.5,1.1,Low,Low,Low,Low
Subject 2827,Site 348,0.0,0.0,0.0,0.0,Study 5,oncology_phase2,96.6,95.5,1.1,Low,Low,Low,Low
Subject 2828,Site 348,0.0,0.0,0.0,0.0,Study 5,oncology_phase2,96.6,95.5,1.1,Low,Low,Low,Low
678,112,0.0,0.0,0.0,0.0,Study 5,oncology_phase2,96.6,95.5,1.1,Low,Low,Low,Low
Subject 380,Site 62,0.0,0.0,0.0,0.0,Study 6,cardiology_phase3,96.1,95.5,0.6,Low,Low,Low,Low
Subject 381,Site 62,0.0,0.0,0.0,0.0,Study 6,cardiology_phase3,96.1,95.5,0.6,Low,Low,Low,Low
Subject 382,Site 62,0.0,0.0,0.0,0.0,Study 6,cardiology_phase3,96.1,95.5,0.6,Low,Low,Low,Low
Subject 383,Site 62,0.0,0.0,0.0,0.0,Study 6,cardiology_phase3,96.1,95.5,0.6,Low,Low,Low,Low
Subject 384,Site 62,0.0,0.0,0.0,0.0,Study 6,cardiology_phase3,96.1,95.5,0.6,Low,Low,Low,Low
Subject 25,Site 14,0.0,0.0,0.0,0.0,Study 6,cardiology_phase3,96.1,95.5,0.6,Low,Low,Low,Low
Subject 26,Site 14,0.0,0.0,3.0,0.0,Study 6,cardiology_phase3,88.2,88.0,0.2,Low,Low,Low,Low
Subject 27,Site 14,0.0,0.0,1.0,0.0,Study 6,cardiology_phase3,93.5,93.0,0.5,Low,Low,Low,Low
Subject 28,Site 14,0.0,0.0,0.0,0.0,Study 6,cardiology_phase3,96.1,95.5,0.6,Low,Low,Low,Low
Subject 29,Site 14,0.0,0.0,0.0,0.0,Study 6,cardiology_phase3,96.1,95.5,0.6,Low,Low,Low,Low
Subject 30,Site 14,0.0,0.0,0.0,0.0,Study 6,cardiology_phase3,96.1,95.5,0.6,Low,Low,Low,Low
Subject 31,Site 14,0.0,0.0,0.0,0.0,Study 6,cardiology_phase3,96.1,95.5,0.6,Low,Low,Low,Low
Subject 32,Site 14,0.0,0.0,0.0,0.0,Study 6,cardiology_phase3,96.1,95.5,0.6,Low,Low,Low,Low
Subject 33,Site 14,0.0,0.0,0.0,0.0,Study 6,cardiology_phase3,96.1,95.5,0.6,Low,Low,Low,Low
Subject 34,Site 14,0.0,0.0,0.0,0.0,Study 6,cardiology_phase3,96.1,95.5,0.6,Low,Low,Low,Low
Subject 35,Site 14,0.0,0.0,0.0,0.0,Study 6,cardiology_phase3,96.1,95.5,0.6,Low,Low,Low,Low
Subject 36,Site 14,0.0,0.0,0.0,0.0,Study 6,cardiology_phase3,96.1,95.5,0.6,Low,Low,Low,Low
Subject 39,Site 15,0.0,0.0,2.0,0.0,Study 6,cardiology_phase3,90.8,90.5,0.3,Low,Low,Low,Low
Subject 40,Site 15,0.0,0.0,1.0,0.0,Study 6,cardiology_phase3,93.5,93.0,0.5,Low,Low,Low,Low
Subject 41,Site 15,0.0,0.0,1.0,0.0,Study 6,cardiology_phase3,93.5,93.0,0.5,Low,Low,Low,Low
Subject 42,Site 15,0.0,0.0,0.0,0.0,Study 6,cardiology_phase3,96.1,95.5,0.6,Low,Low,Low,Low
Subject 2829,Site 349,0.0,0.0,0.0,0.0,Study 6,cardiology_phase3,96.1,95.5,0.6,Low,Low,Low,Low
Subject 2830,Site 349,0.0,0.0,0.0,0.0,Study 6,cardiology_phase3,96.1,95.5,0.6,Low,Low,Low,Low
Subject 2831,Site 349,0.0,0.0,0.0,0.0,Study 6,cardiology_phase3,96.1,95.5,0.6,Low,Low,Low,Low
Subject 2832,Site 349,0.0,0.0,0.0,0.0,Study 6,cardiology_phase3,96.1,95.5,0.6,Low,Low,Low,Low
Subject 2833,Site 349,0.0,0.0,0.0,0.0,Study 6,cardiology_phase3,96.1,95.5,0.6,Low,Low,Low,Low
Subject 2834,Site 349,0.0,0.0,0.0,0.0,Study 6,cardiology_phase3,96.1,95.5,0.6,Low,Low,Low,Low
Subject 2835,Site 349,0.0,0.0,0.0,0.0,Study 6,cardiology_phase3,96.1,95.5,0.6,Low,Low,Low,Low
Subject 2836,Site 350,0.0,0.0,0.0,0.0,Study 6,cardiology_phase3,96.1,95.5,0.6,Low,Low,Low,Low
Subject 2837,Site 351,0.0,0.0,1.0,0.0,Study 6,cardiology_phase3,93.5,93.0,0.5,Low,Low,Low,Low
Subject 2838,Site 351,0.0,0.0,2.0,0.0,Study 6,cardiology_phase3,90.8,90.5,0.3,Low,Low,Low,Low
Subject 2839,Site 351,0.0,0.0,0.0,0.0,Study 6,cardiology_phase3,96.1,95.5,0.6,Low,Low,Low,Low
Subject 1512,Site 165,0.0,0.0,0.0,0.0,Study 6,cardiology_phase3,96.1,95.5,0.6,Low,Low,Low,Low
Subject 1513,Site 165,0.0,0.0,1.0,0.0,Study 6,cardiology_phase3,93.5,93.0,0.5,Low,Low,Low,Low
Subject 2586,Site 165,0.0,0.0,0.0,0.0,Study 6,cardiology_phase3,96.1,95.5,0.6,Low,Low,Low,Low
Subject 2587,Site 165,0.0,0.0,0.0,0.0,Study 6,cardiology_phase3,96.1,95.5,0.6,Low,Low,Low,Low
Subject 1520,Site 168,0.0,0.0,0.0,0.0,Study 6,cardiology_phase3,96.1,95.5,0.6,Low,Low,Low,Low
Subject 82,Site 20,0.0,0.0,0.0,0.0,Study 6,cardiology_phase3,96.1,95.5,0.6,Low,Low,Low,Low
Subject 1601,Site 20,0.0,0.0,0.0,0.0,Study 6,cardiology_phase3,96.1,95.5,0.6,Low,Low,Low,Low
Subject 1602,Site 20,0.0,0.0,0.0,0.0,Study 6,cardiology_phase3,96.1,95.5,0.6,Low,Low,Low,Low
Subject 1603,Site 20,0.0,0.0,0.0,0.0,Study 6,cardiology_phase3,96.1,95.5,0.6,Low,Low,Low,Low
Subject 2840,Site 20,0.0,0.0,0.0,0.0,Study 6,cardiology_phase3,96.1,95.5,0.6,Low,Low,Low,Low
Subject 2841,Site 20,0.0,0.0,0.0,0.0,Study 6,cardiology_phase3,96.1,95.5,0.6,Low,Low,Low,Low
Subject 2842,Site 20,0.0,0.0,0.0,0.0,Study 6,cardiology_phase3,96.1,95.5,0.6,Low,Low,Low,Low
Subject 1668,Site 191,0.0,0.0,0.0,0.0,Study 6,cardiology_phase3,96.1,95.5,0.6,Low,Low,Low,Low
Subject 1669,Site 191,0.0,0.0,0.0,0.0,Study 6,cardiology_phase3,96.1,95.5,0.6,Low,Low,Low,Low
Subject 2843,Site 352,0.0,0.0,0.0,0.0,Study 6,cardiology_phase3,96.1,95.5,0.6,Low,Low,Low,Low
Subject 1698,Site 193,0.0,0.0,0.0,0.0,Study 6,cardiology_phase3,96.1,95.5,0.6,Low,Low,Low,Low
Subject 2780,Site 193,0.0,0.0,0.0,0.0,Study 6,cardiology_phase3,96.1,95.5,0.6,Low,Low,Low,Low
Subject 2781,Site 193,0.0,0.0,0.0,0.0,Study 6,cardiology_phase3,96.1,95.5,0.6,Low,Low,Low,Low
Subject 1699,Site 194,0.0,0.0,0.0,0.0,Study 6,cardiology_phase3,96.1,95.5,0.6,Low,Low,Low,Low
Subject 1700,Site 194,0.0,0.0,0.0,0.0,Study 6,cardiology_phase3,96.1,95.5,0.6,Low,Low,Low,Low
Subject 2803,Site 345,0.0,0.0,0.0,0.0,Study 6,cardiology_phase3,96.1,95.5,0.6,Low,Low,Low,Low
53,14,0.0,0.0,0.0,0.0,Study 6,cardiology_phase3,96.1,95.5,0.6,Low,Low,Low,Low
